# Grange file: DP,source: winemaking.xlsm/DP,downloaded: 2019-11-28
Field Name,Type,Field No,Field Definition,Conversion Code,Column Heading,Output Format,Depth,Assoc,DESC,Key,Examples,Comment
@ID,D,0,,,Blend/Batch,21L,S,,BLEND/BATCH,,,
GRPNO,D,0,,,Blend / Batch,21L,S,,"Blend :""/"": Group  ie.  00MRP/138",,,
CNOTES,D,1,,,C/Note#,13L,M,CNOTES,Last Cellar operations note no.s  - multi valued since last time tank was MT,,,
STORESTACK,D,5,,,Barrel/ Stack,7R,M,DPMV,Store : @SV : Stack,,,
INUSE,D,7,,,In Use,5R,M,DPMV,"Stack in use flag -  ""*"" in use, "" "" empty, """" not ever used, ""-"" operation started but not yet updated",,,
CASKNO,D,8,,,Cask No,5R,M,DPMV,Cask No.,,,
DATE.IN,D,9,,,Date in Wood,8R,M,DPMV,"Date In Wood: DP file = DDMMYY, DP.FORT file = MMYY",,,
DIWOOD,D,9,,,Date in Wood,8R,M,DPMV,"Date In Wood: DP file = DDMMYY, DP.FORT file = MMYY",,,
LASTOA,D,11,,,Last O/A,6R,M,DPMV,Last operations note no.,,,
VOLUME,D,12,,MD00P,Volume,7R,M,SS,Volume,,,
AVGVOL,D,13,,MD10P,Average Volume,10R,M,DPMV,Average Volume,,,
WINERY.CODE,D,14,,,Winery Code,2L,S,,Winery Code,,,
ALLOC.ID,I,,"'SW*':@ID;TRANS(BWALLOC,@1,'@ID','X')",,Allocation Id,10L,S,,,,,
BATCH,I,,"FIELD(@ID,'/',2)",,BATCH NO,7R,S,,,,,
BATCH.DESC,I,,"TRANS(MBATCH,BATCH,'BATCH.DESC','X')",,Batch Description,30L,S,,Batch Description,,,
BLEND,I,,"FIELD(@ID,'/',1)",,Blend,12L,S,,Blend code,,,
BLENDESCP,I,,"TRANS(MBLEND,BLEND,'BLENDESCP','X')",,BLEND DESCRIPTION,30T,S,,Blend description,,,
BWA.ID,I,,"TRANS(BWALLOC,('SW*':@ID),VOLUME,'X')",,,23L,S,,,,,
BWALLOC.ID,I,,"'SW*':@ID;TRANS(BWALLOC,@1,@ID,'X')",,,10L,S,,,,,
CASK.RANGE,I,,"SUBR(SUBR.PENBW:'DP.FORT.SUB',STORESTACK,INUSE,CASKNO,DATE.IN,AVGVOL,'1')",,Cask Range,7L,M,CASK.RANGE,Cask number range of inuse casks for a store/stack,,,
CASK.RANGE.AV,I,,"SUBR(SUBR.PENBW:'DP.FORT.SUB',STORESTACK,INUSE,CASKNO,DATE.IN,AVGVOL,'4')",,Ave Vol,6R,M,CASK.RANGE,average volume related to a cask number range,,,
CASK.RANGE.DI,I,,"SUBR(SUBR.PENBW:'DP.FORT.SUB',STORESTACK,INUSE,CASKNO,DATE.IN,AVGVOL,'3')",D2/,Date in Wood,8R,M,CASK.RANGE,Date in wood related to a cask number range,,,
CASK.RANGE.SS,I,,"SUBR(SUBR.PENBW:'DP.FORT.SUB',STORESTACK,INUSE,CASKNO,DATE.IN,AVGVOL,'2')",,Store Stack,7L,M,CASK.RANGE,Store/Stack related to a cask number range,,,
CASK.RANGE.VOL,I,,"SUBR(SUBR.PENBW:'DP.FORT.SUB',STORESTACK,INUSE,CASKNO,DATE.IN,AVGVOL,'5')",MD10P,Cask Range Volume,10R,M,CASK.RANGE,volume related to a cask number range,,,
CASKNO.DP,I,,"SUBR('!IFS',INUSE,CASKNO,'')",,Cask No,5R,M,DPMV,Cask No.,,,
CASKNO.INUSE,I,,"SUBR(SUBR.PENBW:'PBWI983',INUSE,CASKNO)",,Cask No,5R,M,DPMV,Cask No.,,,
CASKNO.TW,I,,"SUBR('!ADDS',INUSE,REUSE(0)); SUBR('!IFS',@1,CASKNO,'')",,Cask No,5R,M,DPMV,Cask No.,,,
COUNT.INUSE,I,,"COUNT(INUSE,'*')",MD00P,No. in Use,5R,,,,,,
GROUP,I,,"FIELD(@ID,'/',2)",,Batch,7L,S,,Batch code,,,
ILEVEL,I,,"TRANS(MTANK,'SW*':@ID,ILEVEL,'X')",,Ilevel,4L,S,,Tank Inventory Level Code,,,
ITEM.PREF,I,,"TRANS(ILEVEL.XLATE,ILEVEL,ITEM.PREF,'X')",,Item Prefix,1L,S,,,,,
MTANK.BLEND,I,,"TRANS(MTANK,'SW*':@ID,TBLEND,'X')",,Tank Blend,10L,,,Tank Master Blend,,,
MTANK.STATUS,I,,"TRANS(MTANK,'SW*':@ID,TSTATUS,'X')",,Wine Status,5L,,,Tank Master Wine Status,,,
MTANK.VOLUME,I,,"TRANS(MTANK,'SW*':@ID,TDIP,'X')",MD00P,Tank Volume,10R,,,Tank master volume,,,
NUM.CASKS,I,,"SUBR(SUBR.PENBW:'PBWI983',INUSE,INUSE)",,Cask No,5R,M,DPMV,Cask No.,,,
PRODNO,I,,IF MTANK.BLEND = 'MT' THEN '' ELSE ITEM.PREF:MTANK.BLEND,,Fin Prod Number,14L,S,,,,,
QTY,I,,"SUBR(""*CONVERTS"",INUSE,""*"",1)",,Qty,5R,M,DPMV,Qty of hogsheads,,,
SF.TOTAL.VOLUME,I,,QTY*AVGVOL;SUM(@),MD00P,Total Volume,10R,,,Total Seppeltsfield volume,,,
SF.VOLUME,I,,QTY*AVGVOL,MD00P,Volume,10R,M,DPMV,,,,
SORT.CODE,I,,"FIELD(@ID,'/',1);IF LEN(@) GE 8 THEN @[5,3] ELSE @[4,3];IF @ = 'CHR' OR @ = 'SAB' THEN 1 ELSE IF @ = 'AOT' THEN 2 ELSE IF @ = 'CAS' THEN 3 ELSE 4",,Sort Code,1L,S,,G/W SORT CODE,,,
STACK,I,,"CONVERT(@SM,'*',STORESTACK);SUBR('!FIELDS',@,'*',2,1)",,Stack,3R,M,DPMV,,,,
STORE,I,,"CONVERT(@SM,'*',STORESTACK);SUBR('!FIELDS',@,'*',1,1)",,Barrel,3R,M,DPMV,,,,
STORE.CONV,I,,"CONVERT(@SM,'*',STORESTACK);SUBR('!FIELDS',@,'*',1,1)",,Barrel/ Stack,7R,M,DPMV,Store : @SV : Stack,,,
STORE.STACK,I,,"STORESTACK ; CONVERT(@SM,'*',@)",,,10L,M,SS,,,,
STORESTACK.DP,I,,"SUBR('!IFS',INUSE,STORESTACK,'')",,Barrel/ Stack,7R,M,DPMV,Store : @SV : Stack,,,
STORESTACK.INUSE,I,,"SUBR(SUBR.PENBW:'PBWI983',INUSE,STORESTACK)",,Barrel/ Stack,7R,M,DPMV,Store : @SV : Stack,,,
STORESTACK.TW,I,,"SUBR('!ADDS',INUSE,REUSE(0)); SUBR('!IFS',@1,STORESTACK,'')",,Barrel/ Stack,7R,M,DPMV,Store : @SV : Stack,,,
TANK.ID,I,,"'SW*':BLEND:'/':BATCH;TRANS(MTANK,@,@ID,'X')",,TANK NO,6T,S,,,,,
TOT.VOLUME,I,,SUM(VOLUME),MD10P,Total Vol,12R,S,,Total Volume,,,
VARIETY,I,,"FIELD(@ID,'/',1);IF LEN(@) GE 8 THEN @[5,3] ELSE  @[4,3]",,Variety,12L,S,,Variety code,,,
VINTAGE,I,,"@ID[2,2]",,Yr,2R,S,,Vintage,,,
VOL.DIFF,I,,"TRANS(MTANK,'SW*':@ID,TDIP,'X');QTY*AVGVOL;SUM(@);ABS(@1-@)",MD00P,Volume Diff,10R,,,Volume difference,,,
VOL.DIFF.OLD,I,,"TRANS(MTANK,'SW':@ID,TDIP,'X');QTY*AVGVOL;SUM(@);ABS(@1-@)",MD00P,Volume Diff,10R,,,Volume difference,,,
WINE.TYPE,I,,"@ID[3,3]",,Wine,3L,S,,Wine type,,,
WTYPE,I,,"CONVERT(@SM,'*',STORESTACK);SUBR('!FIELDS',@,'*',1,1)",,Barrel,10L,M,DPMV,,,,
@ENTRO,PH,,GRPNO     STORESTACK  INUSE CASKNO DIWOOD  LASTOA VOLUME AVGVOL,,,,,,FOR ENTRO DEFAULT FIELD LIST CREATED 18:41:16 19 NOV 1984,,,
DPMV,PH,,STORESTACK INUSE CASKNO LASTOA VOLUME AVGVOL DIWOOD QTY SF.VOLUME,,,,,,Cask Association,,,
JK.LIST,PH,,JK.STST INUSE CASKNO VOLUME AVGVOL DIWOOD,,,,,,Cask Association,,,
STMV,PH,,STACK STORE,,,,,,Cask Association,,,
