# Grange file: GRDOCKET,source: winemaking.xlsm/GRD,downloaded: 2019-11-28
Field Name,Type,Field No,Field Definition,Conversion Code,Column Heading,Output Format,Depth,Assoc,DESC,Key,Examples,Comment
@ID,D,0,,,GRDOCKET,13L,S,,Default record ID for RetrieVe,,,
HIST.SEQ,D,0,,,GRDOCKET.HIST,10R,S,,History file @ID (sequential number),,,
MCNOTE,D,0,,,CRUSH C/NOTE,9L,S,,Crush Cellar Note Number,,,
MDOCKET,D,1,,,G/RECPT DOCKETS,8L,M,DOCKET.QTY,Grape Receipt Dockets attached to this Crush Note,,,
MGRQTY,D,2,,MD20P,DELIV QTY,8R,M,DOCKET.QTY,Grape Receipt Docket Tonnages,,,
SOURCE,D,3,,,SOURCE AREA,3T,M,SOURCE.QTY,Source Areas attached to this Crush Note,,,
SOURCE.OLD,D,3,,,SOURCE AREA,1T,M,SOURCE.QTY,Source Areas attached to this Crush Note,,,
SRQTY,D,4,,MD20P,DELIV QTY,8R,M,SOURCE.QTY,Source Area Tonnages,,,
VARIETY,D,5,,,VARIETY,3T,M,VARIETY.QTY,Varieties attached to this Crush Note,,,
VARQTY,D,6,,MD20P,DELIV QTY,8R,M,VARIETY.QTY,Variety Tonnages,,,
VARSOURCE,D,7,,,VAR/SOURCE,4T,M,VARSOURCE.Q TY,Variety/Source attached to this Crush Note,,,
VSQTY,D,8,,MD20P,DELIV QTY,8R,M,VARSOURCE.Q TY,Variety/Source Tonnages,,,
TOTALQTY,D,9,,MD20P,TOTAL TONNAGE,8R,S,,Total Tonnage Delivered against this Crush Note,,,
UPDATE,D,10,,,UPDATE FLAG,1T,S,,Flag to denote if Grape Receipt Details have been updated,,,
VARPRSRCE,D,11,,,VAR PRICE SOURCE,5L,M,VARPRSRCE,Variety/Price code/Source,,,
VPSTONNES,D,12,,MD20P,VAR/PR SOURCE TONNES,8R,M,VARPRSRCE,Variety/Price/Source Tonnes,,,
CART.PAYMENT,D,13,,MD20P,CARTAGE PAYMENTS,9R,M,VARPRSRCE,Cartage Payments against Grape Receipt Dockets,,,
HIST.KEY,D,14,,,Crushnote * Year,12L,S,,@ID * YY Used as secondary index key on history file,,,
WINERY.CODE,D,15,,,Winery Code,2L,S,,Winery code,,,
VINTAGE,D,16,,,Vintage,4R,S,,Vintage Year,,,
ACTIVITY,I,,"TRANS(GRAPERECPT,MDOCKET,'ACTIVITY','X')",,Receipt Activity,1L,M,DOCKET.QTY,"Record activity code   "" "" - Active   ""D"" - Delete   ""C"" - Cancelled  ""P"" - Partially completed",,,
AUD.BREAK,I,,IF AUD.CODE = 1 THEN 1 ELSE IF AUD.CODE = 3 THEN 1 ELSE IF AUD.CODE = 2 THEN 2 ELSE 2,,,1L,S,,Group deletions and before images together and creations and after images together,,,
AUD.CHIT,I,,"FIELD(@ID,'*',4);FIELD(@1,'|',1);FIELD(@2,'-',1)",,AUDIT CHIT,10L,S,,Audit Chit,,,
AUD.CODE,I,,"FIELD(@ID,'*',5 )",,AUDIT CODE,1R,S,,Audit code,,,
AUD.DATE,I,,"FIELD(@ID,'*',2)",D2/,Audit Date,8R,S,,Audit date,,,
AUD.DESC,I,,"FIELD('Deleted*Created*Before*After','*',AUD.CODE,1)",,Audit Type,8L,S,,Audit description,,,
AUD.SEQNO,I,,"FIELD(@ID,'*',1)",,AUDIT SEQNO,6R,S,,Audit Sequence number,,,
AUD.TIME,I,,"FIELD(@ID,'*',3)",MTS,AUDIT TIME,8R,S,,Audit time,,,
AUD.USER,I,,"UPCASE(FIELD(@ID,'*',6))",,User,10L,S,,User name,,,
CHIT.ID,I,,"TRANS(CHIT,@ID,@ID,'X')",,CHIT Key,12R,S,,,,,
CNT,I,,1,,Count,6R,,,Tally used for reporting record occurrances,,,
CRSITE,I,,"TRANS(GRAPERECPT,MDOCKET,CRSITE,'X')",,CR}SITE,2L,M,DOCKET.QTY,,,,
CRUSHER,I,,"TRANS(GRAPERECPT,MDOCKET,CRUSHER,'X')",,PIT,2L,M,,,,,
DOC.AREA,I,,"TRANS(GRAPERECPT,MDOCKET,GRSOURCE,'X')",,SRC,3L,M,DOCKET.QTY,Source Area,,,
DOC.CONT.TYPE,I,,"TRANS(MGROWER,DOC.GROWER,CONTRACT.TYPE,'X')",,CONT}TYPE,2L,M,DOCKET.QTY,,,,
DOC.DATE,I,,"TRANS(GRAPERECPT,MDOCKET,RECDATE,'X')",D2/,REC DATE,8R,M,,,,,
DOC.GROSS,I,,"TRANS(GRAPERECPT,MDOCKET,GROSS,'X')",,GROSS TONNES,8R2,M,,,,,
DOC.GROWER,I,,"TRANS(GRAPERECPT,MDOCKET,GROWERID,'X')",,GROWER,6L,M,DOCKET.QTY,,,,
DOC.SOURCE,I,,"TRANS(GRAPERECPT,MDOCKET,GRSOURCE,'X')",,SRC,3T,M,,,,,
DOC.VAR,I,,"TRANS(GRAPERECPT,MDOCKET,VARIETY,'X')",,VAR,3L,M,,,,,
DOC.VAR.SOURCE,I,,"TRANS(GRAPERECPT,MDOCKET,VARIETY,'X');TRANS(GRAPERECPT,MDOCKET,GRSOURCE,'X');SUBR(""! CATS"",@1,@2)",,GRAPE VAR/SRC,5T,M,,,,,
HIST.MCNOTE,I,,"FIELD(HIST.KEY,'*',1)",,HIST MCNOTE,12L,S,,MCNOTE part of HIST.KEY,,,
JK.WINERY.CODE,I,,"TRANS(GRAPERECPT,MDOCKET,CRUSHER,'X');TRANS(CRUSHPIT,@,PITWINERY,'X');FIELD(@,@VM,1)",,JK.PIT WINERY,2L,S,,,,,
LENVAR,I,,LEN(VARIETY),MD00P,LEN VARIETY,8R,S,,LENGTH OF VARIETY FIELD,,,
MACTIV,I,,"TRANS(OPSMOVE,@ID,MACTIV,'X')",,CHIT ACTIV.,1L,S,,,,,
MACTIV.GLOBAL,I,,"SUBR(SUBR.PENBW:'PBWI1170',WINERY.CODE:'*' ,@ID,1)",,MACTIV,1L,S,,OPSMOVE MACTIV accessed globally,,,
MADATE,I,,"TRANS(OPSMOVE,@ID,MADATE,'X')",D2/,ACTUAL C/NOTE DATE,8R,S,,Date actual action started,,,
MADATE.GLOBAL,I,,"SUBR(SUBR.PENBW:'PBWI1170',WINERY.CODE:'*' ,@ID,4)",D2/,MADATE,8R,S,,OPSMOVE MADATE accessed globally,,,
MCNOTE10,I,,"MCNOTE[1,10]",,Chit Number,10L,S,,"First 10 char of MCNOTE, ie the CHIT number as opposed to the OPSMOVE number which has -nn on the end.",,,
MDOCKET.HIST,I,,"SUBR('!CATS',MDOCKET,REUSE('*':VINTAGE[2]))",,G/RECPT DOCKETS HIST,12L,M,DOCKET.QTY,GRAPERECPT.HIST KEY,,,
NAME,I,,"TRANS(DEF.SYS.USERS,AUD.USER,'NAME','X')",,Name,23L,,,User name,,,
NMDOCKET,I,,"IF MDOCKET THEN 1+COUNT(MDOCKET,@VM) ELSE 0",,No W/N,6R,,,Count number of weighnotes/crush note,,,
OPS.TONS,I,,"TRANS(OPSMOVE,@ID,MFBLEND,'X')",MD10P,OPS TONS,10R,M,,,,,
OPS.VAR,I,,"TRANS(OPSMOVE,@ID,MFTANK,'X')",,OPS VAR,5T,M,,,,,
SLOTNUM,I,,"TRANS(GRAPERECPT,MDOCKET,SLOTNUM,'X')",,Crush Slot,4R,M,DOCKET.QTY,crush slot number,,,
TBLEND,I,,"TRANS(OPSMOVE,MCNOTE,MTBLEND,'X')",,TO BLEND,12R,M,TO.TANKS,To Tanks Volume,,,
THIS.WINERY.CODE,I,,"SUBR(""*PBWI471"")",,This Winery Code,2L,S,,,,,
TOT.TVOLM,I,,"TRANS(OPSMOVE,MCNOTE,MTVOL,'X');TRANS(OPSMOVE,MCNOTE,MTVOLA,'X');@-@1;SUM(@)",MD10P,VOL MOVED,10R,S,,To Tanks Volume,,,
TOT.VPSTONNES,I,,SUM(VPSTONNES),MD20P,TOTAL VPS TONNES,8R,S,,Total Var/Price/Source Tonnes,,,
TOT.YIELD,I,,"TRANS(OPSMOVE,MCNOTE,MTVOL,'X');TRANS(OPSMOVE,MCNOTE,MTVOLA,'X');@-@1;SUM(@);IF TOTALQTY THEN @/TOTALQTY ELSE 0",MD10P,TOTAL YIELD,6R,S,,Total Yield Saved as TVOLM.O1 before W402040005,,,
TOT.YIELD.O1,I,,"TRANS(OPSMOVE,MCNOTE,MACTIV,'X'); IF @1 = 'A' AND TOTALQTY THEN (SUM(TRANS(OPSMOVE,MCNOTE,MTVOLA,'X')) - SUM(TRANS(OPSMOVE,MCNOTE,MTVOL,'X')))/TOTALQTY  ELSE 0",MD10P,TOTAL YIELD,6R,S,,Total Yield,,,
TTANKS,I,,"TRANS(OPSMOVE,MCNOTE,MTTANK,'X')",,TO TANKS,5T,M,TO.TANKS,,,,
TVOLM,I,,"TRANS(OPSMOVE,MCNOTE,@RECORD,'X');RAISE(@1); IF FIELD(@2,@FM,1) = 'A' THEN SUM(FIELD(@2,@FM,58)) - SUM(FIELD(@2,@FM,17)) ELSE 0",MD10P,VOL MOVED,10R,M,TO.TANKS,To Tanks Volume Saved as TVOLM.O1 before W402040005,,,
TVOLM.O1,I,,"TRANS(OPSMOVE,MCNOTE,MTVOL,'X');TRANS(OPSMOVE,MCNOTE,MTVOLA,'X');@-@1",MD10P,VOL MOVED,10R,M,TO.TANKS,To Tanks Volume,,,
TYIELD,I,,"TRANS(OPSMOVE,MCNOTE,MACTIV,'X'); IF @1 = 'A' AND TOTALQTY THEN (TRANS(OPSMOVE,MCNOTE,MTVOLA,'X')- TRANS(OPSMOVE,MCNOTE,MTVOL,'X'))/REUSE(TOTALQTY) ELSE 0",MD10P,TANK YIELD,6R,M,TO.TANKS,Tank Yield Saved as TVOLM.O1 before W402040005,,,
TYIELD.O1,I,,"TRANS(OPSMOVE,MCNOTE,MTVOL,'X');TRANS(OPSMOVE,MCNOTE,MTVOLA,'X');@-@1;IF TOTALQTY THEN @/REUSE(TOTALQTY) ELSE 0",MD10P,TANK YIELD,6R,M,TO.TANKS,Tank Yield,,,
VOL.PRODUCED,I,,"SUBR(SUBR.PENBW:'PBWI1170',WINERY.CODE:'*' ,@ID,87);SUM(@1)",MD10P,Volume Produced,10R,S,,Total volume produced from crushnote,,,
XREF.NOTE,I,,"TRANS(I.GRDOCKET,MDOCKET,MCNOTE,'X')",,XREF NOTE,9L,M,DOCKET.QTY,To I.GRDOCKET crush note number,,,
XREF.NOTE10,I,,"TRANS(I.GRDOCKET,MDOCKET,MCNOTE,'X') ;SUBR('!SUBSTRINGS',@,1,10)",,Xref Chit,10L,M,DOCKET.QTY,To I.GRDOCKET crush note number. Return only CHIT id part.,,,
YIELD.HLT,I,,"SUBR(SUBR.PENBW:'PBWI1170',WINERY.CODE:'*' ,@ID,87);SUM(@1); IF TOTALQTY THEN @2/TOTALQTY ELSE 0; IF @3 <  650 OR @3 > 800 THEN '<>' ELSE ''",,Yield Outside Reasonable,2L,S,,Highlight Total crushnote yield if outside reasonable range.,,,
YIELD.PRODUCED,I,,"SUBR(SUBR.PENBW:'PBWI1170',WINERY.CODE:'*' ,@ID,87);SUM(@1); IF TOTALQTY THEN @2/TOTALQTY ELSE 0",MD10P,Yield Produced,10R,S,,Total crushnote yield,,,
*,PH,,ID.SUP MCNOTE MDOCKET MGRQTY SOURCE SRQTY VARIETY VARQTY VARSOURCE VSQTY TOTALQTY UPDATE VARPRSRCE VPSTONNES CART.PAYMENT HIST.KEY WINERY.CODE VINTAGE,,,,,,List all fields,,,
@ENTRO,PH,,@ID MDOCKET MGRQTY SOURCE SRQTY VARIETY VARQTY VARSOURCE VSQTY TOTALQTY UPDATE,,,,,,FOR ENTRO DEFAULT FIELD LIST CREATED 14:40:35 28 NOV 1984,,,
DOCKET.QTY,PH,,BY @ID BREAK.ON @ID MDOCKET DOC.AREA DOC.VAR TOTAL MGRQTY ID.SUP,,,,,,Grape Receipt Docket & Tonnage Association,,,
SOURCE.QTY,PH,,SOURCE SRQTY,,,,,,Source Area & Tonnage Association,,,
TO.TANKS,PH,,TTANKS TOTAL TVOLM TYIELD TBLEND,,,,,,,,,
VARIETY.QTY,PH,,VARIETY VARQTY,,,,,,Variety & Tonnage Association,,,
VARSOURCE.QTY,PH,,VARSOURCE VSQTY,,,,,,Variety/Source & Tonnage Association,,,
