# Grange file: ITEM.MSTR,source: winemaking.xlsm/IM,downloaded: 2019-11-28
Field Name,Type,Field No,Field Definition,Conversion Code,Column Heading,Output Format,Depth,Assoc,DESC,Key,Examples,Comment
@ID,D,0,,,ITEM.MSTR,30L,S,,"SEQ * INTERNAL DATE * TIME * ITEM * UPD TYPE (UPD TYPE =  1-Delete, 2-Create, 3-Before, 4-After)",,,
CODE,D,0,,,Code,9L,S,,Default record ID for INFORM.,,,
ITEM.CODE,D,0,,,Item Code,12L,S,,Item code,,,
LONG.ID,D,0,,,ITEM MSTR,10L,S,,Default record ID for INFORM.,,,
LONG.PRODNO,D,0,,,ITEM MSTR,12L,S,,Default record ID for INFORM.,,,
PRODNO,D,0,,,Product No.,9T,S,,Product Number,,,
REPT.NAME,D,0,,,,30T,,,,,,
VICOMPCD,D,0,,,,9R,S,,Vint Plan,,,
PRODNAME,D,1,,,Product Name,30T,S,,Product Name Description,,,
PRODNAME.40,D,1,,,PRODUCT NAME,40L,S,,Product Name Description,,,
PROD,D,2,,,PRODUCT GROUP,3T,S,,,,,
PRODGP,D,2,,,PROD GROUP,3T,S,,Product Group Code,,,
PRODGP.CODE,D,2,,,PROD GROUP,3T,S,,Product Group Code,,,
PRODGP3W,D,2,,,PRD GRP,3T,S,,Product Group Code,,,
APN.CODE,D,3,,,APN Nos.,14L,M,APN,APN Code,,,
LRC1,D,4,,,STANDARD COST VARIABLE,10R,S,,Standard Cost - Variable,,,
SCOST.VAR,D,4,,MD40P,STANDARD COST VARIABLE,10R,S,,Standard Cost - Variable,,,
SCOST.VAR.DATE,D,5,,D2/,STD VAR COST DATE,8R,S,,Date of Last Standard Cost Variable Update,,,
STDDATE,D,5,,D2/,STANDARD COST DATE,8R,S,,Date of Last Standard Cost Update,,,
ACOST.VAR,D,6,,MD40P,ACTUAL COST VARIABLE,10R,S,,Actual Cost - Variable,,,
CC,D,6,,MD40P,CURRENT COST,10R,S,,Current Cost,,,
CURCOST,D,6,,MD40P,CURRENT COST,10R,S,,Current Cost,,,
ACOST.VAR.DATE,D,7,,D2/,CUR VAR COST DATE,8R,S,,Date of last Actual Cost Variable Update,,,
CURDATE,D,7,,D2/,CURRENT COST DATE,8R,S,,Date of last Current Cost Update,,,
UDESC,D,8,,,STOCK UNIT,4R,S,,"Unit Description - Stock Units (i.e. DOZ, EACH, etc.)",,,
UDESC1,D,8,,,UNIT,4R,S,,"Unit Description - Stock Units (i.e. DOZ, EACH, etc.)",,,
PROD.MANAGER,D,9,,,PRODUCT MANAGER,2T,S,,Product Manager,,,
AREACODE,D,10,,,Grape source area  code,3L,S,,grape source area code used for vintage planning,,,
BRAND.CODE,D,10,,,BRAND CODE,2T,S,,Brand Code,,,
BRAND.CODE2W,D,10,,,BD CD,2T,S,,Brand Code,,,
PROD.CODE,D,11,,,PROD SEQ CODE,3T,S,,Product seq code,,,
VARCODE,D,11,,,Grape variety,3L,S,,grape variety code used for vintage planning,,,
CRUSHLOC,D,12,,,Crush Location,2L,S,,crush location code used for vintage planning,,,
GROUP.CODE,D,12,,,CAT CODE,2T,S,,Group Code (Category),,,
GROUP.CODE2W,D,12,,,CT CD,2T,S,,Group Code  (Category),,,
JK.GROUP.CODE.ALTKEY,D,12,,,GROUP CODE,2T,S,,Group Code Alt. key,,,
EXTRATE,D,13,,,Extraction Rate,6R,S,,extraction rate used for vintage planning,,,
TYPE.CODE,D,13,,,TYPE CODE,3T,S,,Type Code,,,
TYPE.CODE3W,D,13,,,TYP CD,3T,S,,Type Code,,,
SIZE.CODE,D,14,,,SIZE CODE,2T,S,,Size Code,,,
SIZE.CODE2W,D,14,,,SZ CD,2T,S,,Size Code,,,
STATUS.CODE,D,15,,,STATUS,3T,S,,Status Code,,,
STATUS.CODE3W,D,15,,,STA,3T,S,,Status Code,,,
ZONECODE,D,15,,,Zone Code,3L,S,,zone code used for vintage planning,,,
VINTAGE,D,16,,,Vintage,2R,S,,Vintage Year (YY),,,
REJECT.PCT,D,17,,MD20P,REJECT PCT,5R,S,,Reject percentage for use in BOM costing & Standard issues,,,
SDESC,D,18,,,Size Descr,6T,S,,"Size Description - (eg 750ml, 2.00 etc)",,,
SDESC1,D,18,,,SIZE,6T,S,,"Size Description - (eg 750ml, 2.00 etc)",,,
LAST.COST.PUR,D,19,,MD20P,LAST COST,10R,M,LST.COST,Last cost of purchase,,,
LAST.COST.PUR4,D,19,,MD40P,LAST COST,10R,M,LST.COST,Last cost of purchase,,,
LAST.COST.DATE,D,20,,D2/,LAST COST DATE,8R,M,LST.COST,Date of Last Cost update,,,
ACTIV,D,21,,,ACTIV CODE,1T,S,,"Activity Code - 'D' - Flagged for Deletion, '' - Active, 'S' - Suspended",,,
UC,D,22,,,UNIT CODE,1T,S,,"Unit Code - D doz, B bulk, F each",,,
UNITCD,D,22,,,UNIT CODE,1T,S,,"Unit Code - D doz, B bulk, E each, C Case",,,
OK.TO.SELL,D,23,,,OK to Sell,1L,S,,OK to Sell Flag (Y or N),,,
DEP.CODE,D,24,,,Deposit Code,2L,S,,Deposit code,,,
PRICE,D,24,,MD20P,$ PRICE,7R,M,PRICES,Array of prices,,,
LAST.COST,D,25,,MD40P,LAST COST,10R,S,,"Cost of Product/Material when last purchased. (ONLY USED FOR ""DOWNLOAD COMPARISON"")",,,
M.AVGE.COST,D,26,,MD40P,MOVING AVG.COST,10R,S,,Moving Average Cost,,,
FCOST.VAR,D,27,,MD40P,FUTURE COST VARIABLE,10R,S,,Future Cost - Variable,,,
USER.COST,D,27,,MD40P,USER COST,10R,S,,User Defined Cost,,,
FCOST.TOT,D,28,,MD40P,FUTURE COST TOTAL,10R,S,,Future Cost - Total,,,
SERIES,D,29,,,,3R,S,,"Port Series number or Label placement (FR-front,etc) for RM",,,
S.TGP,D,30,,,S/TAX GROUP,1R,S,,"Sales Tax Group (A,B etc)",,,
SALES.TAX.CODE,D,30,,,S/TAX CODE,1R,S,,"Sales Tax Group (A,B etc)",,,
PROOF,D,31,,MD30P,PROOF FACTOR,5R,S,,Proof Factor - Litres to LALS,,,
BOT.CART,D,32,,MD00P,BOT. CTN.,3R,S,,Number of Bottles per Carton Stored,,,
LIT.FAC,D,33,,MD30P,LITRE FACTOR,9R,S,,Number of Litres per bottle / container,,,
LRC.LIT,D,33,,,LIT FAC,6R,S,,,,,
MARGINS,D,34,,MD30P,MARGIN,6R,S,,,,,
LFEE.CAT.CODE,D,35,,,L/FEE PROD CAT'G,2L,S,,Licence Fee Product Category Code File,,,
SCOST.TOT,D,36,,MD40P,STANDARD COST TOTAL,10R,S,,Standard Cost - Total,,,
DUTY.CODE.INT,D,37,,,DUTY CODE,2L,S,,Duty Code (UK/USA/NZ),,,
DUTY.CODE.UK,D,37,,,DUTY CODE,2L,S,,Duty Code (UK),,,
DUTYRATE,D,37,,MD40P,DUTY RATE,10R,S,,Duty rate,,,
W.H.INUSE,D,38,,,W/H IN USE,2R,M,,Ware Houses in Use,,,
NOT.STOCKED,D,39,,,NON STOCK FLAG,1T,S,,Non Stock Flag (Y) : 16/3/99  'N' = Not Saleable  '' = Saleable,,,
BOT.CART.SELL,D,40,,,CARTON SIZE SOLD,3R,S,,Number of Bottles per Carton - Sell,,,
SELL.UNIT,D,40,,MD00P,Sell Unit,4R,S,,Number of Bottles per Carton - Sell,,,
BOT.CART.PUR,D,41,,,CARTON SIZE PUR.,3R,S,,Number of Bottles per Carton,,,
VINEGAR.SGTH,D,42,,MD20P,VINEGAR STRENGTH,4R,S,,Vinegar strength,,,
SUB.PRODUCT.LIST,D,43,,,Related Products,14L,M,CONS,,,,
PROD.STAGE,D,44,,,Stage,1L,S,,"Set to C, A or null for a Concept, Approved, or Existing product",,,
NO.DISC,D,45,,,Cat Disc Allowed,1L,S,,Category Discount allowed on this product (N/),,,
PRODN.RATE,D,46,,MD0P,PRODN LINE RATE,8R,S,,Production line rate in Litres per hours,,,
PRODN.RATE.CD,D,46,,MD0P,PRODN LINE RATE,4R,S,,Production line rate in Litres per hours,,,
BOTT.CART.MANF,D,47,,,BOTT CART MANF,3R,S,,Bottles per Carton for Manufacture,,,
BOTLOC,D,48,,,BOTT LOC,2T,,,BOTTLING LOCATION,,,
ADW.WEIGHT,D,49,,,Weight/ Carton,9R,S,,Weight Per Carton in KG's,,,
WEIGHT,D,49,,MD20P,Weight/ Carton,9R,S,,Weight Per Carton in KG's,,,
WEIGHT.PRINT,D,49,,MD22P,Weight Per Carton in Kgs,13R,S,,Weight Per Carton in KG's,,,
CTN.PALLET,D,50,,MD0,Cartons /Pallet,6R,S,,Number of Cartons per Pallet,,,
MOULDNO,D,51,,MD00P,MOULD NO.,5R,S,,,,,
ALLOC.FLAG,D,52,,,ALLOC FLAG,1L,S,,Allocated Product Flag,,,
MAJOR.PRODUCT,D,53,,,MAJOR PROD FLAG,1T,S,,Major product flag,,,
MAJOR.PRODUCT.CODE,D,53,,,Master Product Code,14L,S,,,,,
BUS.UNIT,D,54,,,PS,2R,S,,Business unit code  (Price Segment),,,
BUS.UNIT2W,D,54,,,PS,2L,S,,Business unit code (Price Segment),,,
PRICE.SEG,D,54,,,PS,2R,S,,Price Segment Code,,,
DATE.CREATED,D,55,,D2/,DATE CREATED,8R,S,,Date Record created,,,
DATE.MAINT,D,56,,D2/,DATE MODIFIED,8R,S,,Date Record Last Modified,,,
SCOST.TOT.DATE,D,57,,D2/,STD TOT COST DATE,8R,S,,Date of Last Standard Cost Total Update,,,
ACOST.TOT,D,58,,MD40P,ACTUAL COST TOTAL,10R,S,,Actual Cost - Total,,,
ACOST.TOT.DATE,D,59,,D2/,CUR TOT COST DATE,8R,S,,Date of last Actual Cost Total Update,,,
PP.BOTMOD,D,60,,MD00P,BOTTLING MODULE,6R,M,BOTLINES,PROD. PLAN. - BOTTLING MODULE,,,
PP.LITHRS,D,61,,MD00P,LITRES/H,6R,M,BOTLINES,PROD. PLAN. - LITRES/HR BY LINE NO.: MULTIVALUED,,,
CTN.PALL.INT,D,62,,MD0,Cartons /Pallet Int,6R,S,,Number of Cartons per Pallet - International (UK/USA/NZ),,,
FCST.FLAG,D,63,,,Fcst Flag,1L,S,,Forecast category flag of A/B/C,,,
SHORT.DESC,D,64,,,Short Description,15L,S,,Short Product Description,,,
PRICE.LISTS,D,65,,,Price Lists Flag,1L,S,,Flag for Products to be used in Price Lists,,,
PLAN.COST,D,66,,MD40P,Plan Cost,10R,S,,Plan Cost - User Cost,,,
RANGE.CODE,D,67,,,RANGE CODE,2R,S,,Range Code,,,
RANGE.CODE2W,D,67,,,RG CD,2R,S,,Range Code,,,
STD.EFF,D,68,,,STD EFF %,3R,S,,Standard Efficiency,,,
PALLET.CONFIG,D,69,,,PALLET CONFIGURATION,15T,S,,Pallet Configuration,,,
WH.DISC.FLG,D,70,,,M/Pa Disc,1L,S,,Multi Pallet discount allowed on this product (N/),,,
VOL.DISC.FLG,D,71,,,Dist Disc,1L,S,,Distribution discount allowed on this product (N/),,,
CTN.DIM.L,D,72,,MD10P,CTN DIM LENGTH,6R,S,,Carton Dimension - Length,,,
CTN.DIM.W,D,73,,MD10P,CTN DIM WIDTH,6R,S,,Carton Dimension - Width,,,
CTN.DIM.H,D,74,,MD10P,CTN DIM HEIGHT,6R,S,,Carton Dimension - Height,,,
STD.STK.LOC,D,75,,,STD STK LOC,8L,S,,,,,
ROUTING.NO,D,76,,,ROUTING NUMBER,8R,S,,Routings Number for Penfolds,,,
ROUTING.NO7,D,76,,,ROUTING NUMBER,8R,S,,Routings Number for Penfolds,,,
GROWTH.FACTOR,D,77,,,GROWTH FACTOR %,6R,S,,Growth Factor Pecentage for 12mth Production Planning,,,
STD.PROD.RUN,D,78,,,STD PROD RUN QTY,8R,S,,Standard Production Run Qty for 12mth Production Planning,,,
PMU.JUL,D,79,,,JULIAN CODE REQ,1L,S,,Julian Codes required,,,
PMU.STEN,D,80,,,STENCIL MARKINGS,60L,S,,Stencil Markings,,,
PMU.SIDES,D,81,,,SIDES TO BE MARKED,1L,S,,PMU Markings on carton,,,
PMU.TSTRAP,D,82,,,TOP STRAP ON PALLET,1L,S,,Top Strap on pallet,,,
PMU.TSEAL,D,83,,,TOP SEALED,1L,S,,Top Sealed,,,
PMU.ADH,D,84,,,PALLET ADHESIVE,1L,S,,Pallet Adhesive,,,
GRAPE.GRADE,D,85,,,Grape Grade,1L,S,,Grade of Grape,,,
PMU.FILL,D,86,,,BOTTLE FILL LEVEL,10L,S,,Bottling Fill Level,,,
PMU.STAMP,D,87,,,DATE STAMP CARTON,1L,S,,Date Stamp Cartons,,,
PIS.NO,D,88,,,PRODUCT INFO SHEET NUMBER,6R,S,,Product Information Sheet Number,,,
PREBUD.S.TGP,D,89,,,Pre-Bud Sales Tax Code,1L,S,,Pre-Budget Sales Tax Code,,,
PREBUD.SALESTAX.CODE,D,89,,,Pre-Bud Sales Tax Code,1L,S,,Pre-Budget Sales Tax Code,,,
PIS.EFF.DATE,D,90,,D2/,PIS DATE,8R,S,,Date Product Information Sheet becomes effictive,,,
REST.LAB.REQ,D,91,,,RESTAURANT LABEL REQ'D.,6R,M,PIS,PIS info.  Restaurant Label Requirements,,,
REST.LAB.STATES,D,92,,,STATES LABEL REQ'D,5L,M,PIS,PIS Info.  States re restaurant label requirements,,,
PACK.TYPE,D,93,,,PACK TYPE,1L,S,,"Type of pack re discount  G = glass, S = soft, '' = other",,,
GENERIC.CODE,D,94,,,Base Generic Code,3L,S,,Base generic code - to link the same products together,,,
CLEAR.PROD,D,95,,,Clr Flg,1T,S,,Clearance Product Flag (Y/''),,,
STD.QC.DAYS,D,96,,,Std QC Days,2R,S,,Std days before automatic release from QC hold,,,
BOT.PER.MIN,D,97,,,BOT PER MIN,3R,S,,Bottles per minute,,,
PART.DESC,D,98,,,Part Description,40L,M,,Part Description,,,
BUDGET.FLAG,D,99,,,Budget Flag,1T,S,,Has Budget Data (Y/),,,
FORECAST.FLAG,D,100,,,Forecast Flag,1T,S,,Has FORECAST data (Y/),,,
TNOTES.INET,D,101,,,,1L,S,,Tasting Notes on Intranet (Y/),,,
NOT.USED.102,D,102,,,,1L,,,Unused field available for re-use,,,
TRF.SYSTEM,D,102,,,Sys,3L,M,,MV field of overseas system codes NZ/UK/USA,,,
NOT.USED.103,D,103,,,,1L,,,Unused field available for re-use,,,
TRADE.CAT,D,103,,,,2L,S,,Product Trade Category code,,,
EAN.TYPE,D,104,,,,4L,S,,EAN Type code for Shipper APN number,,,
NOT.USED.105,D,105,,,,1L,,,Unused field available for re-use,,,
TNOTES.INET.DATE,D,105,,D2/,Tnotes Transfer Date,8L,S,,Last date the product was transferred to the TASTENET System,,,
BACK.VINT.PROD,D,106,,,Back Vintage,1L,S,,Is a BACK-VINTAGE product (Y or ''),,,
EXCISE.CODE.INT,D,107,,,EXCISE CODE,2L,S,,Excise Code (UK/USA/NZ),,,
EXCISE.CODE.UK,D,107,,,EXCISE CODE,2L,S,,Excise Code (UK),,,
TRANS.PRICE.INT,D,108,,MD20P,TRANSFER PRICE,10R,S,,Transfer Price (UK/USA/NZ),,,
TRANS.PRICE.UK,D,108,,MD20P,TRANSFER PRICE,10R,S,,Transfer Price (UK mod),,,
TP.DATE.INT,D,109,,D2/,TRANS PRICE DATE EFF,8R,S,,Transfer Price Effective Date (UK/USA/NZ),,,
TP.DATE.UK,D,109,,D2/,TRANS PRICE DATE EFF,8R,S,,Transfer Price Effective Date (UK mod),,,
NEW.TRANS.PRICE.INT,D,110,,MD20P,NEW TRANS PRICE,10R,S,,New Transfer Price (UK/USA/NZ),,,
NEW.TRANS.PRICE.UK,D,110,,MD20P,NEW TRANS PRICE,10R,S,,New Transfer Price  (UK mod),,,
NEW.TP.DATE.INT,D,111,,D2/,NEW TRANS PRICE DATE,8R,S,,New Transfer Price Date Effective  (UK/USA/NZ),,,
NEW.TP.DATE.UK,D,111,,D2/,NEW TRANS PRICE DATE,8R,S,,New Transfer Price Date Effective  (UK mod),,,
PCT.MKUP,D,112,,MD20P,% MKUP,5R,S,,Percentage Markup for calculating Sales Tax for Cellar Doors,,,
TRADE.GENERIC.CD,D,113,,,Trade Generic Code,3L,S,,Trade generic code,,,
PRE.PREBUD.STAX,D,114,,,Pre-Pre Bud Sales Tax Code,1L,S,,Pre-Pre budget sales tax code.,,,
INT.PRODUCT,D,115,,,INT Prod,1L,S,,'Y' If this product was created in the UK/USA/NZ sales areas/boxes,,,
UK.PRODUCT,D,115,,,UK Prod,1L,S,,"United kingdom product - ""Y"" if this product was created in the united kingdom.",,,
FUT.ROUTING.NO,D,116,,,FUTURE ROUTING NUMBER,8R,S,,Future routing number for Penfolds,,,
CARTON.VOL,D,117,,,CARTON VOLUME,10R,S,,Carton Volume,,,
PALLET.TYPE,D,118,,,PALLET TYPE,10L,S,,"Pallet Type (Chep, Loscam)",,,
STRETCH.WRAP,D,119,,,STRETCH WRAP,1L,S,,Stretch Wrapped (Y/N),,,
CD.PRICE.LISTS,D,120,,,CD Price List <Y>,1L,S,,"""Y"" if product is to appear on the cellar door sales price list.",,,
NEW.ALLOC.FLAG,D,121,,,New Alloc Flag,1L,S,,New allocation flag - to come into place during eod of day.,,,
CONS.TYPE,D,122,,,C/T,1L,S,,Type of consolidation code (V/N/R) of (Vintage/Non-vintage/Raw material),,,
SUB.PRODUCT.VYR,D,123,,,V/Yr,4R,M,CONS,Vintage year (xxxx) corresponding to SUB.PRODUCT.LIST for 'V'intage consolidated codes,,,
EEC.NO,D,124,,,EEC ID,2L,S,,EEC Tariff Code ID (UK Only),,,
PW.WHSE.INUSE,D,125,,,Paperless Warehouses Inuse,2L,M,PW.WHSE,Paperless Warehouses in use for this product,,,
PREF.VENDORNO,D,126,,,Preferred Vendor No,8L,S,,Preferred vendor number,,,
USA.SUGG.RETAIL,D,127,,MD00P,USA RETAIL,8R,S,,Latest suggested retails price,,,
ALL.LOCS.FCAST.FLAG,D,128,,,ALL LOCS F/CAST FLAG,1L,S,,"If ""Y"" pick all locations stock and forecast for product codes appeneded with ""K"" or ""N""",,,
LAST.PRODN.DATE,D,129,,D2/,Last}Prodution}Date,8R,S,,Date of last Production - Updated by BHP113,,,
NON.VINT.LABEL,D,130,,,Non Vint Label,1L,,,If this product is more than 6 characters long and is to have no vintage printed on the carton label then this is a 'Y',,,
IND.WEIGHT,D,131,,MD60P,Individual Comp. Wght,9R,S,,Individual component weight,,,
PROD.COST,D,132,,MD40P,OWN GRAPES PRODUCTION COST,10R,S,,Production cost for own grapes used in VINTPLAN,,,
PROD.COST.DATE,D,133,,D2/,OWN GRAPES PRODUCTION COST DATE,8R,S,,Date of Last Production Cost Update,,,
SEND.TO.SAP,D,134,,,Send to SAP,1L,S,,Send to SAP,,,
SAP.RELEVANT,D,135,,,SAP Rel,1L,S,,Item relevant to SAP,,,
SAP.NEW,D,136,,,SAP New,1L,S,,SAP new item indicator 'N' new,,,
SAP.COST,D,137,,,SAP Cost,1L,S,,SAP cost changed item indicator 'C' cost,,,
SAP.CHANGE,D,138,,,SAP Change,1L,S,,SAP Change,,,
SAP.DESC,D,138,,,SAP Desc,1L,S,,SAP description changed item indicator 'D' description,,,
ALT.BOTLOC,D,139,,,ALT BOTT LOC,2T,M,ALT.BOTLOC,ALTERNATE BOTTLING LOCATION,,,
SAP.MATERIAL.TYPE,D,140,,,SAP Mat Type,4L,S,,SAP Material type,,,
SAP.ALT.BOTLOC,D,141,,,SAP ALT BOT LOC FLAG,1L,M,ALT.BOTLOC,SAP ALTERNATE BOTTLING LOCATION FLAG,,,
DEL.ALT.BOTLOC,D,142,,,Deleted Alternative Bottling Locations,2R,M,,Deleted Alternative Bottling Locations,,,
NEXT.SEQ,2,,,,,,,,,,,
01.INTRAN.CASES,I,,"TRANS(I.STKBRANCH,'01*':CODE,WHSE,'X'); SUM(TRANS(STOCK,SUBR(""!CATS"",@,REUSE(CODE)),QTYINTRAN,'X'))/SELL.UNIT",MD00P,Br 01 Qty On Hand Cases,20R,S,,Total of stock in transit in cases for branch 01,,,
01.QC.CASES,I,,"TRANS(I.STKBRANCH,'01*':CODE,WHSE,'X'); SUM(TRANS(STOCK,SUBR(""!CATS"",@,REUSE(CODE)),QTY.QC,'X'))/SELL.UNIT",MD00P,Br 01 Qty On Hand Cases,20R,S,,Total of stock in transit for branch 01 in cases,,,
01.QTYOH.CASES,I,,"TRANS(I.STKBRANCH,'01*':CODE,WHSE,'X'); SUM(TRANS(STOCK,SUBR(""!CATS"",@,REUSE(CODE)),QTYOH,'X'))/SELL.UNIT",MD00P,Br 01 Qty On Hand Cases,20R,S,,Total of stock on hand in cases for branch 01,,,
20.ALLOC,I,,"TRANS(STOCK,'20':@ID,ALLOC.QTY,""X"");IF UNITCD='D' THEN ABS(INT(@/12)):':':MOD(@,12) ELSE @ ; IF NOT(@1) THEN '' ELSE IF @1 < 0 THEN '-':@2 ELSE @2",,Melb. Alloc,7R,S,,Melbourne Allocated Dozens,,,
21.ALLOC,I,,"TRANS(STOCK,'20':@ID,ALLOC.QTY,""X"")",,Melb. Alloc,5R,S,,Melbourne Allocated Dozens,,,
35.INTRAN.CASES,I,,"TRANS(I.STKBRANCH,'35*':CODE,WHSE,'X'); SUM(TRANS(STOCK,SUBR(""!CATS"",@,REUSE(CODE)),QTYINTRAN,'X'))/SELL.UNIT",MD00P,Br 35 Qty On Hand Cases,20R,S,,Total of stock in transit in cases for branch 35,,,
35.QC.CASES,I,,"TRANS(I.STKBRANCH,'35*':CODE,WHSE,'X'); SUM(TRANS(STOCK,SUBR(""!CATS"",@,REUSE(CODE)),QTY.QC,'X'))/SELL.UNIT",MD00P,Br 35 Qty On Hand Cases,20R,S,,Total of stock in transit for branch 35 in cases,,,
35.QTYOH.CASES,I,,"TRANS(I.STKBRANCH,'35*':CODE,WHSE,'X'); SUM(TRANS(STOCK,SUBR(""!CATS"",@,REUSE(CODE)),QTYOH,'X'))/SELL.UNIT",MD00P,Br 35 Qty On Hand Cases,20R,S,,Total of stock on hand in cases for branch 35,,,
43.INTRAN.CASES,I,,"TRANS(I.STKBRANCH,'43*':CODE,WHSE,'X'); SUM(TRANS(STOCK,SUBR(""!CATS"",@,REUSE(CODE)),QTYINTRAN,'X'))/SELL.UNIT",MD00P,Br 43 Qty On Hand Cases,20R,S,,Total of stock in transit in cases for branch 43,,,
43.QC.CASES,I,,"TRANS(I.STKBRANCH,'43*':CODE,WHSE,'X'); SUM(TRANS(STOCK,SUBR(""!CATS"",@,REUSE(CODE)),QTY.QC,'X'))/SELL.UNIT",MD00P,Br 43 Qty On Hand Cases,20R,S,,Total of stock in transit for branch 43 in cases,,,
43.QTYOH.CASES,I,,"TRANS(I.STKBRANCH,'43*':CODE,WHSE,'X'); SUM(TRANS(STOCK,SUBR(""!CATS"",@,REUSE(CODE)),QTYOH,'X'))/SELL.UNIT",MD00P,Br 43 Qty On Hand Cases,20R,S,,Total of stock on hand in cases for branch 43,,,
46.ALLOC,I,,"TRANS(STOCK,'46':@ID,ALLOC.QTY,""X"");IF UNITCD='D' THEN ABS(INT(@/12)):':':MOD(@,12) ELSE @ ; IF NOT(@1) THEN '' ELSE IF @1 < 0 THEN '-':@2 ELSE @2",,G/W Alloc,7R,S,,GW Allocated Dozens,,,
70.ALLOC,I,,"TRANS(STOCK,'70':@ID,ALLOC.QTY,""X"");IF UNITCD='D' THEN ABS(INT(@/12)):':':MOD(@,12) ELSE @ ; IF NOT(@1) THEN '' ELSE IF @1 < 0 THEN '-':@2 ELSE @2",,Other Alloc,7R,S,,Other Allocated Dozens,,,
90.ALLOC,I,,"TRANS(STOCK,'90':@ID,ALLOC.QTY,""X"");IF UNITCD='D' THEN ABS(INT(@/12)):':':MOD(@,12) ELSE @ ; IF NOT(@1) THEN '' ELSE IF @1 < 0 THEN '-':@2 ELSE @2",,Export Alloc,7R,S,,Export Allocated Dozens,,,
ACT.BUD.PCT,I,,'ACT':@VM:'BUD':@VM:' % ',,,3L,,,Actual budget % heading,,,
ACT.STD.DIFF,I,,SCOST.TOT - ACOST.TOT,MD40P,COST DIFF,8R,S,,difference in cost from last month,,,
ACT.TGT.PCT,I,,'ACT':@VM:'TGT':@VM:' % ',,,3L,,,Actual target % heading,,,
ACTIV.LIT,I,,IF ACTIV='D' THEN 'Deleted' ELSE '',,Activity,9L,S,,Activity literal,,,
ADEL.DOZ,I,,"SUBR(""*TOTAL.STOCK"",24)",,ADEL STOCK,7R,M,,,,,
ADEL.LTRS,I,,"SUBR(""*BRANCH.LTRS"",24)",,ADEL LTRS,7R,M,BRANCH.LTRS,Adelaide litres,,,
ADEL.LTRS.OH,I,,"SUBR(""*STOCK.ONHAND.LTRS"",24,LIT.FAC)",MD0,ADEL LTRS OH,7R,M,BRANCH.LTRS,Adelaide litres on hand,,,
ADEL.STOCK,I,,"SUBR(""*BRANCH.STOCK"",05)",,ADEL STOCK,7R,M,BRANCH.STOC K,Adelaide litres,,,
ADEL.TGT.LTRS,I,,"SUBR(""*BRANCH.TARGET.LTRS"",24)",,ADEL LTRS,7R,M,BRANCH.TARG ET.LTRS,Adelaide litres,,,
ADW,I,,IF NUM(@ID) AND LEN(@ID) > 5 THEN 1 ELSE '',,,1L,S,,,,,
ADW.ACT,I,,"FIELD(@ID,'*',5)",,Act,1R,S,,,,,
ADW.ID,I,,"FIELD(@ID,'*',4)",,Prodno,9L,S,,,,,
ADW.NZ,I,,"SUM(TRANS(STOCK.SHIST,'65*':@ID,MTHLY.S.QTY,'X'))",,Ytd Sales,10R,S,,,,,
ADW.PRODNAME,I,,"TRANS(ITEM.MSTR,ADW.ID,PRODNAME,'X')",,Description,30L,S,,,,,
ADW.SEQ,I,,"FIELD(@ID,'*',1)",,SEQ,6R,S,,,,,
ADW1,I,,"FIELD(PART.DESC,@VM,1)",,,30L,S,,,,,
ALL.STOCK,I,,"SUBR(""*TOTAL.BRANCH.STOCK"",'ALL')",,TOTAL STOCK,8R,M,BRANCH.STOC K,Total stock,,,
ALLOC.QTY,I,,"TRANS(ALLOCATIONS,@ID,NATQTY,'X')",,ALLOC QTY,10R,S,,,,,
ALT.BOTLOC.DESC,I,,"TRANS(COMPANY,ALT.BOTLOC,BRANCHNM,'X')",,WAREHOUSE,30L,S,,,,,
APN.BOTT,I,,"FIELD(APN.CODE,@VM,1)",,APN No. for Bottles,16R,S,,APN No. for bottles,,,
APN.CODES,I,,"FIELD(APN.CODE,@VM,1)",,APN No. for Bottles,16R,S,,APN No. for bottles,,,
APN.CTN,I,,"FIELD(APN.CODE,@VM,2)",,APN No. for Cartons,16R,S,,APN no. for cartons,,,
APN.PALL,I,,"FIELD(APN.CODE,@VM,3)",,APN No. for Pallets,18R,S,,APN no. for pallets,,,
AUD.CODE,I,,"FIELD(@ID,'*',5)",,CODE,1L,S,,Code from audit file,,,
AUD.DATE,I,,"FIELD(@ID,'*',2)",D2/,DATE,9R,S,,Date from audit file,,,
AUD.PROD,I,,"FIELD(@ID,'*',4)",,PRODUCT,15L,S,,Product from audit file,,,
AUD.PROD.KEY,I,,"FIELD(@ID,'*',4)",,AUD PROD KEY,10L,S,,,,,
AUD.PROG,I,,"FIELD(@ID,'*',7)",,PROGRAM,9L,S,,Program from audit file,,,
AUD.TIME,I,,"FIELD(@ID,'*',3)",MTS,TIME,9R,S,,Time from audit file,,,
AUD.USER,I,,"FIELD(@ID,'*',6)",,USER,9R,S,,User from audit file,,,
AWBC.SORT.PARAM,I,,IF GROUP.CODE = '46' OR GROUP.CODE = '51' OR GROUP.CODE = '82' OR GROUP.CODE = '87' OR GROUP.CODE = '84' THEN '*':GROUP.NAME ELSE IF GROUP.CODE = '03' OR GROUP.CODE = '01' THEN 'OTHER FORTIFIED' ELSE IF GROUP.CODE = '11' OR GROUP.CODE = '12' THEN 'RED TABLE WINE' ELSE IF GROUP.CODE = '21' OR GROUP.CODE = '22' OR GROUP.CODE = '25' THEN 'WHITE TABLE WINE' ELSE IF GROUP.CODE = '02' OR GROUP.CODE = '04' OR GROUP.CODE = '31' OR GROUP.CODE = '32' OR GROUP.CODE = '41' THEN GROUP.NAME ELSE 'OTHER WINE',,AWBC GROUP NAME,18T,S,,,,,
BLANK.LINE,I,,SPACE(1),,,20T,S,,,,,
BLEND.GENERIC,I,,"PRODGP = 'BW'; PRODGP = 'BS'; PRODGP = 'TI'; IF @1 OR @2 OR @3 THEN @ID[5,3] ELSE ''",,Blend Gen Code,3L,S,,Blend Generic Code,,,
BLEND.GENERIC.CD,I,,"PRODGP = 'BS'; PRODGP = 'BW'; PRODGP = 'TI'; IF @1 OR @2 OR @3 THEN @ID[5,3] ELSE ''",,Blend Generic Code,3L,S,,Blend Generic Code,,,
BOM.COM,I,,"TRANS(ITEM.STRUC,@ID,BOM.COM,'X')",,Bill of materials comments,30L,M,,Bill of materials comments,,,
BOM.COMP.NO,I,,"DCOUNT(TRANS(ITEM.STRUC,@ID,COMPONENT,'X'),@SM)",MD00P,COMP. NO. ON BOM,3R,,,Number of components on Item Struc file,,,
BOTLOC.DESC,I,,"TRANS(COMPANY,BOTLOC,BRANCHNM,'X')",,WAREHOUSE,30L,S,,,,,
BOTLOC.NAME,I,,"TRANS(COMPANY,BOTLOC,1,'X')",,BOTTLING LOCATION,25L,S,,Bottling location name,,,
BOTLOCNAME,I,,"TRANS(W.HOUSE,BOTLOC,NAME,'X');IF @ THEN @ ELSE 'UNIDENTIFIED'",,BOTTLING LOCATION,15L,,,Bottling location name,,,
BRAND.ALTKEY,I,,"BRAND.CODE:""*"":NON.ACTIV",,BRAND.CODE ALT. KEY,4L,S,,Alternate key for BRAND.CODE,,,
BRAND.GROUP,I,,BRAND.CODE:GROUP.CODE,,BR/CAT CODE,4L,,,Brand & group code (Category),,,
BRAND.GROUP.NAME,I,,BRAND.NAME:' - ':GROUP.NAME,,BRAND/CATEGORY NAME,35L,,,Brand/group name (Category),,,
BRAND.NAME,I,,"TRANS(BRAND,BRAND.CODE,NAME,'X')",,BRAND NAME,20L,,,Brand name,,,
BRAND.NAME13W,I,,"TRANS(BRAND,BRAND.CODE,NAME,'X')[1,13]",,BRAND NAME,13L,,,Brand name,,,
BRAND.SHORT.NAME,I,,"TRANS(BRAND,BRAND.CODE,SHORT.NAME,'X')",,BRAND,6L,S,,Brand short name,,,
BRAND.SORT.SEQ,I,,"TRANS(BRAND,BRAND.CODE,SORT.SEQ,'X')",,Sort Seq,3R,S,,Sort sequence,,,
BRIS.DOZ,I,,"SUBR(""*TOTAL.STOCK"",22)",,BRIS STOCK,7R,M,,,,,
BRIS.LTRS,I,,"SUBR(""*BRANCH.LTRS"",22)",,BRIS LTRS,7R,M,BRANCH.LTRS,Brisbane litres,,,
BRIS.LTRS.OH,I,,"SUBR(""*STOCK.ONHAND.LTRS"",22,LIT.FAC)",MD0,BRIS LTRS OH,7R,M,BRANCH.LTRS,Brisbane litres on hand,,,
BRIS.STOCK,I,,"SUBR(""*BRANCH.STOCK"",04)",,BRIS STOCK,7R,M,BRANCH.STOC K,Brisbane litres,,,
BRIS.TGT.LTRS,I,,"SUBR(""*BRANCH.TARGET.LTRS"",22)",,BRIS LTRS,7R,M,BRANCH.TARG ET.LTRS,Brisbane litres,,,
BSM.INCL,I,,"IF TRANS(DEL.ITEM.MSTR,@ID,@ID,'X')='' THEN 'Y' ELSE ''",,,1L,S,,Used to select products for BSM takeon,,,
BSM.LFEE.DESC,I,,LFEE.CAT.CODE:' ':LFEE.CAT.DESC,,Licence Fee desc for BSM,33L,S,,Lfee:' ':Lfee description,,,
BSM.PREF.VENDORNO,I,,"TRANS(I.BSM.VENDOR,PREF.VENDORNO,@RECORD,'X')",,BSM Preferred Vendor No,15L,S,,BSM Mapped Preferred vendor number,,,
BU.NAME,I,,"TRANS(BUSINESS.UNIT,BUS.UNIT,NAME,'X');IF @ THEN @ ELSE '*******'",,PRICE SEGMENT,10L,,,Business unit name  (Price Segment),,,
BUNIT.NAME,I,,"TRANS(BUSINESS.UNIT,BUS.UNIT,NAME,'X')",,PRICE SEGMENT,10L,,,Business unit name (Price Segment),,,
BUS.UNIT.SORT.SEQ,I,,"TRANS(BUSINESS.UNIT,BUS.UNIT,SORT.ORDER,'X')",,SORT ORDER,3R,S,,The order of presentation of this Business Unit,,,
BUS.UNIT1,I,,IF BUS.UNIT = 10 OR BUS.UNIT = 11 THEN 1 ELSE BUS.UNIT,,B U,1R,S,,Business Unit Code,,,
BUS.UNIT1.SORT.SEQ,I,,IF BUS.UNIT.SORT.SEQ = 401 THEN 101 ELSE BUS.UNIT.SORT.SEQ,,SORT ORDER,3R,S,,The order of presentation of this Business Unit,,,
BUSINESS.NAME,I,,"TRANS(BUSINESS.UNIT,BUS.UNIT,NAME,'X')",,PRICE SEGMENT,20L,,,Business Unit Name (Price Segment),,,
BUSINESS.UNIT.NAME,I,,"TRANS(BUSINESS.UNIT,BUS.UNIT,NAME,'X')",,PRICE SEGMENT,20L,,,Business unit name  (Price Segment),,,
BW.CODE,I,,"TRANS(BW.CODE.XLATE,@ID,2,'X')",,BW CODE,10R,S,,,,,
BW.GENERIC,I,,"SUBR(""*PBWS010"",@ID,PRODGP,'G')",,B.W. GENER. CODE,3L,S,,Bulk wines codes: generic code,,,
BW.ITEM.MSTR.ONFILE,I,,"TRANS(BW.ITEM.MSTR,@ID,@ID,'X')",,,10L,S,,,,,
BW.SCOST.VAR,I,,"TRANS(BW.CODE.XLATE,@ID,2,'X');TRANS(ITEM.MSTR,@,SCOST.TOT,'X')",MD40P,BW COST,10R,S,,,,,
BW.SOURCE.AREA,I,,"SUBR(""*PBWS010"",@ID,PRODGP,'S')",,B.W. SOURCE AREA,3L,S,,Bulk wines codes: source area,,,
BW.STYLE,I,,"SUBR(""*PBWS010"",@ID,PRODGP,'S')",,B.W. STYLE,1L,S,,Bulk wines codes: style,,,
BW.VARIEY,I,,"SUBR(""*PBWS010"",@ID,PRODGP,'V')",,B.W. VARIETY,3L,S,,Bulk wines codes: variety,,,
BWBSTI.STYLE,I,,"IF PRODGP = 'BW' OR PRODGP = 'BS' OR PRODGP = 'TI' THEN @ID[4,1] ELSE ''",,Style,1L,S,,"Bulk wine, bulk spirit or tirage style code",,,
CART.VOLUME,I,,(CTN.DIM.L+0)*(CTN.DIM.W+0)*(CTN.DIM.H+0)/1000000000,MD30P,CARTON VOLUME,6R,S,,Carton Volume in cu.m.,,,
CAT.GRP,I,,"SUBR('*PICZ001',3,GROUP.CODE,SIZE.CODE,RANGE.CODE)",,Cat,2R,S,,Category group code,,,
CAT.OFF.NEW.02,I,,"TRANS(PROD.DISCOUNTS,'02*':@ID,CAT.OFF.NPRICE,'X') * BOT.CART.SELL",MD20P,Br02New Off Cat,7R,S,,New Off Premise Category Discount Br 02,,,
CAT.ON.NEW.02,I,,"TRANS(PROD.DISCOUNTS,'02*':@ID,CAT.ON.NPRICE,'X') * BOT.CART.SELL",MD20P,Br02New On Cat,7R,S,,New On Premise Category Discount Br 02,,,
CAT.STD.QC.DAYS,I,,"TRANS(GROUP.FILE,GROUP.CODE,STD.QC.DAYS,'X')",,Cat. QC Days,2R,S,,Standard QC days for product category,,,
CHAR.1.7,I,,"@ID[1,7]",,CHARS 1 TO 7,7L,S,,POSN 1 TO 7 OF ITEM CODE,,,
CHK.FCOST.TOT,I,,FCOST.TOT+0,MD40P,FUTURE COST TOTAL,10R,S,,Standard Cost - Total,,,
CHK.SCOST.TOT,I,,SCOST.TOT+0,MD40P,STANDARD COST TOTAL,10R,S,,Standard Cost - Total,,,
CHK.SCOST.VAR,I,,SCOST.VAR+0,MD40P,STANDARD COST VARIABLE,10R,S,,Standard Cost - Variable,,,
CHK.WH.INUSE,I,,"SUBR(""*CHK.WH.INUSE"",W.H.INUSE)",,Multiple Occurrences W/H In Use,1T,S,,,,,
CNT,I,,1,MD00P,REC CNT,6R,S,,,,,
CNT.ALT.BOTLOC,I,,"IF ALT.BOTLOC THEN 1+COUNT(ALT.BOTLOC,@VM) ELSE ''",,No.,3R,S,,Number of Alternate Bottling Locations,,,
COMMA,I,,"','",,,1L,S,,,,,
CONS.PRODNO,I,,IF MAJOR.PRODUCT = '' THEN PRODNO ELSE MAJOR.PRODUCT,,,8R,S,,Consolidated Product Id or Product Id if no Cons Id,,,
CONS.TYPE.DESC,I,,IF CONS.TYPE = 'V' THEN 'Vintage' ELSE 'Non Vintage'; IF CONS.TYPE = 'R'   THEN 'Raw material' ELSE @1; IF CONS.TYPE THEN @ ELSE '',,Consol/Type,12L,S,,Consolidation type description literal,,,
COST.DIFF,I,,SCOST.TOT - LM.STDCOST,MD40P,COST DIFF,8R,S,,difference in cost from last month,,,
COST.DIFF.SF,I,,SCOST.TOT - FCOST.TOT,MD40P,COST DIFF STD - FUT,8R,S,,DIFFERENCE IN COST  SCOST - FCOST (STANDARD - FUTURE),,,
COSTS,I,,STDCOST:CURCOST:LAST.COST:M.AVGE.COST:USER.COST,,ALL COSTS,50T,S,,,,,
CT.DOZ,I,,"SUBR(""*TOTAL.STOCK"",43)",,C/T STOCK,7R,M,,,,,
CTN.DIM.H.O,I,,CTN.DIM.H + 5,MD10P,CTN DIM HEIGHT OUTER,6R,S,,Carton Dimension - Height Outer,,,
CTN.DIM.L.O,I,,CTN.DIM.L + 5,MD10P,CTN DIM LENGTH OUTER,6R,S,,Carton Dimension - Length Outer,,,
CTN.DIM.W.O,I,,CTN.DIM.W + 5,MD10P,CTN DIM WIDTH OUTER,6R,S,,Carton Dimension - Width Outer,,,
CTN.PER.LAYER,I,,"TRANS(PALLET.CONFIG,PALLET.CONFIG,CTN.PER.LAYER,'X')",,Cartons per Layer,2R,S,,Cartons per layer,,,
CU,I,,'CU',,,2L,,,,,,
CURR.BR.NAME,I,,"TRANS(DESCRIPTION,'CURRENT.BRANCH',1,'X'); TRANS(COMPANY,@,1,'X')",,CURR. BRANCH NAME,25L,S,,Current branch name,,,
DCODE.DESC.UK,I,,"TRANS(DUTY.RATES,DUTY.CODE.UK,DESCRIPTION,'X')",,DUTY CODE DESCRIPTION,30L,S,,Duty Code Description (UK),,,
DEL.PROD,I,,"IF TRANS(DEL.ITEM.MSTR,PRODNO,@ID,'X')='' THEN '' ELSE 1",,DEL,1L,S,,Used to select records on the DEL.ITEM.MSTR file,,,
DEPOSIT.AMT,I,,"TRANS(DEPOSIT.CODE,DEP.CODE,DEP.AMT,'X')",MD22P,Deposit Amount,5R,S,,Translate to DEPOSIT.CODE file for amount,,,
DEPOSIT.DESC,I,,"TRANS(DEPOSIT.CODE,DEP.CODE,DESC,'X')",,Deposit Description,20T,S,,Translate to DEPOSIT.CODE file for description,,,
DESC.LEN,I,,IF LEN(PRODNAME) > 25 THEN 1 ELSE 0,,ID LEN > 25,1R,S,,,,,
DJP.BYR,I,,"@ID[2,2]",,Year,2L,S,,Year of Trade Blend,,,
DOM.BUD.LTRS,I,,"SUBR(""*BRANCH.BUDGET"",'ALL')",,DOMESTIC BUDGET LTRS,8R,S,,Domestic budget litres,,,
DOM.LTRS,I,,"SUBR(""*BRANCH.LTRS"",'ALL')",,TOTAL DOMESTIC LTRS,8R,M,BRANCH.LTRS,Domestic total litres,,,
DOM.TGT.LTRS,I,,"SUBR(""*BRANCH.TARGET.LTRS"",'ALL')",,TOTAL DOMESTIC LTRS,8R,M,BRANCH.TARG ET.LTRS,Domestic total litres,,,
DOZ.LTRS.WKS,I,,'UNITS':@VM:'LTRS':@VM:'WKS',,,5L,M,BRANCH.STOC K,Heading weekly bottled stocks,,,
DTRF.SYSTEM,I,,"CONVERT(@VM,',',TRF.SYSTEM)",,Trf System(s),10L,S,,Comma delimitered mv TRF.SYSTEM field for display,,,
DW.PROD.DESC,I,,"IF LEN(SHORT.DESC) THEN SHORT.DESC ELSE PRODNAME; IF NUM(@[1,2]) THEN @[4,99] ELSE @",,No Vintage Short Description,15L,S,,* Short Description of Item with no vintage showing (used for alpha sort in Holos),,,
DW.VINT.YEAR.3,I,,VINTAGE.YEAR+3,,Vintage Year + 3,4R,S,,Vintage Year (YYYY) for DW.COSTS extract,,,
EA,I,,'EA',,,2L,,,,,,
EAN.PREFIX,I,,"TRANS(BRAND,BRAND.CODE,EAN.PREFIX,'X')",,EAN PREFIX,7L,,,EAN Prefix,,,
ECODE.DESC.UK,I,,"TRANS(EXCISE.RATES,EXCISE.CODE.UK,DESCRIPTION,'X')",,EXCISE CODE DESCRIPTION,30L,S,,Excise Code Description  (UK),,,
EEC.CODE,I,,"TRANS(EEC.TARIFF.CODES,EEC.NO,TARIFF.CODE,'X')",,EEC Tariff Code,12L,S,,EEC Tariff Code,,,
EUR.BUD,I,,"TRANS(PRODUCT.BUDGET,72:'*':@ID,TOT.CASES,'X')",MD00P,EUR BUD CASES,9R,S,,,,,
EXP.DOZ,I,,"SUBR(""*TOTAL.STOCK"",90)",,EXP STOCK,7R,M,,,,,
EXP.FLAG,I,,"TRANS(EXP.PRODUCT,@ID,@RECORD,'X'); IF @ THEN 'Y' ELSE ''",,EXP.PRODUCT FILE FLAG,1L,S,,,,,
EXP.LTRS.OH,I,,"SUBR(""*STOCK.ONHAND.LTRS"",90,LIT.FAC)",MD0,EXPORT LTRS OH,7R,M,BRANCH.LTRS,Export litres on hand,,,
EXP.STOCK,I,,"SUBR(""*BRANCH.STOCK"",08);SUBR(""*BRANCH.STOCK"",28);SUBR(""*BRANCH.STOCK"",44); @1+@2+@3",,EXP STOCK,7R,M,BRANCH.STOC K,Export stock,,,
EXPORT.PRODUCT,I,,"IF SUM(SUBR(""!GTS"",W.H.INUSE,REUSE('88'))) GT 1 AND STATUS.CODE LT 100 THEN 'Y' ELSE ''",,EXP. PROD. FLAG,1T,S,,"Export Product: W.H.INUSE is 89,90, ... or 96",,,
EXRT-DIM,I,,"TRANS(EXP.PRODUCT,@ID,EXRT-DIM,'X')",MD30P,EXRT. DIM.,7R,,,EXPORT DIMENSIONS,,,
EXRT-WGHT,I,,"TRANS(EXP.PRODUCT,@ID,EXRT-WGHT,'X')",MD20P,Export Weight/ Carton,7R,S,,,,,
EXRT.STR,I,,"TRANS(EXP.PRODUCT,@ID,EXRT-STR,'X')",MD10P,Exprt Stgth,5R,,,EXPORT STRNGTH,,,
EXRT.STR.FIELD2,I,,"TRANS(EXP.PRODUCT,FIELD(@ID,""*"",2),EXRT-STR,'X')",MD10P,Exprt}Stgth,5R,,,EXPORT STRNGTH using FIELD 2 of the @ID for PICQ181,,,
FORECAST.SALES,I,,"SUBR(""*FORECAST.SALES"",'ALL')",MD00P,FCAST ANNUAL SALES,8R,S,,,,,
FORECAST.WEEKS.COVER,I,,"SUBR(""*FORECAST.WEEKS.SALES"",'ALL',LIT.FAC);IF @ THEN (STOCKOH*LIT.FAC)/@ ELSE 52",MD10P,FCAST WEEKS COVER,5R,S,,,,,
FORECAST.WEEKS.SALES,I,,"SUBR(""*FORECAST.WEEKS.SALES"",'ALL',LIT.FAC)",MD00P,FCAST WEEKLY SALES,7R,S,,,,,
FRT.RATE.UNIT.INT,I,,"SUBR('*CALC.FREIGHT','90':@ID,BOTLOC,'IN',BOT.CART.SELL,PALLET.WGHT,'')",MD40P,Freight rate per unit,8R,S,,Freight rate per unit of sale,,,
FRT.RATE.UNIT.UK,I,,"SUBR('CALC.FREIGHT',@ID,BOTLOC,'FD',BOT.CART.SELL,PALLET.WGHT,'')",MD40P,Freight Rate,8R,S,,FREIGHT RATE PER UNIT OF SALE - FOR USE IN UK MACHINE ONLY,,,
FULL.PLT.HGHT,I,,(LAYER.ON.PALLET*CTN.DIM.H)+PLT.HEIGHT,MD00P,Full Pallet Height,4R,S,,Full pallet height,,,
FULL.PLT.WGHT,I,,(WEIGHT*CTN.PALLET)+ PLT.WEIGHT,MD20P,Full Pallet Weight,6R,S,,Weight of a full pallet of product  (KG),,,
FWC.20,I,,"SUBR(""*FORECAST.WEEKS.SALES"",'20',LIT.FAC);IF @ THEN (STOCKOH.20*LIT.FAC)/@ ELSE 52",MD10P,MELB WEEKS COVER,5R,S,,,,,
FWC.21,I,,"SUBR(""*FORECAST.WEEKS.SALES"",'21',LIT.FAC);IF @ THEN (STOCKOH.21*LIT.FAC)/@ ELSE 52",MD10P,SYD WEEKS COVER,5R,S,,,,,
FWC.22,I,,"SUBR(""*FORECAST.WEEKS.SALES"",'22',LIT.FAC);IF @ THEN (STOCKOH.22*LIT.FAC)/@ ELSE 52",MD10P,BRIS WEEKS COVER,5R,S,,,,,
FWC.23,I,,"SUBR(""*FORECAST.WEEKS.SALES"",'23',LIT.FAC);IF @ THEN (STOCKOH.23*LIT.FAC)/@ ELSE 52",MD10P,PERTH WEEKS COVER,5R,S,,,,,
FWC.24,I,,"SUBR(""*FORECAST.WEEKS.SALES"",'24',LIT.FAC);IF @ THEN (STOCKOH.24*LIT.FAC)/@ ELSE 52",MD10P,ADEL WEEKS COVER,5R,S,,,,,
FWS.20,I,,"SUBR(""*FORECAST.WEEKS.SALES"",'20',LIT.FAC)",MD00P,MELB WEEKLY FCAST,7R,S,,,,,
FWS.21,I,,"SUBR(""*FORECAST.WEEKS.SALES"",'21',LIT.FAC)",MD00P,SYD WEEKLY FCAST,7R,S,,,,,
FWS.22,I,,"SUBR(""*FORECAST.WEEKS.SALES"",'22',LIT.FAC)",MD00P,BRIS WEEKLY FCAST,7R,S,,,,,
FWS.23,I,,"SUBR(""*FORECAST.WEEKS.SALES"",'23',LIT.FAC)",MD00P,PERTH WEEKLY FCAST,7R,S,,,,,
FWS.24,I,,"SUBR(""*FORECAST.WEEKS.SALES"",'24',LIT.FAC)",MD00P,ADEL WEEKLY FCAST,7R,S,,,,,
GENERIC.DESC,I,,"TRANS(GENERIC.FILE,GENERIC.CODE,NAME,'X')",,Generic Code Name,20T,S,,Translate to GENERIC.FILE for description,,,
GL.DESC,I,,"GRADE.LEVEL[1,1];TRANS(GRADE.FILE,@,DESC,'X')",,Grade Level Description,30L,S,,,,,
GL.SUBACCT,I,,"PROD.MANAGER;IF @ THEN @ ELSE 7;TRANS(PRODUCT.MANAGER,@,GL.SUBACCT,'X')",,G/L SUB ACCT,3L,,,G/L Sub acct no.,,,
GLASS.FLAG,I,,"TRANS(BSM.TRANS,'GLASS',2,'X');SUBR(""!EQS"",@,REUSE(@ID)); SUM(@); IF @ THEN 'Y' ELSE 'N'",,JK.GLASS FLAG,1L,S,,,,,
GN.ITEM.TYPE,I,,"TRANS(GROUP.FILE,GROUP.CODE,GN.ITEM.TYPE,'X')",,GEMMnet Item Type,30L,S,,GEMMnet Item Type,,,
GN.ITEM.VARIETY,I,,"TRANS(TYPE.FILE,TYPE.CODE,GN.ITEM.VARIETY,'X')",,GEMMnet Item Variety,30L,S,,GEMMnet Item Variety,,,
GPSORT,I,,"TRANS(PRODGP,PROD,GPSORT,'X')",,SORT FIELD,2T,S,,Translate to Product Group File for Sort,,,
GRADE.LEVEL,I,,"TRANS(GENERIC.FILE,GENERIC.CODE,GRADE.LEVEL,'X')",,Grade Level,5L,S,,,,,
GRAPE.GRADE.DESC,I,,"TRANS(GRADE.FILE,GRAPE.GRADE,DESC,'X')",,Grade Description,25L,S,,Grape Grade Description,,,
GRAPE.GRADE.NAME,I,,"TRANS(GRADE.FILE,GRAPE.GRADE,NAME,'X')",,Grade Name,5L,S,,Grape Grade Name,,,
GRAPE.GRADE.SDESC,I,,"TRANS(GRADE.FILE,GRAPE.GRADE,SDESC,'X')",,Grade Short Desc,10L,S,,Grape Grade Short Desc.,,,
GROUP.ALTKEY,I,,"GROUP.CODE:""*"":NON.ACTIV",,CAT.CODE ALT. KEY,4L,S,,Alternate key for GROUP.CODE (Category Code),,,
GROUP.CODE.CHK,I,,"GROUP.CODE=TRANS(BW.ITEM.MSTR,@ID,GROUP.CODE,'X')",,CAT CODE,2T,S,,,,,
GROUP.DEL.ALTKEY,I,,"GROUP.CODE:""*"":NON.ACTIV",,CAT CODE NOT ACTIVE ALT. KEY,4L,S,,Alternate key for deleted  GROUP.CODE (Category),,,
GROUP.NAME,I,,"TRANS(GROUP.FILE,GROUP.CODE,NAME,'X')",,CATEGORY NAME,15L,,,Group name (Category),,,
GROUP.SORT.SEQ,I,,"TRANS(GROUP.FILE,GROUP.CODE,SORT.SEQ,'X')",,Sort Seq,3R,,S,Sort sequence,,,
GROUP.TYPE.ALTKEY,I,,"GROUP.CODE:""*"":TYPE.CODE:""*"":NON.ACTIV",,"CAT,TYPE, CODES ALT. KEY",9L,S,,"Alternate key for GROUP (Category), TYPE, CODES",,,
GROUP.TYPE.RANGE.ALTKEY,I,,"GROUP.CODE:""*"":TYPE.CODE:""*"":RANGE.CODE:""*"":NON.ACTIV",,"CAT,TYPE, RANGE CODES ALT. KEY",11L,S,,"Alternate key for GROUP  (Category), TYPE, RANGE CODES",,,
GRP.CODE.SUBR,I,,"TRANS(ITEM.MSTR,PRODNO,GROUP.CODE,'X');TRANS(ITEM.MSTR,PRODNO,RANGE.CODE,'X');TRANS( ITEM.MSTR,PRODNO,SIZE.CODE,'X');SUBR(""*PICZ001"",""2"",@1,@3,@2)",,MIN GRP CD,2R,,,Minor Category Group,,,
GRP.NAME.SUBR,I,,"TRANS(ITEM.MSTR,PRODNO,GROUP.CODE,'X');TRANS(ITEM.MSTR,PRODNO,RANGE.CODE,'X');TRANS( ITEM.MSTR,PRODNO,SIZE.CODE,'X');SUBR(""*PICZ001"",""2"",@1,@3,@2); TRANS(GROUP.FILE,@,NAME,'X')",,MIN GRP NAME,20L,,,Minor Category Group- desc,,,
GRP.TYPE.SEQ,I,,GROUP.CODE:TYPE.CODE:PROD.CODE,,CAT/TYPE/SEQ,6T,S,,,,,
GW.DOZ,I,,"SUBR(""*TOTAL.STOCK"",46)",,G/W STOCK,7R,M,,,,,
HD.COMMENTS,I,,'',,Comments,30L,S,,Heading for comments column,,,
HD1,I,,SPACE(8),,DOMESTIC    EXPORT CDS   RESERVE    MUSEUM SALVAGE,60L,S,,,,,
HD2,I,,SPACE(12),,RELEASE DATE,8L,S,,,,,
ID.SIZE,I,,LEN(@ID),,LEN I,6L,S,,,,,
"ID3,2",I,,"NUM(@ID[3,2])",,"@ID[3,2]",2L,S,,@ID CHARACTERS 3 AND 4,,,
IN.TANK,I,,"TRANS(I.MB.TANK,@ID,@ID,'X') ;IF @ = '' THEN 'N' ELSE 'Y'",,Code On Mtank,1L,S,,Code is on TANK file,,,
IND.WEIGHT.CHK,I,,IND.WEIGHT+0,,IND WEIGHT,8R,S,,,,,
INV.LEV,I,,"IF PRODGP = 'BW' OR PRODGP = 'BS' OR PRODGP = 'TI' THEN @ID[1,1] ELSE ''",,Inv Lev,1L,S,,"BW,BS or TI inventory level",,,
INVENT.LEVEL,I,,"TRANS(MBLEND,@ID,@RECORD,'X');IF @ THEN @ID[1,1] ELSE ''",,I-LEVEL,1L,S,,Set I-level,,,
INVENT.LEVEL.TYPE,I,,"TRANS(MBLEND,@ID,@RECORD,'X');IF @ THEN TRANS(BW.ILEVEL,@ID[1,1],5,'X')[1,1] ELSE ''",,Invent. level type,1L,S,,Inventory level for bulk wines,,,
IPROD.MANAGER,I,,PROD.MANAGER;IF @ THEN @ ELSE 7,,PRODUCT MANAGER,2T,S,,Product Manager,,,
ITM.SOH,I,,"SUBR(SUBR.PENDIST:'PICI996',@ID,W.H.INUSE)",,Total Stock,10R,S,,Total stock in STOCK file,,,
JK.2CHAR,I,,"@ID[1,2]",,"ID[1,2]",2L,S,,,,,
JK.BLEND.DESC,I,,"TRANS(MBLEND,@ID,BLENDESCP,'X')",,Descrip. from MBLEND,35L,S,,,,,
JK.BUS.UNIT,I,,"TRANS(LY.ITEM.MSTR,@ID,54,'X')",,PRICE SEGMENT,2R,S,,,,,
JK.FRT12,I,,"FUT.ROUTING.NO[1,2]",X,FUT.ROUT.NO CHARS 1 AND 2,2R,S,,,,,
JK.ID.LEN,I,,LEN(@ID),MD00P,ID LENGTH,5R,S,,,,,
JK.LEN,I,,LEN(@ID),MD00P,ID LENGTH,3R,S,,,,,
JK.LITFAC,I,,"OCONV(LIT.FAC+0,'MD30P')",MD30P,LIT. FACTOR,5R,S,,,,,
JK.MAT.CODE,I,,"TRANS(ITEM.MKUP,@ID,MAT.CODE,'X')",,MAT. CODE,3L,S,,,,,
JK.PUR.COST,I,,"LAST.COST.PUR<1,1>",MD40P,LAST COST,10R,S,LST.COST,"LAST PUR COST, 1ST VALUE",,,
JK.ROUT,I,,"IF TYPE.CODE = 950 THEN @ID[3,99] ELSE ''",,JK.ROUT,10L,S,,,,,
JK.SIZE.LEN,I,,LEN(SDESC),MD00P,LEN SIZE,3L,S,,,,,
JK.STD.EFF,I,,IF NUM(STD.EFF) THEN 'NUM' ELSE 'NOT NUM',,STD.EFF. NUM.,7L,S,,,,,
JK.TEST,I,,"TRANS(RESERVATIONS,'90*':@ID,@RECORD,'X'); IF @ THEN 'Y' ELSE ''",,RESRV FLAG,1L,S,,CHECK IF RESERVATINONS RECORD EXISTS FRO BRANCH 90,,,
JK.XX,I,,"TRANS(DESCRIPTION,'CURRENT.BRANCH',1,'X')",,CURR BRANCH,2L,S,,,,,
JK.XX1,I,,IF NOT(NUM(STD.EFF)) THEN STD.EFF ELSE '',,JK.XX1,5R,S,,,,,
JK.XX2,I,,IF LAST.COST NE '' THEN IF NUM(LAST.COST) THEN LAST.COST ELSE '' ELSE '',MD40P,NUMERIC LAST COST,10R,S,,,,,
JUL.SCOST.TOT,I,,"TRANS(JUL.ITEM.MSTR,@ID,SCOST.TOT,'X')",MD40P,JUL STD COST TOTAL,10R,S,,Standard Cost - Total at July,,,
JUL.SCOST.VAR,I,,"TRANS(JUL.ITEM.MSTR,@ID,SCOST.TOT,'X');ABS(SCOST.TOT-@)",MD40P,JUL STD COST VARIANCE,10R,S,,Standard Cost - Variance at July,,,
L1.02,I,,"TRANS(PROD.DISCOUNTS,'02*':@ID,L1.CUR.PRICE,'X')",MD20P,Br02 L1 Disc,7R,S,,L1 Discount for Br 02,,,
L2.02,I,,"TRANS(PROD.DISCOUNTS,'02*':@ID,L2.CUR.PRICE,'X')",MD20P,Br02 L2 Disc,7R,S,,L2 Discount for Br 02,,,
LAST.ID.CHAR,I,,@ID[1],,LAST CHAR,1L,S,,,,,
LAST.PUR.COST,I,,"FIELD(LAST.COST.PUR,@VM,1)",MD40P,Last Pur Cost,7R,S,,Extract the Last Purchase Cost,,,
LAST.PUR.DATE,I,,"FIELD(LAST.COST.DATE,@VM,1)",D2/,Last Pur Date,8R,S,,Extract the Last Purchase Date,,,
LAST.YEAR,I,,"OCONV(DATE(),'D4/');@1[4]-1;""01/01/"":@2;ICONV(@3,'D4/')",D4/,1 Jan Last year,10R,S,,,,,
LAYER.ON.PALLET,I,,IF CTN.PER.LAYER THEN CTN.PALLET/CTN.PER.LAYER ELSE 0,,Layers on Pallet,2R,S,,Number of layers on a pallet,,,
LEN,I,,LEN(PRODNAME),,LENGTH,5R,S,,,,,
LEN.ID,I,,LEN(@ID),MD00P,@ID LENGTH,2R,S,,@ID length,,,
LFEE.CAT.DESC,I,,"TRANS(LFEE.CAT,LFEE.CAT.CODE,DESC,'X')",,L/FEE CAT'G DESCRIPTION,30L,S,,Licence Fee Product Category Description,,,
LM.BOT.CART.SELL,I,,"TRANS(LM.ITEM.MSTR,@ID,BOT.CART.SELL,'X')",MD00P,L/M CARTON SIZE SOLD,3R,S,,Number of Bottles per Carton - Sell - LAST.MONTH,,,
LM.CTN.PALLET,I,,"TRANS(LM.ITEM.MSTR,@ID,CTN.PALLET,'X')",MD0,L/Month Cartons /Pallet,6R,S,,Number of Cartons per Pallet - LAST.MONTH,,,
LM.LIT.FAC,I,,"TRANS(LM.ITEM.MSTR,@ID,LIT.FAC,'X')",MD30P,L/MONTH LITRE FACTOR,9R,S,,Number of Litres per bottle / container - LAST.MONTH,,,
LM.SCOST.TOT,I,,"TRANS(LM.ITEM.MSTR,@ID,SCOST.TOT,'X')+ 0",MD40P,L/MTH STD COST TOTAL,10R,S,,Standard Cost - Total - LAST.MONTH,,,
LM.SCOST.TOT.DATE,I,,"TRANS(LM.ITEM.MSTR,@ID,SCOST.TOT.DATE,'X')",D2/,L/MTH STD TOT COST DATE,8R,S,,Date of Last Standard Cost Total Update - LAST.MONTH,,,
LM.SCOST.TOT.DIFF,I,,(LM.SCOST.TOT - SCOST.TOT) + 0,MD40P,STD TOT COST DIFF,10R,S,,Difference between Last month SCOST.TOT and current mth SCOST.TOT,,,
LM.SCOST.VAR,I,,"TRANS(LM.ITEM.MSTR,@ID,SCOST.VAR,'X')+ 0",MD40P,L/MTH STD COST VARIABLE,10R,S,,Standard Cost - Variable - LAST.MONTH (must have 4 decimal points),,,
LM.SCOST.VAR.DATE,I,,"TRANS(LM.ITEM.MSTR,@ID,SCOST.VAR.DATE,'X')",D2/,L/MTH STD VAR COST DATE,8R,S,,Date of Last Standard Cost Variable Update - LAST.MONTH,,,
LM.SCOST.VAR.DIFF,I,,(LM.SCOST.VAR - SCOST.VAR) + 0,MD40P,STD VAR COST DIFF,10R,S,,Difference between Last month SCOST.VAR and current mth SCOST.VAR,,,
LM.STDCOST,I,,"TRANS(LM.ITEM.MSTR,@ID,SCOST.TOT,'X')",MD40P,LM STD COST,8R,S,,last month std cost,,,
LM.WEIGHT,I,,"TRANS(LM.ITEM.MSTR,@ID,WEIGHT,'X')",MD20P,L/Month Weight/ Carton,9R,S,,Weight Per Carton in KG's - LAST.MONTH,,,
LPRODNAME,I,,LEN(PRODNAME),,LEN PROD NAME,2R,S,,Length of Product Name,,,
LRC,I,,WEIGHT + 0,MD20P,Weight/ Carton,9R,S,,,,,
LRC.DATE,I,,"FIELD(@ID,'*',2)",D2/,ITEM.MSTR.REPT SEQ. NO.,8R,S,,ITEM.MSTR.REPT date,,,
LRC.STAT,I,,"TRANS(ITEM.STRUC,@ID,COMPONENT,'X'); IF @ THEN 'CHG' ELSE 'NEW'",,STATUS,5L,S,,,,,
LRC2,I,,"TRANS(LM.ITEM.MSTR,@ID,SCOST.VAR,'X')+ 0",,L/MTH STD COST VARIABLE,10R,S,,Standard Cost - Variable - LAST.MONTH,,,
LTRSOH,I,,"SUBR(""*STOCK.ONHAND"",'ALL');@*LIT.FAC",MD00P,LTRS O/H,8R,S,,,,,
LTRSOH.20,I,,"SUBR(""*STOCK.ONHAND"",'20');@*LIT.FAC",MD00P,MELB LTRS O/H,8R,S,,,,,
LTRSOH.21,I,,"SUBR(""*STOCK.ONHAND"",'21');@*LIT.FAC",MD00P,SYD LTRS O/H,8R,S,,,,,
LTRSOH.22,I,,"SUBR(""*STOCK.ONHAND"",'22');@*LIT.FAC",MD00P,BRIS LTRS O/H,8R,S,,,,,
LTRSOH.23,I,,"SUBR(""*STOCK.ONHAND"",'23');@*LIT.FAC",MD00P,PERTH LTRS O/H,8R,S,,,,,
LTRSOH.24,I,,"SUBR(""*STOCK.ONHAND"",'24');@*LIT.FAC",MD00P,ADEL LTRS O/H,8R,S,,,,,
MAJ.GRP.TW,I,,"TRANS(ITEM.MSTR,PRODNO,GROUP.CODE,'X');TRANS(ITEM.MSTR,PRODNO,RANGE.CODE,'X');TRANS( ITEM.MSTR,PRODNO,SIZE.CODE,'X');SUBR(""*PICZ001"",""3"",@1,@3,@2)",,CAT GRP CODE,2R,,,Major group code  (Category Group),,,
MAJOR.CODE.DESC,I,,"TRANS(ITEM.MSTR,MAJOR.PRODUCT.CODE,PRODNAME,'X')",,Major Code Desc,30T,S,,,,,
MAJOR.GROUP.CODE,I,,"TRANS(ITEM.MSTR,PRODNO,GROUP.CODE,'X');TRANS(ITEM.MSTR,PRODNO,RANGE.CODE,'X');TRANS( ITEM.MSTR,PRODNO,SIZE.CODE,'X');SUBR(""*PICZ001"",""1"",@1,@3,@2)",,CAT GRP CODE,2R,,,Major group code  (Category Group),,,
MAJOR.GROUP.CODE.O1,I,,"TRANS(GROUP.FILE,GROUP.CODE,MAJOR.GROUP,'X');IF @ THEN @ ELSE 6",,CAT GRP CODE,1L,,,Major group code  (Category Group),,,
MAJOR.GROUP.CODE.RM,I,,"SUBR(""*PBHZ123"",GROUP.CODE)",,RM Major Group Code,2L,S,,Raw Material Major Group Sort Code,,,
MAJOR.GROUP.NAME,I,,"TRANS(ITEM.MSTR,PRODNO,GROUP.CODE,'X');TRANS(ITEM.MSTR,PRODNO,RANGE.CODE,'X');TRANS( ITEM.MSTR,PRODNO,SIZE.CODE,'X');SUBR(""*PICZ001"",""1"",@1,@3,@2);TRANS(MAJOR.GROUP,@,NA ME,'X')",,CATEGORY GROUP,20L,,,Major group name  (Category Group),,,
MAJOR.GROUP.NAME.O1,I,,"TRANS(GROUP.FILE,GROUP.CODE,MAJOR.GROUP,'X');IF @ THEN @ ELSE 6;TRANS(MAJOR.GROUP,@,NAME,'X')",,CATEGORY GROUP,20L,,,Major group name  (Category Group),,,
MAJOR.GROUP.NEW,I,,"TRANS(ITEM.MSTR,PRODNO,GROUP.CODE,'X');TRANS(ITEM.MSTR,PRODNO,RANGE.CODE,'X');TRANS( ITEM.MSTR,PRODNO,SIZE.CODE,'X');SUBR(""*PICZ001"",""1"",@1,@3,@2)",,CAT GRP,2R,S,,Major GROUP code  (Category Group),,,
MAJOR.GROUP.NEW.OLD,I,,"TRANS(GROUP.FILE,GROUP.CODE,MAJOR.GROUP,'X');RANGE.CODE;SIZE.CODE;IF @1 = 3 AND(@=61 OR @=63  OR @=65) THEN 6 ELSE IF @1 = 3 AND @ = 60 THEN 7 ELSE IF @ = 99 THEN 10 ELSE IF @2 = 99 THEN 10 ELSE @1",,CAT GRP,2R,S,,Major GROUP code (Category Group),,,
MAJOR.PRODUCT.CODE.DESC,I,,"TRANS(ITEM.MSTR,MAJOR.PRODUCT.CODE,PRODNAME,'X')",,Major Code Desc,30T,S,,,,,
MAJOR.SIZE,I,,SIZE.CODE;IF @ LE 58 THEN '< 2 Ltr' ELSE 'Other';IF (@1=61 OR @1=63 OR @1=65 OR @1=83 OR @1=86) THEN 'S/Pack' ELSE @,,ABS SIZE,8R,S,,ABS SIZES,,,
MANAGER.NAME,I,,"TRANS(PRODUCT.MANAGER,PROD.MANAGER,NAME,'X')",,MANAGER NAME,30L,,,Manager name,,,
MAX.STK,I,,"TRANS(STOCK,SUBR(""!CATS"",W.H.INUSE,REUSE(@ID)),MAX.STK,'X')",,MAX.STOCK,10R,M,,get max. stock for W.H.INUSE warehouses,,,
MELB.DOZ,I,,"SUBR(""*TOTAL.STOCK"",20)",,MELB STOCK,7R,M,,,,,
MELB.LTRS,I,,"SUBR(""*BRANCH.LTRS"",20)",,MELB LTRS,7R,M,BRANCH.LTRS,Melbourne litres,,,
MELB.LTRS.OH,I,,"SUBR(""*STOCK.ONHAND.LTRS"",20,LIT.FAC)",MD0,MELB LTRS OH,7R,M,BRANCH.LTRS,Melbourne litres on hand,,,
MELB.STOCK,I,,"SUBR(""*BRANCH.STOCK"",03)",,MELB STOCK,7R,M,BRANCH.STOC K,Melbourne litres,,,
MELB.TGT.LTRS,I,,"SUBR(""*BRANCH.TARGET.LTRS"",20)",,MELB LTRS,7R,M,BRANCH.TARG ET.LTRS,Melbourne litres,,,
MJ.GRP.CD,I,,"TRANS(ITEM.MSTR,MAJOR.PRODUCT.CODE,GROUP.CODE,'X')",,MJ.GRP.CD,2T,S,,Major Product Group Code,,,
MVYEAR,I,,"TRANS(BW.CONTROL,'MVYEAR',MVYEAR,'X')",,Current Vintage,4R,S,,Translate to Control file for current vintage,,,
NAME,I,,"TRANS(PRODGP,PROD,NAME,'X')",,PRODUCT GROUP NAME,25T,S,,Translate to the Product Group File for group name,,,
NAT.SOH.DOZ,I,,"SUBR(""*STOCK.ONHAND"",'ALL');IF UNITCD='D' THEN ABS(INT(@/12)):':':MOD(@,12) ELSE @ ; IF @1 = 0 THEN '' ELSE IF @1 < 0 THEN '-':@2 ELSE @2",,National S.O.H.,10R,S,,,,,
NAT.STOCK,I,,"SUBR(""*TOTAL.BRANCH.STOCK"",'NAT')",,NAT STOCK,7R,M,BRANCH.STOC K,National stock,,,
NEW.CODE,I,,"TRANS(BW.CODE.XLATE,@ID,2,'X')",,NEW CODE,10L,S,,,,,
NEW.ID.COST,I,,"REORG.ID[1,7]:OCONV(STDCOST,'MD40P')",,NEW ID & COST,20L,S,,,,,
NMBR,I,,1,,Nmbr,6R,S,,,,,
NO.PRODUCT,I,,"IF TRANS(ITEM.MSTR,@ID,@ID,'X') THEN '' ELSE 1",,,1L,S,,CHeck  for missing products,,,
NON.ACTIV,I,,IF ACTIV = '' THEN 'Y' ELSE 'N',,REVERSAL OF ACTIV CODE,1L,S,,Reversal of ACTIV for use in alt. keys definition,,,
NON.B.KEY,I,,"IF @ID[1,1] = 'B' THEN @ID[2,99] ELSE ''",,NON B KEY,10L,S,,,,,
NON.B.NAME,I,,"TRANS(ITEM.MSTR,NON.B.KEY, PRODNAME.40,'X')",,NON B NAME,40L,S,,NON B NAME,,,
NTRF.SYSTEM,I,,"DCOUNT(TRF.SYSTEM,@VM)",,,2R,S,,Number of TRF.SYSTEM codes,,,
NUM.ID,I,,IF NUM(@ID) THEN 1 ELSE '',,,1R,S,,Numeric ID indicator,,,
ON.BILL,I,,"TRANS(ITEM.STRUC,@ID,@RECORD,'X');IF @ THEN 'Y' ELSE 'N'",,ON BOM,3L,S,,,,,
ON.ITEM.STRUC,I,,"PRODNO;TRANS(ITEM.STRUC,@,@RECORD,'X');IF @ THEN 'Y' ELSE 'N'",,ON BOM,1L,,,On the item structure file,,,
ON.MBLEND,I,,"TRANS(MBLEND,@ID,BLEND,'X') ;IF @ = '' THEN 'N' ELSE 'Y'",,Code On Mblend,1L,S,,Code is on MBLEND file,,,
OTHER.LTRS.OH,I,,STOCKOH.LTRS-MELB.LTRS.OH-SYD.LTRS.OH-BRIS.LTRS.OH-ADEL.LTRS.OH-PERTH.LTRS.OH,MD0,OTHER O/H LTRS,8R,S,,,,,
PACK,I,,PRODNAME:' ':SDESC:' ':STOCKNO,,SPECIFICATIONS,50T,S,,To compose up MW product Specifications,,,
PALLET.HEIGHT,I,,(LAYER.ON.PALLET*CTN.DIM.H)+140,MD00P,Pallet Height,4R,S,,,,,
PALLET.WGHT,I,,"TRANS(DESCRIPTION,'PALLET.WGHT',1,'X') ;IF @1 = '' THEN 40 ELSE @1",,PALLET WEIGHT,3R,S,,,,,
PARA.PRODNAME,I,,"TRANS(PARA.ITEM.MSTR,@ID,PRODNAME,'X')",,Para Product Name,30T,S,,Product Name Description,,,
PENF.ASPAC.BUD,I,,"'91':@VM:'92':@VM:'93';SUBR(""!CATS"",@,REUSE(@ID));TRANS(PRODUCT.BUDGET.NY,@,TOT.CASE S,'X');SUM(@)",MD00P,ASIA PACIFIC CASES,9R,S,,,,,
PENF.CAN.BUD,I,,"TRANS(PRODUCT.BUDGET.NY,82:@ID,TOT.CASES,'X')",MD00P,CANADA CASES,9R,S,,,,,
PENF.CDS.BUD,I,,"'10':@VM:'11':@VM:'18':@VM:'19':@VM:'20':@VM:'31':@VM:'32':@VM:'33':@VM:'34':@VM:'39 ':@VM:'40':@VM:'41':@VM:'42';SUBR(""!CATS"",@,REUSE(@ID));TRANS(PRODUCT.BUDGET.NY,@,TO T.CASES,'X');SUM(@)",MD00P,C.D.S. CASES,9R,S,,,,,
PENF.COST,I,,"IF UNITCD = 'D' THEN 12 ELSE 1; OCONV(@*LIT.FAC*0.11,'MD30P');OCONV(USER.COST - @,'MD40P'); IF @ LT 0 THEN '0.0000' ELSE @",MD40P,PENFOLDS COST/UNIT,10R,S,,Penfolds Cost/unit as in PENFOLDS.PROD.COST.FILE,,,
PENF.NZ.BUD,I,,"TRANS(PRODUCT.BUDGET.NY,'411*':@ID,TOT.CASES,'X');IF @ = '' THEN 0 ELSE @",MD00P,N.Z. CASES,9R,S,,,,,
PENF.SCAND.BUD,I,,"'121*':@VM:'122*':@VM:'123*';SUBR(""!CATS"",@,REUSE(@ID));TRANS(PRODUCT.BUDGET.NY,@,TO T.CASES,'X');SUM(@)",MD00P,SCAND CASES,9R,S,,,,,
PENF.TBT.BUD,I,,"'01':@VM:'02':@VM:'03':@VM:'04':@VM:'05':@VM:'06';SUBR(""!CATS"",@,REUSE(@ID));TRANS(P RODUCT.BUDGET.NY,@,TOT.CASES,'X');SUM(@)",MD00P,T.B.T. CASES,9R,S,,,,,
PENF.TOT.BUD,I,,"'01':@VM:'02':@VM:'03':@VM:'04':@VM:'05':@VM:'06':@VM:'09':@VM:'10':@VM:'11':@VM:'18 ':@VM:'19':@VM:'20':@VM:'31':@VM:'32':@VM:'33':@VM:'34':@VM:'39':@VM:'40':@VM:'41':@ VM:'42':@VM:'71':@VM:'72':@VM:'73':@VM:'81':@VM:'82':@VM:'91':@VM:'92':@VM:'93':@VM: '94';SUBR(""!CATS"",@,REUSE(@ID));TRANS(PRODUCT.BUDGET.NY,@,TOT.CASES,'X');SUM(@)",MD00P,TOTAL COMPANY CASES,9R,S,,,,,
PENF.UKEUR.BUD,I,,"'111*':@VM:'112*':@VM:'113*':@VM:'114*':@VM:'115*':@VM:'116*':@VM:'117*':@VM:'118*': @VM:'119*':@VM:'131*':@VM:'141*':@VM:'142';SUBR(""!CATS"",@,REUSE(@ID));TRANS(PRODUCT. BUDGET.NY,@,TOT.CASES,'X');SUM(@)",MD00P,UK & EUR CASES,9R,S,,,,,
PENF.USA.BUD,I,,"'211*':@VM:'212*':@VM:'213*';SUBR(""!CATS"",@,REUSE(@ID));TRANS(PRODUCT.BUDGET.NY,@,TO T.CASES,'X');SUM(@)",MD00P,U.S.A. CASES,9R,S,,,,,
PERIODEND,I,,"TRANS(DESCRIPTION,'NEXTSEQ',PERIODENDDATE,'X')",D2/,PERIOD END DATE,8R,S,,Translate to the DESCRIPTION file for the Period End Date,,,
PERTH.DOZ,I,,"SUBR(""*TOTAL.STOCK"",23)",,PERTH STOCK,7R,M,,,,,
PERTH.LTRS,I,,"SUBR(""*BRANCH.LTRS"",23)",,PERTH LTRS,7R,M,BRANCH.LTRS,Perth litres,,,
PERTH.LTRS.OH,I,,"SUBR(""*STOCK.ONHAND.LTRS"",23,LIT.FAC)",MD0,PERTH LTRS OH,7R,M,BRANCH.LTRS,Perth litres on hand,,,
PERTH.STOCK,I,,"SUBR(""*BRANCH.STOCK"",06)",,PERTH STOCK,7R,M,BRANCH.STOC K,Perth stock,,,
PERTH.TGT.LTRS,I,,"SUBR(""*BRANCH.TARGET.LTRS"",23)",,PERTH LTRS,7R,M,BRANCH.TARG ET.LTRS,Perth litres,,,
PGROUPING,I,,"SUBR(""*PGROUPSEL"",RANGE.CODE,TYPE.CODE,GROUP.CODE,PACK.TYPE,SIZE.CODE)",,PRODUCT GROUPING,2R,S,,Penfolds Report Format Product Grouping Code,,,
PHONETIC,I,,"PRODNAME;SDESC;IF COUNT(@1,' ') THEN FIELD(@1,' ',1)[1,1]:FIELD(@1,' ',2)[1,1]:FIELD(@1,' ',3)[1,1] ELSE @1[1,3];@:@2[1,1]",,PHONETIC,8T,S,,Phonetic on description,,,
PLT.DEPTH,I,,"TRANS(PALLET.CONFIG,PALLET.CONFIG,DEPTH,'X')",,Pallet Depth,6R,S,,Pallet depth in mm,,,
PLT.HEIGHT,I,,"TRANS(PALLET.CONFIG,PALLET.CONFIG,HEIGHT,'X')",,Pallet Height,6R,S,,Pallet height in mm,,,
PLT.WEIGHT,I,,"TRANS(PALLET.CONFIG,PALLET.CONFIG,WEIGHT,'X')",,Pallet Weight,6R,S,,Pallet weight in mm,,,
PLT.WIDTH,I,,"TRANS(PALLET.CONFIG,PALLET.CONFIG,WIDTH,'X')",,Pallet Width,6R,S,,Pallet width in mm,,,
POS.62,I,,"FIELD(TRANS(STOCK,'62':@ID,PRICE,""X""),@VM,5);IF UNITCD = 'D' THEN @/12 ELSE @;IF FIELD(POS.LOCS,@VM,1) = 'Y' THEN FIELD(POS.LOCS,@VM,1):'   ':FMT(@2,'6R2') ELSE 'N '",,LOC 62,10L,S,,,,,
POS.63,I,,"FIELD(TRANS(STOCK,'63':@ID,PRICE,""X""),@VM,5);IF UNITCD = 'D' THEN @/12 ELSE @;IF FIELD(POS.LOCS,@VM,2) = 'Y' THEN FIELD(POS.LOCS,@VM,2):'   ':FMT(@2,'6R2') ELSE 'N '",,LOC 63,10L,S,,,,,
POS.64,I,,"FIELD(TRANS(STOCK,'64':@ID,PRICE,""X""),@VM,5);IF UNITCD = 'D' THEN @/12 ELSE @;IF FIELD(POS.LOCS,@VM,3) = 'Y' THEN FIELD(POS.LOCS,@VM,3):'   ':FMT(@2,'6R2') ELSE 'N '",,LOC 64,10L,S,,,,,
POS.65,I,,"FIELD(TRANS(STOCK,'65':@ID,PRICE,""X""),@VM,5);IF UNITCD = 'D' THEN @/12 ELSE @;IF FIELD(POS.LOCS,@VM,4) = 'Y' THEN FIELD(POS.LOCS,@VM,4):'   ':FMT(@2,'6R2') ELSE 'N '",,LOC 65,10L,S,,,,,
POS.LIST,I,,'62':@VM:'63':@VM:'64':@VM:'65',,LIST OF POS LOCS.,2L,M,,LIST OF POS LOCATIONS,,,
POS.LOCS,I,,"SUBR(""*POS.RECORD"",W.H.INUSE)",,EXISTENCE FLAG,1L,M,,STOCK RECORD EXISTENCE FLAG,,,
POS.PRICEA,I,,"FIELD(TRANS(STOCK,""62"":@ID,PRICE,""X""),@VM,1):@VM:FIELD(TRANS(STOCK,""63"":@ID,PRICE,""X ""),@VM,1):@VM:FIELD(TRANS(STOCK,""64"":@ID,PRICE,""X""),@VM,1):@VM:FIELD(TRANS(STOCK,""65 "":@ID,PRICE,""X""),@VM,1)",MD20P,POS WHOLESALE PRICE,10R,M,,LIST OF 'A' PRICES FOR 62 63 64 65,,,
POS.PRICEE,I,,"FIELD(TRANS(STOCK,""62"":@ID,PRICE,""X""),@VM,3):@VM:FIELD(TRANS(STOCK,""63"":@ID,PRICE,""X ""),@VM,3):@VM:FIELD(TRANS(STOCK,""64"":@ID,PRICE,""X""),@VM,3):@VM:FIELD(TRANS(STOCK,""65 "":@ID,PRICE,""X""),@VM,3)",MD20P,POS STAFF PRICE,10R,M,,LIST OF 'E' PRICES FOR 62 63 64 65,,,
POS.PRICEH,I,,"FIELD(TRANS(STOCK,""62"":@ID,PRICE,""X""),@VM,5):@VM:FIELD(TRANS(STOCK,""63"":@ID,PRICE,""X ""),@VM,5):@VM:FIELD(TRANS(STOCK,""64"":@ID,PRICE,""X""),@VM,5):@VM:FIELD(TRANS(STOCK,""65 "":@ID,PRICE,""X""),@VM,5)",MD20P,POS RETAIL PRICE,10R,M,,LIST OF 'H' PRICES FOR 62 63 64 65,,,
PP.EXIST,I,,"TRANS( ""SALEPPF6"" , @ID , 0 , 'X' )",,On PP,5L,S,,,,,
PR.DATE,I,,"FIELD(@ID,'*',2)",,DATE,9R,S,,Field Extraction of the Code from the PRODUCT.REPT File,,,
PR.TIME,I,,"FIELD(@ID,'*',3)",,TIME,9R,S,,Field Extraction of the Code from the PRODUCT.REPT File,,,
PRE.PREBUD.STAX.DESC,I,,"TRANS(STAX.GRP,PRE.PREBUD.STAX,DESCR,'X')",,PRE PREBUDGET STAX DESCRIPTION,20L,S,,Pre Prebudget Sales Tax Code Description,,,
PRE.PREBUD.STAX.RATE,I,,"TRANS(STAX.GRP,PRE.PREBUD.STAX,TAX,'X')",,PRE PREBUD STAX RATE,5R,S,,Pre Prebudget Sales Tax Rate,,,
PRE.PREBUD.TAX.NAME,I,,"TRANS(STAX.GRP,PRE.PREBUD.STAX,DESCR,'X')",,Sales Tax Grp Name,20T,S,,Translate to STAX.GRP file for description,,,
PRE.PREBUDGET.STAX.DESC,I,,"TRANS(STAX.GRP,PRE.PREBUB.STAX,DESCRIPTION,'X')",,PRE.PREBUD STAX DESCRIPTION,20L,S,,Pre Prebudget Sales Tax Code Description,,,
PREBUD.STAX.DESC,I,,"TRANS(STAX.GRP,PREBUD.SALESTAX.CODE,DESCR,'X')",,PREBUDGET STAX DESCRIPTION,20L,S,,Prebudget Sales Tax Code Description,,,
PREBUD.STAX.RATE,I,,"TRANS(STAX.GRP,PREBUD.SALESTAX.CODE,TAX,'X')",,PREBUD STAX RATE,5R,S,,Prebudget Sales Tax Rate,,,
PREBUD.TAX.NAME,I,,"TRANS(STAX.GRP,PREBUD.SALESTAX.CODE,DESCR,'X')",,Prebudget Sales Tax Grp Name,20T,S,,Translate to STAX.GRP file for description,,,
PREF,I,,"@ID[1,1]",,Pref,1L,S,,,,,
PREQDET.UK,I,,"SUBR(""*POEI535"",@RECORD)",,EDI Character Detail Record,30T,S,,PREQ Detail EDI Character record,,,
PRICE.02,I,,"TRANS(PRICE,'02*':@ID,CURRENT.PRICE,'X')",MD20P,Br02 Price,7R,S,,Price Branch 02,,,
PRICE.NDATE.02,I,,"TRANS(PRICE,'02*':@ID,NEW.DATE.EFF,'X')",D2/,Br02New PrcDate,8R,S,,New Price Date Effective Branch 02,,,
PRICE.NEW.02,I,,"TRANS(PRICE,'02*':@ID,NEW.PRICE,'X') * BOT.CART.SELL",MD20P,Br02New Price,7R,S,,New Price Branch 02,,,
PROD.12,I,,"PRODNO[1,2]",,PROD-12,2L,S,,,,,
PROD.36,I,,"PRODNO[3,6]",,PROD-36,6L,S,,,,,
PROD.6,I,,"PRODNO[1,6]",,PROD6,6L,S,,,,,
PROD.ALTKEY,I,,"PROD.CODE:""*"":NON.ACTIV",,PROD.CODE ALT. KEY,5L,S,,Alternate key for PROD.CODE,,,
PRODADD,I,,"FIELD(@ID,'*',5)",,PROD CODE,1T,S,,Field Extraction of the Code from the PRODUCT.REPT File,,,
PRODGP.ALTKEY,I,,"PRODGP:""*"":NON.ACTIV",,PRODGP ALT. KEY,5L,S,,Alternate key for PRODGP,,,
PRODGP.BRAND.ALTKEY,I,,"PRODGP:""*"":BRAND.CODE:""*"":NON.ACTIV",,PRODGP.BRAND.CODE ALT. KEY,7L,S,,Alternate key for PRODGP and BRAND.CODE,,,
PRODGP.DESC,I,,"TRANS(PRODGP,PRODGP,NAME,'X')",,PRODGP DESCRIPTION,30L,S,,PRODGP Description,,,
PRODGP.GROUP.ALTKEY,I,,"PRODGP:""*"":GROUP.CODE:""*"":NON.ACTIV",,PRODGP.GROUP.CODE ALT. KEY,8L,S,,Alternate key for PRODGP and GROUP.CODE,,,
PRODGP.PROD.ALTKEY,I,,"PRODGP:""*"":PROD.CODE:""*"":NON.ACTIV",,PRODGP.PROD.CODE ALT. KEY,9L,S,,Alternate key for PRODGP and PROD.CODE,,,
PRODGP.RANGE.ALTKEY,I,,"PRODGP:""*"":RANGE.CODE:""*"":NON.ACTIV",,PRODGP.RANGE.CODE ALT. KEY,8L,S,,Alternate key for PRODGP and RANGE.CODE,,,
PRODGP.SEQ,I,,IF PRODGP = 'FG' THEN 0 ELSE IF PRODGP = 'UF' THEN 1 ELSE 2,,,1R,S,,Sort sequence for processing PICU992 Purge process,,,
PRODGP.STATUS.ALTKEY,I,,"PRODGP:""*"":STATUS.CODE:""*"":NON.ACTIV",,PRODGP.STATUS.CODE ALT. KEY,9L,S,,Alternate key for PRODGP and STATUS.CODE,,,
PRODGP.TYPE.ALTKEY,I,,"PRODGP:""*"":TYPE.CODE:""*"":NON.ACTIV",,PRODGP.TYPE.CODE ALT. KEY,8L,S,,Alternate key for PRODGP and TYPE.CODE,,,
PRODGP1,I,,"PRODGP[1,1]",,GP 1,1T,S,,Extract first position of product group for EOM reports,,,
PRODNAME.CSV,I,,"IF COUNT(PRODNAME[1,38],"","") THEN '""':PRODNAME:'""' ELSE PRODNAME",,Product Name,40T,S,,CSV Friendly product name. used in DEFUSE extract DWGENCOST,,,
PRODNAME.DISPLAY,I,,PRODNAME,,PRODUCT NAME,30T,S,,Product Name Description,,,
PRODNAME.UC,I,,UPCASE(PRODNAME),,Product Name,30L,S,,,,,
PRODNAME2.CSV,I,,"CONVERT(""'"","""",CONVERT("","","" "",CONVERT(""&"",""+"",PRODNAME)))",,Product Name,40T,S,,CSV Friendly product name. used in DEFUSE extract DWGENCOST,,,
PRODUCT,I,,"FIELD(@ID,'*',4)",,PROD. NO.,5T,S,,Product Code Description from @ID for PRODUCT.REPT File,,,
PSTAGE.DESC,I,,IF PROD.STAGE = '' THEN 'Existing' ELSE IF PROD.STAGE = 'C' THEN 'Concept' ELSE 'Approved',,Prod Stage,8L,S,,Literal for Product stage,,,
PTD.LITRES,I,,"FIELD(SUBR(""*BRANCH.LTRS"",'ALL'),@VM,1)",,PTD SALES LTRS,7R,S,,,,,
PW.AUTO.BATCH.REL,I,,1,,Auto Batch Release,1L,S,,"Auto release from quarantine flag, used by WMS",,,
PW.PRODTYPE,I,,IF BOT.CART.SELL > 1 THEN CU ELSE EA,,,2L,S,,"Paperless Warehousing, product type",,,
QTY.INTRAN.CASES,I,,"SUM(TRANS(STOCK,SUBR(""!CATS"",W.H.INUSE,REUSE(@ID)),QTYINTRAN,'X'))/SELL.UNIT",MD00P,QTY.INTRAN CASES,10R,S,,Total of stock in transit in cases,,,
QTY.OH.CASES,I,,"SUM(TRANS(STOCK,SUBR(""!CATS"",W.H.INUSE,REUSE(@ID)),QTYOH,'X'))/SELL.UNIT",MD00P,QTY.OH CASES,10R,S,,Total of stock on hand in cases,,,
QTY.QC.CASES,I,,"SUM(TRANS(STOCK,SUBR(""!CATS"",W.H.INUSE,REUSE(@ID)),QTY.QC,'X'))/SELL.UNIT",MD00P,QTY.QC CASES,10R,S,,Total of stock in Quality Control in cases,,,
QTYOH.CASES,I,,"SUM(TRANS(STOCK,SUBR(""!CATS"",W.H.INUSE,REUSE(@ID)),QTYOH,'X'))/SELL.UNIT",MD00P,Qty On Hand Cases,10R,S,,Total of stock on hand in cases,,,
RANGE.ALTKEY,I,,"RANGE.CODE:""*"":NON.ACTIV",,RANGE.CODE ALT. KEY,4L,S,,Alternate key for RANGE.CODE,,,
RANGE.BRAND.CODE,I,,"TRANS(RANGE,RANGE.CODE,BRAND.CODE,'X')",,RG BD,2R,S,,,,,
RANGE.NAME,I,,"TRANS(RANGE,RANGE.CODE,NAME,'X')",,RANGE NAME,20L,,,Range Name,,,
RANGE.NAME10W,I,,"TRANS(RANGE,RANGE.CODE,NAME,'X')[1,10]",,RANGE NAME,10L,,,Range Name,,,
RANGE.SHORT.NAME,I,,"TRANS(RANGE,RANGE.CODE,SHORT.NAME,'X')",,RANGE,6L,S,,Range Short Name,,,
RANGE.SORT.SEQ,I,,"TRANS(RANGE,RANGE.CODE,SORT.SEQ,'X')",,Sort Seq,3R,S,,Sort sequence,,,
RB.NAME,I,,"TRANS(BRAND,RANGE.BRAND.CODE,NAME,'X')",,BRAND NAME,20L,S,,,,,
RB.SORT.SEQ,I,,"TRANS(BRAND,RANGE.BRAND.CODE,SORT.SEQ,'X')",,Sort Seq,3R,S,,Sort sequence,,,
REORG.ID,I,,"SUBR(""*PZZZ101"",@ID)",,NEW ID,14L,S,,,,,
REPT.DATE,I,,"FIELD(@ID,'*',2)",D2/,ITEM.MSTR.REPT DATE NO.,8R,S,,ITEM.MSTR.REPT date,,,
REPT.PRODUCT,I,,"FIELD(@ID,'*',4)",,ITEM.MSTR.REPT PRODUCT,9L,S,,ITEM.MSTR.REPT file product code,,,
REPT.SEQ,I,,"FIELD(@ID,'*',1)",,ITEM.MSTR.REPT SEQ. NO.,6R,S,,ITEM.MSTR.REPT file seq. no.,,,
REPT.TYPE,I,,"FIELD(@ID,'*',5)",,ITEM.MSTR.REPT TYPE,1R,S,,ITEM.MSTR.REPT file type,,,
ROUT.COMP.SORT,I,,,,,,,,Sorting value for routing codes and their components,,,
ROUT.CORE,I,,"SUBR('*PSMI910',@ID,TYPE.CODE,'CORE')",,Routing core,5L,S,,First 5 chars. in routing code,,,
ROUT.PRODN.RATE,I,,"TRANS(ROUTINGS,ROUTING.NO,PRODN.RATE,""X"")",,ROUTING PRODN RATE,5R,S,,,,,
ROUT.SORT,I,,"SUBR('*PSMI910','',TYPE.CODE,'SORT')",,ROUT. COMP SORT,1R,S,,Sorting code for Routing codes and theirs components,,,
RP.DATE,I,,"FIELD(@ID,'*',2)",D2/,DATE,8R,S,,Date from .rept record,,,
RP.PRODNO,I,,"FIELD(@ID,'*',4)",,PRODNO,12R,S,,Product number in .rept file id,,,
RSYS.DEL.IM,I,,"TRANS(USA.DEL.ITEM.MSTR,@ID,PRODNAME,'X');IF @ THEN 1 ELSE 0",,RSYS DEL,5L,S,,,,,
SAGROUP,I,,"SUBR(""*PICZ001"",""SA"",GROUP.CODE,SIZE.CODE,RANGE.CODE)",,SA GRP,2R,,,Sales Analysis Group code (Category code),,,
SALEABLE.BW,I,,"@ID[6,1];LEN(@ID);IF @1 = '0' AND @2 < 8 THEN 'Y' ELSE ''",,SALE BULK WINE,1L,S,,Saleable bulk wine item,,,
SCAND.BUD,I,,"TRANS(PRODUCT.BUDGET,73:'*':@ID,TOT.CASES,'X')",MD00P,SCAND CASES,9R,S,,,,,
SCOST.DIFF,I,,SCOST.VAR - SCOST.TOT,MD40P,DIFFERENCE SCOST,10R,S,,DIFFERENCE BETWEEN SCOST.VAR - SCOST.TOT,,,
SCOST.TOT.DATE.B,I,,"IF @ID[1,1] = 'B' THEN SCOST.TOT.DATE ELSE TRANS(ITEM.MSTR,'B':@ID[2,6],SCOST.TOT.DATE,'X')",D2/,Std Tot Cost Date,8R,S,,Date of Last Standard Cost Total Update for base blend,,,
SCOST.TOT.VAL,I,,IF (INV.LEV = 'B' OR (INV.LEV = 'T' AND LEN.ID = 8 )) AND SCOST.TOT > 0 THEN SCOST.TOT ELSE '',MD40P,Value Per Litre,10R,S,,I-type Standard Cost Total Value,,,
SCOST.VAR.DATE.B,I,,"IF @ID[1,1] = 'B' THEN SCOST.VAR.DATE ELSE TRANS(ITEM.MSTR,'B':@ID[2,6],SCOST.VAR.DATE,'X')",D2/,Std Var Cost Date,8R,S,,Date of Last Standard Cost Variable Update for base blend,,,
SEQ.NO,I,,"FIELD(@ID,'*',1)",,,9R,S,,Field Extr. of Seq. No.,,,
SF.DOZ,I,,"SUBR(""*TOTAL.STOCK"",40)",,S/F STOCK,7R,M,,,,,
SHORT.NAME,I,,"SHORT.DESC ; IF @1 = '' THEN PRODNAME[1,15] ELSE @1",,Short Description,15L,S,,"Short description or long name[1,15]",,,
SID.DOZ,I,,"SUBR(""*TOTAL.STOCK"",30)",,I/D STOCK,7R,M,,,,,
SID.STOCK,I,,"SUBR(""*BRANCH.STOCK"",30)",,INT DIR STOCK,7R,M,BRANCH.STOC K,Interstate direct stock,,,
SIZE.NAME,I,,"TRANS(SIZE,SIZE.CODE,NAME,'X')",,SIZE NAME,8L,,,Size name,,,
SLOW.MOVING.VALUE,I,,"STOCKOH;YTDQTY;TRANS(SALES.DESCRIPTION,'MONTH',MONTH,'X');IF @ GE 7 THEN @-6 ELSE @+6;@*4.33;@2/@5;@1-(8*@);IF UNITCD = 'D' THEN ((@)*CURCOST) /12 ELSE (@) * CURCOST",MD00P,SLOW MOVING VALUE,10R,S,,Slow moving value,,,
SLOW.MOVING.VALUE1,I,,"STOCKOH;YTDQTY;TRANS(SALES.DESCRIPTION,'MONTH',MONTH,'X');IF @ GE 7 THEN @-6 ELSE @+6;@*4.33;@2/@5;@1-(1*@);IF UNITCD = 'D' THEN ((@)*CURCOST) /12 ELSE (@) * CURCOST",MD00P,SLOW MOVING VALUE,10R,S,,Slow moving value,,,
SLOW.MOVING.VALUE2,I,,"STOCKOH;YTDQTY;TRANS(SALES.DESCRIPTION,'MONTH',MONTH,'X');IF @ GE 7 THEN @-6 ELSE @+6;@*4.33;@2/@5;@1-(2*@);IF UNITCD = 'D' THEN ((@)*CURCOST) /12 ELSE (@) * CURCOST",MD00P,SLOW MOVING VALUE,10R,S,,Slow moving value,,,
SLOW.MOVING.VALUE3,I,,"STOCKOH;YTDQTY;TRANS(SALES.DESCRIPTION,'MONTH',MONTH,'X');IF @ GE 7 THEN @-6 ELSE @+6;@*4.33;@2/@5;@1-(3*@);IF UNITCD = 'D' THEN ((@)*CURCOST) /12 ELSE (@) * CURCOST",MD00P,SLOW MOVING VALUE,10R,S,,Slow moving value,,,
SLOW.MOVING.VALUE4,I,,"STOCKOH;YTDQTY;TRANS(SALES.DESCRIPTION,'MONTH',MONTH,'X');IF @ GE 7 THEN @-6 ELSE @+6;@*4.33;@2/@5;@1-(4*@);IF UNITCD = 'D' THEN ((@)*CURCOST) /12 ELSE (@) * CURCOST",MD00P,SLOW MOVING VALUE,10R,S,,Slow moving value,,,
SLOW.MOVING.VALUE5,I,,"STOCKOH;YTDQTY;TRANS(SALES.DESCRIPTION,'MONTH',MONTH,'X');IF @ GE 7 THEN @-6 ELSE @+6;@*4.33;@2/@5;@1-(5*@);IF UNITCD = 'D' THEN ((@)*CURCOST) /12 ELSE (@) * CURCOST",MD00P,SLOW MOVING VALUE,10R,S,,Slow moving value,,,
SLOW.MOVING.VALUE6,I,,"STOCKOH;YTDQTY;TRANS(SALES.DESCRIPTION,'MONTH',MONTH,'X');IF @ GE 7 THEN @-6 ELSE @+6;@*4.33;@2/@5;@1-(6*@);IF UNITCD = 'D' THEN ((@)*CURCOST) /12 ELSE (@) * CURCOST",MD00P,SLOW MOVING VALUE,10R,S,,Slow moving value,,,
SLOW.MOVING.VALUE7,I,,"STOCKOH;YTDQTY;TRANS(SALES.DESCRIPTION,'MONTH',MONTH,'X');IF @ GE 7 THEN @-6 ELSE @+6;@*4.33;@2/@5;@1-(7*@);IF UNITCD = 'D' THEN ((@)*CURCOST) /12 ELSE (@) * CURCOST",MD00P,SLOW MOVING VALUE,10R,S,,Slow moving value,,,
SLOW.MOVING.VALUE8,I,,"STOCKOH;YTDQTY;TRANS(SALES.DESCRIPTION,'MONTH',MONTH,'X');IF @ GE 7 THEN @-6 ELSE @+6;@*4.33;@2/@5;@1-(8*@);IF UNITCD = 'D' THEN ((@)*CURCOST) /12 ELSE (@) * CURCOST",MD00P,SLOW MOVING VALUE,10R,S,,Slow moving value,,,
SLOW.MOVING.VALUE9,I,,"STOCKOH;YTDQTY;TRANS(SALES.DESCRIPTION,'MONTH',MONTH,'X');IF @ GE 7 THEN @-6 ELSE @+6;@*4.33;@2/@5;@1-(9*@);IF UNITCD = 'D' THEN ((@)*CURCOST) /12 ELSE (@) * CURCOST",MD00P,SLOW MOVING VALUE,10R,S,,Slow moving value,,,
SPACE3,I,,'             ',,,3L,,,,,,
STATUS.ALTKEY,I,,"STATUS.CODE:""*"":NON.ACTIV",,STATUS.CODE ALT. KEY,5L,S,,Alternate key for STATUS.CODE,,,
STATUS.NAME,I,,"TRANS(STATCODE,STATUS.CODE,NAME,'X')",,STATUS NAME,25L,,,Status name,,,
STATUS.NAME13W,I,,"TRANS(STATCODE,STATUS.CODE,NAME,'X')[1,13]",,STATUS NAME,13L,,,Status name,,,
STAX.DESC,I,,"TRANS(STAX.GRP,SALES.TAX.CODE,DESCR,'X')",,STAX DESCRIPTION,25L,S,,Sales Tax Code Description,,,
STAX.RATE,I,,"TRANS(STAX.GRP,SALES.TAX.CODE,TAX,'X')",,STAX RATE,5R,S,,Sales Tax Rate,,,
STD.LITR.COST,I,,IF LIT.FAC > 0 THEN STDCOST/LIT.FAC ELSE STDCOST;IF UNITCD = 'D' THEN @/12 ELSE @,MD40P,STD LITRE COST,10R,S,,Standard litre cost,,,
STD.PALLET.WGHT,I,,"TRANS(DESCRIPTION,'PALLET.WGHT',1,'X') ;IF @1 = '' THEN 40 ELSE @1; WEIGHT*CTN.PALLET+ @2",MD20P,Standard Pallet Weight,6R,S,,Standard weight of a full pallet of product  (KG),,,
STD.STK.LOC.DESC,I,,"TRANS(STD.STK.LOCS,STD.STK.LOC,1,""X"")",,STD STK LOCATION,20L,S,,,,,
STD.UNIT.PALLET,I,,BOT.CART.SELL * CTN.PALLET,,Units Per Pallet,4R,S,,Standard units (bottles) per pallet,,,
STDCOST,I,,SCOST.TOT,MD40P,,12R,,,,,,
STOCK.ON.HAND,I,,"TRANS(I.MB.TANK,ITEM.CODE,'BLENDNO','X')",,Stock on Hand,5T,S,,Stock on Hand,,,
STOCK.VAL,I,,IF UNITCD = 'D' THEN ((STOCKOH)*CURCOST) /12 ELSE (STOCKOH) * CURCOST,MD00P,STOCK VALUE,10R,S,,,,,
STOCKNO,I,,ITEM.CODE,,,12L,,,,,,
STOCKOH,I,,"SUBR(""*STOCK.ONHAND"",'ALL')",,QTY O/H,8R,S,,,,,
STOCKOH.20,I,,"SUBR(""*STOCK.ONHAND"",'20')",,MELB QTY O/H,8R,S,,,,,
STOCKOH.21,I,,"SUBR(""*STOCK.ONHAND"",'21')",,SYD QTY O/H,8R,S,,,,,
STOCKOH.22,I,,"SUBR(""*STOCK.ONHAND"",'22')",,BRIS QTY O/H,8R,S,,,,,
STOCKOH.23,I,,"SUBR(""*STOCK.ONHAND"",'23')",,PERTH QTY O/H,8R,S,,,,,
STOCKOH.24,I,,"SUBR(""*STOCK.ONHAND"",'24')",,ADEL QTY O/H,8R,S,,,,,
STOCKOH.DOZ,I,,"SUBR(""*STOCK.ONHAND"",'ALL');IF UNITCD THEN @/12 ELSE @",MD10P,QTY O/H DOZ,8R,S,,,,,
STOCKOH.LTRS,I,,"SUBR(""*STOCK.ONHAND"",'ALL')*LIT.FAC",MD00P,QTY O/H LTRS,8R,S,,,,,
SUB.CODE,I,,"TRANS(ITEM.MSTR,PRODNO,GROUP.CODE,'X');TRANS(ITEM.MSTR,PRODNO,RANGE.CODE,'X');TRANS( ITEM.MSTR,PRODNO,SIZE.CODE,'X');SUBR(""*PICZ001"",""1"",@1,@3,@2);TRANS(MAJOR.GROUP,@,SU B.CODE,'X');IF BRAND.CODE = 42 THEN 54 ELSE @;IF BRAND.CODE = 43 THEN 55 ELSE @;IF BRAND.CODE = 90 THEN 56 ELSE @;IF BUS.UNIT = 1 THEN 0:@ ELSE IF BUS.UNIT = 2 THEN 1:@ ELSE 256",,SUB CODE,3L,,,G/L sub code,,,
SUB.CODE.DESC,I,,"TRANS(ITEM.MSTR,SUB.PRODUCT.LIST,PRODNAME,'X')",,Product Name,30L,M,CONS,,,,
SUB.CODE.O1,I,,"GROUP.CODE;TRANS(GROUP.FILE,@,MAJOR.GROUP,'X');TRANS(MAJOR.GROUP,@,SUB.CODE,'X');IF BRAND.CODE = 42 THEN 54 ELSE @;IF BRAND.CODE EQ 43 THEN 55 ELSE  @;IF BRAND.CODE EQ 90 THEN 56 ELSE @;IF BUS.UNIT = 1 THEN 0:@ ELSE IF BUS.UNIT = 2 THEN 1:@ ELSE 256",,SUB CODE,3L,,,G/L sub code,,,
SUB.CODE.TRADE,I,,"TRANS(ITEM.MSTR,SUB.PRODUCT.LIST,TRADE.GENERIC.CD,'X')",,Trade,3L,M,CONS,,,,
SUB.CODE.TRF.SYSTEM,I,,"TRANS(ITEM.MSTR,SUB.PRODUCT.LIST,TRF.SYSTEM,'X')",,Trf Sys,3L,M,CONS,,,,
SUB.NMBR,I,,"DCOUNT(SUB.PRODUCT.LIST,@VM)",,Nmbr,4R,S,,Number of minor codes in consolidation,,,
SUB.PRODUCTS,I,,"IF MAJOR.PRODUCT.CODE NE '' THEN (IF MAJOR.PRODUCT.CODE = @ID THEN SUB.PRODUCT.LIST ELSE TRANS(ITEM.MSTR,MAJOR.PRODUCT.CODE,SUB.PRODUCT.LIST,'X')) ELSE ''",,Related Products,14L,M,,,,,
SUB.PRODUCTS.DESC,I,,"TRANS(ITEM.MSTR,SUB.PRODUCTS,PRODNAME,'X')",,Product Name,40T,M,,,,,
SYD.DOZ,I,,"SUBR(""*TOTAL.STOCK"",21)",,SYD STOCK,7R,M,,,,,
SYD.LTRS,I,,"SUBR(""*BRANCH.LTRS"",21)",,SYD LTRS,7R,M,BRANCH.LTRS,Sydney litres,,,
SYD.LTRS.OH,I,,"SUBR(""*STOCK.ONHAND.LTRS"",21,LIT.FAC)",MD0,SYD LTRS OH,7R,M,BRANCH.LTRS,Sydney litres on hand,,,
SYD.STOCK,I,,"SUBR(""*BRANCH.STOCK"",02)",,SYD STOCK,7R,M,BRANCH.STOC K,Sydney litres,,,
SYD.TGT.LTRS,I,,"SUBR(""*BRANCH.TARGET.LTRS"",21)",,SYD LTRS,7R,M,BRANCH.TARG ET.LTRS,Sydney litres,,,
T.CODE.INV.LEV,I,,"IF TCODE # '' THEN TCODE[1,1] ELSE ''",,Inv Lev,1L,S,,Inventory Level for for T Codes used in DW.COSTS and DW.TCOSTS DEFUSE extractions,,,
TAS.LTRS,I,,"SUBR(""*BRANCH.LTRS"",29)",,TAS LTRS,7R,M,BRANCH.LTRS,Tasmania litres,,,
TAS.TGT.LTRS,I,,"SUBR(""*BRANCH.TARGET.LTRS"",29)",,TAS LTRS,7R,M,BRANCH.TARG ET.LTRS,Tasmania litres,,,
TAX.NAME,I,,"TRANS(STAX.GRP,S.TGP,DESCR,'X')",,Sales Tax Grp Name,20T,S,,Translate to STAX.GRP file for description,,,
TCODE,I,,"""T"":CODE[2,6]",,T Code,7L,S,,I-type to create T Blend Code from B Blend Code,,,
THIS.WH,I,,"TRANS(DESCRIPTION,'NEXTSEQ',26,'X'); IF @ LT 89 THEN IF SUM(SUBR(""!EQS"",W.H.INUSE,REUSE(TRANS(DESCRIPTION,'NEXTSEQ',26,'X')))) GT 0 THEN 'Y' ELSE 'N' ELSE IF SUM(SUBR(""!GTS"",W.H.INUSE,REUSE(88))) GT 0 THEN 'Y' ELSE 'N'",,THIS W/H FLAG,1L,S,,W.H.INUSE choosen by current branch,,,
TICHAR.1.7,I,,"@ID[7,1]",,TI CHAR 7,1L,S,,7th character of TI code,,,
TOT.COST.FRT,I,,SCOST.TOT + FRT.RATE.UNIT.INT,MD40P,#NAME?,8R,S,,,,,
TOTAL.ALLOC,I,,"20:@ID:@VM:21:@ID:@VM:22:@ID:@VM:23:@ID:@VM:24:@ID:@VM:26:@ID:@VM:29:@ID: @VM:90:@ID:@VM:46:@ID:@VM:70 ; SUM(TRANS(STOCK,@1,ALLOC.QTY,""X""));IF UNITCD='D' THEN ABS(INT(@/12)):':':MOD(@,12) ELSE @ ; IF @2 = 0 THEN '' ELSE IF @2 < 0 THEN '-':@ ELSE @",MD10P,Total Alloc,10R,S,,Total Allocated Dozens,,,
TOTAL.STK,I,,"SUBR(""*TOTAL.STK"")",,TOTAL MAKE DOZEN,9R,S,,National Stock from STOCK file in Dozens,,,
TOTAL.STOCK,I,,"SUBR(""*TOTAL.STOCK"",'ALL')",,CONS. STOCK,9R,S,,Total stock,,,
TOTAL.STOCK.OLD,I,,"SUBR(""*TOTAL.STOCK.OLD"",W.H.INUSE)",,CONS. STOCK OLD,9R,S,,Total stock,,,
TOTAL.STOCK.WH,I,,"SUBR(""*TOTAL.STOCK.WH"")",,CONS. STOCK USING WH.INUSE,9R,S,,Total stockusing W.H.INUSE,,,
TOTAL.UNALLOC,I,,"20:@ID:@VM:21:@ID:@VM:22:@ID:@VM:23:@ID:@VM:24:@ID:@VM:26:@ID:@VM:29:@ID: @VM:90:@ID:@VM:46:@ID:@VM:70; SUBR(""*STOCK.ONHAND"",""ALL"") - SUM(TRANS(STOCK,@1,ALLOC.QTY,""X""));IF UNITCD='D' THEN ABS(INT(@/12)):':':MOD(@,12) ELSE @ ; IF @2 = 0 THEN '' ELSE IF @2 < 0 THEN '-':@ ELSE @",,Total Unalloc,10R,S,,Total unallocated Dozens,,,
TR.VAL.LTR,I,,"SUBR(SUBR.PENBW:'PBWI1127','',TCODE); IF SCOST.TOT+0 > 0 THEN @1 ELSE ''",MD40P,Value Per Litre,10R,S,,Standard value per litre for Trade Blends,,,
TRADE.CAT.DESC,I,,"TRANS(TRADE.CATEGORY,TRADE.CAT,DESCRIPTION,'X')",,Trade Category,20L,S,,Trade Category description,,,
TRADE.GENERIC.NM,I,,"TRANS(GENERIC.FILE,TRADE.GENERIC.CD,NAME,'X')",,Generic Code Name,20T,S,,Translate to GENERIC.FILE for description,,,
TRADE.IND,I,,"TRANS(GENERIC.FILE,TRADE.GENERIC.CD,TRADE.IND,'X')",,Trade Ind,1L,S,,Translate to GENERIC.FILE for trade ind,,,
TYPE.ALTKEY,I,,"TYPE.CODE:""*"":NON.ACTIV",,TYPE.CODE ALT. KEY,5L,S,,Alternate key for TYPE.CODE,,,
TYPE.NAME,I,,"TRANS(TYPE.FILE,TYPE.CODE,NAME,'X')",,TYPE NAME,20L,,,Type name,,,
UDATE,I,,"FIELD(@ID,'*',2)",D2/,,9L,S,,Audit file update Date,,,
UK.BUD,I,,"TRANS(PRODUCT.BUDGET,71:'*':@ID,TOT.CASES,'X')",MD00P,UK BUD CASES,9R,S,,,,,
UKEUR.BUD,I,,UK.BUD + EUR.BUD,MD00P,UK & EUR CASES,9R,S,,,,,
VAL.LTR,I,,"IF (INV.LEV = 'B' OR INV.LEV = 'T') AND SCOST.TOT+0 = 0 THEN SUBR(SUBR.PENBW:'PBWI1127','',@ID) ELSE       SCOST.TOT",MD40P,Value Per Litre,10R,S,,Standard value per litre for base and trade blends,,,
VARDESC,I,,"SUBR(SUBR.PENDIST:'PICI1011',@ID,SHORT.DESC)",,Variant Description,30L,S,,Variant description,,,
VARIANT.DESC,I,,"TRANS(PRODUCT.VARIANT,@ID,VARIANT.DESC,'X')",,Variant Description,20L,M,VARIANT,"Variant Description, appended to short description for download to WMS.",,,
VARIANT.NUMBER,I,,"TRANS(PRODUCT.VARIANT,@ID,VARIANT.NUMBER,'X')",,Variant Number,2R,M,VARIANT,"Variant number, automatically assigned, starts at 1",,,
VINT.REL.DATE,I,,"TRANS(MAT.RELEASE,TRADE.GENERIC.CD:'*':VINTAGE.YEAR,RDATE,'X')",D2/,Vintage Release Date,8R,S,,Vintage Release Date,,,
VINTAGE.BASE,I,,VINTAGE.YEAR; IF @='' THEN 'NV*':GENERIC.CODE ELSE VINTAGE.YEAR:'*':GENERIC.CODE,,,8L,S,,,,,
VINTAGE.TRADE,I,,VINTAGE.YEAR; IF @='' THEN 'NV*':TRADE.GENERIC.CD ELSE VINTAGE.YEAR:'*':TRADE.GENERIC.CD,,,8L,S,,,,,
VINTAGE.YEAR,I,,"IF NUM(VINTAGE) THEN SUBR(""*PZZI364"",VINTAGE) ELSE ''",,Vint Year,4R,S,,Vintage Year (YYYY),,,
WDB.DATE.MAINT,I,,"IF VINTAGE = '' THEN 'NV' ELSE IF VINTAGE LT 50 THEN '20':VINTAGE ELSE '19':VINTAGE; IF TRADE.GENERIC.CD NE '' THEN @1:'*':TRADE.GENERIC.CD ELSE ''; TRANS(WINE.DB,@2,UPDATE.DATE,'X')",D2/,WDB DATE MAINTAINED,8L,S,,Key for WINE.DB file,,,
WEEKS.AVG.COVER,I,,"STOCKOH;YTDQTY;TRANS(SALES.DESCRIPTION,'MONTH',MONTH,'X');IF @ GE 7 THEN @-6 ELSE @+6;@*4.33;IF @2 THEN @1/(@2/@) ELSE 52",MD00P,WEEKS AVG. COVER,5R,S,,Weeks average stock cover,,,
WEEKS.AVG.SALES,I,,"YTDQTY;TRANS(SALES.DESCRIPTION,'MONTH',MONTH,'X');IF @ GE 7 THEN @-6 ELSE @+6;@*4.33;@1*LIT.FAC/@",MD00P,WEEKLY AVG. SALES,7R,S,,Weeks average sales,,,
WEIGHT.CHK,I,,WEIGHT+0,,WEIGHT,8R,S,,,,,
WEXP.LTRS.OH,I,,"SUBR(""*STOCK.ONHAND.LTRS"",98,LIT.FAC)",MD0,WOOD LTRS OH,7R,M,BRANCH.LTRS,Export litres on hand - Woodley,,,
WH.DESC.UK,I,,"TRANS(W.HOUSE,W.H.INUSE,NAME,'X')",,WAREHOUSE DESCRIPTION,30L,S,,Warehouse Description (UK),,,
WH.LIST,I,,"IF W.H.INUSE NE '' THEN CONVERT(@VM,' ',W.H.INUSE) ELSE ''",,USED IN W/H LIST,60L,S,,W/H LIST,,,
WH.NO,I,,"IF W.H.INUSE NE '' THEN COUNT(W.H.INUSE,@VM)+1 ELSE 0",MD00P,NO. OF W/H IN W.H.INUSE,5R,S,,NO. OF W/H ON W.H.INUSE,,,
WID.DOZ,I,,"SUBR(""*TOTAL.STOCK"",33)",,I/D STOCK,7R,M,,,,,
WINE.DB.KEY,I,,IF VINTAGE = '' THEN 'NV' ELSE IF VINTAGE LT 50 THEN '20':VINTAGE ELSE '19':VINTAGE; IF TRADE.GENERIC.CD NE '' THEN @1:'*':TRADE.GENERIC.CD ELSE '',,WINE.DB KEY,8L,S,,Key for WINE.DB file,,,
WINERY.NAME,I,,"TRANS(WINERY.FILE,WINERY.CODE,NAME,'X')",,Winery Name,30L,,,Winery Name,,,
WMS.PRODNAME,I,,"IF INDEX(@ID,'.',1) THEN VARDESC ELSE PRODNAME",,WMS Product Name,30L,S,,"Product name to be sent to WMS, includes special format for variants",,,
WMS.STD.QC.DAYS,I,,IF STD.QC.DAYS # '' THEN STD.QC.DAYS ELSE CAT.STD.QC.DAYS ;IF @1 # '' THEN @1 ELSE 0,,WMS QC Days,2R,S,,Standard QC days to be sent to WMS. Use Item Master if there otherwise use GROUP.FILE (category).,,,
WS.PRICE.INT,I,,"TRANS(DESCRIPTION,'CURRENT.BRANCH',1,'X');TRANS(PRICE,@:'*':@ID,CURRENT.PRICE,'X') ; @2 * BOT.CART.SELL+ 0",MD20P,W/S PRICE,8R,S,,,,,
YTD.LITRES,I,,"FIELD(SUBR(""*YTD.BRANCH.LTRS"",'ALL'),@VM,1)",,YTD SALES LTRS,7R,S,,,,,
YTDACT$,I,,SUBR('*YTDACT$'),MD00P,YTD ACT $,7R,,,YTD Actual $,,,
YTDGP,I,,SUBR('*YTDGP'),MD00P,YTD GP $,7R,,,YTD GP $,,,
YTDLTRS,I,,SUBR('*YTDLTRS'),MD00P,YTD LTRS,7R,,,YTD LITRES,,,
YTDQTY,I,,"SUBR(""*STOCK.SALES"",'ALL')",MD00P,YTD SALES,7R,S,,YTD sales,,,
@,PH,,PRODNAME,,,,,,,,,
@ENTRO,PH,,PRODNAME.DISPLAY MAJOR.PRODUCT BEST.DIRECT,,,,,,,,,
BRANCH.LTRS,PH,,MELB.LTRS SYD.LTRS BRIS.LTRS PERTH.LTRS ADEL.LTRS TAS.LTRS DOM.LTRS,,,,,,,,,
BRANCH.STOCK,PH,,DOZ.LTRS.WKS NAT.STOCK MELB.STOCK SYD.STOCK BRIS.STOCK PERTH.STOCK ADEL.STOCK SID.STOCK EXP.STOCK ALL.STOCK,,,,,,,,,
BRANCH.TARGET.LTRS,PH,,MELB.TGT.LTRS SYD.TGT.LTRS BRIS.TGT.LTRS PERTH.TGT.LTRS ADEL.TGT.LTRS TAS.TGT.LTRS DOM.TGT.LTRS,,,,,,,,,
LST.COST,PH,,LAST.COST.PUR LAST.COST.DATE,,,,,,,,,
PENF.PLAN,PH,,BY MAJOR.GROUP.NEW BY BUS.UNIT1.SORT.SEQ BY BUS.UNIT1 BY BRAND.SORT.SEQ BY BRAND.CODE BY RANGE.SORT.SEQ BY RANGE.CODE BY GROUP.SORT.SEQ BY GROUP.CODE BY TYPE.CODE BY PROD.CODE BY SIZE.CODE BY PRODNO,,,,,,Penfold Plan Sort Sequence,,,
PENF.PLAN.UK,PH,,BY BRAND.SORT.SEQ BY BRAND.CODE BY RANGE.SORT.SEQ BY RANGE.CODE BY MAJOR.GROUP.NEW BY GROUP.SORT.SEQ BY GROUP.CODE BY PROD.CODE BY PRODNO,,,,,,"""PENFOLDS PLAN"" Sequence",,,
PRICES,PH,,PCODE PRICE,,,,,,,,,
PVCU010.TEST,PH,,SCOST.VAR SCOST.VAR.DATE SCOST.TOT SCOST.TOT.DATE FCOST.VAR FCOST.TOT,,,,,,,,,
@EMPTY.NULL,X,,,,,,,,,,,
