# Grange file: MGROWER,source: grange.xlsx/MGROWER,downloaded: 2024-09-03
Field Name,Type,Field No,Field Definition,Conversion Code,Column Heading,Output Format,Depth,Assoc,DESC,Key,Examples,Comment
@ID,D,0,,,MGROWER,10L,S,,Default record ID for RetrieVe,,,
ACCOUNT,D,0,,,Account,7L,S,,"Account Number of Grower, Company Vineyard Block or Carrier",,,
GROWERID,D,0,,,GROWER ID,9L,S,,Company Code/Grower No  xx/yyyy  where xx - LW Loxton Co-op Winery LS Loxton Co-op,,,
GROWERID.OLD,D,0,,,GROWER ID,6L,S,,Company Code/Grower No  xx/yyyy  where xx - LW Loxton Co-op Winery LS Loxton Co-op,,,
ACTIVITY,D,1,,,Account,1L,S,,"Record activity code -  ""C"" - Active ""D"" - delete  ""S"" - suspended ""H"" - history",,,
MGACTIV,D,1,,,REC,1L,S,,"Record activity code -  ""C"" - Active ""D"" - delete  ""S"" - suspended ""H"" - history",,,
MGACTIVE,D,1,,,Active,1L,S,,Record Activity Code,,,
RTYPE,D,2,,,TYPE,1L,S,,"Record Type  S - Shareholder, D - Debtor, B - Buyer of juice or wine, V - Vendor, M",,,
RDATE,D,3,,D2/,RECORD,6R,S,,Record Creation Date,,,
RDATE.E,D,3,,D4/E,RECORD,10R,S,,Record Creation Date,,,
GROWER,D,4,,,Grower Name,30L,S,,Grower name,,,
NAME,D,4,,,Name,42L,S,,"Name of Account of Grower, Company vineyard Block or Carrier",,,
TRADING.NAME,D,4,,MC,Trade Name,42L,S,,"Trading Name of Grower, Company vineyard Block or Carrier",,,
ADDRS,D,5,,MC,ADDRESS,30L,M,ADDRS,Address,,,
PCODE,D,6,,,P CODE,4R,S,,Post Code,,,
CONT1.PHONE,D,7,,,Contact 1 Phone No,12L,S,,Contact 1 Phone No,,,
PHONE,D,7,,,Phone No.,12L,S,,Phone No,,,
PHONE.NO,D,7,,,Phone,12L,S,,Growers phone number alternative format,,,
COMMENT,D,8,,MC,COMMENT,30L,M,,Comments - available to users - not MV for Grange 2020,,,
GRSOURCE,D,9,,,SOURCE,3L,S,,Grape Source Area Code,,,
GRSOURCE.OLD,D,9,,,SOURCE,3L,S,,Grape Source Area Code,,,
SOURCE,D,9,,,Source,3L,S,,Grape Source Area Code,,,
SOURCE.OLD,D,9,,,SOURCE,3L,S,,Grape Source Area Code,,,
PAYTO,D,10,,,PAY,1T,S,,"Fruit Payment Code ""C"" - Cheque, ""B"" - to Bank",,,
BANK,D,11,,,BANK,3L,S,,"Bank Code - STA-State Bank, CTB-Com Trading Bank, ANZ-ANZ, WES-Westpac",,,
GGLEVIE,D,12,,,G/G,1T,S,,Grape Growers levies to be deducted Y/N,,,
GRVAR,D,14,,,GRAPE,3L,M,,Grapes - list of currently supplied grapes.,,,
PAYEE.ACN,D,14,,,Payee ACN,11L,S,,Company ACN for the payee (from RPS Declaration),,,
ALTNAME,D,15,,,ALTERNATIVE NAME,20L,M,ALTNAME,Alternative mailing name,,,
RECIPIENT.NAME,D,15,,MC,Recipient Name,70L,S,,Recipient Name,,,
ALTADDRS,D,16,,,ALTERNATIVE ADDRESS,30L,M,ALTADDRS,Alternative mailing address,,,
MAGENT,D,17,,,AGENT,1T,S,,Agent Flag,,,
AGENT,D,18,,,AGENT NO,6L,S,,Agent Number for Grower,,,
STDCARRIER,D,19,,,STD,6L,S,,Standard Carrier for this Grower,,,
OWN.BLOCK,D,20,,FLAG,Coy,1L,S,,Grower is owned by Penfolds,,,
PAYEE.NAME,D,21,,,Payee Name,30L,S,,Payee Name for this grower (from RPS declaration),,,
PRICE.CODE,D,21,,,PRICE,1L,S,,"Default Price Code - A,B,C,D",,,
PAYMENT.CODE,D,22,,,PAY,3L,S,,Payment terms code,,,
SORT.NAME,D,23,,MC,SORT NAME,20L,S,,Name used for Inversion File and sorting by Name,,,
CONTRACT.TYPE,D,24,,,Contract Type,2L,S,,Contract type code,,,
CNTRCT.SIGN,D,25,,D2/,Contract,8R,S,,Contract signed date,,,
CNTRCT.SIGN.E,D,25,,D4/E,Contract,10R,S,,Contract signed date,,,
CNTRCT.COMM,D,26,,D2/,Contract,8R,S,,Contract commencement date,,,
CNTRCT.COMM.E,D,26,,D4/E,Contract,10R,S,,Contract commencement date,,,
CNTRCT.EXP.NOT,D,27,,,Contract,4L,S,,Contract Expiration Notification Required,,,
CNTRCT.TRMNTN,D,27,,,Contract,4L,S,,Contract termination notice required,,,
CNTRCT.LASTVIN,D,28,,,Contract Last Vintage,4R,S,,Contract last vintage,,,
CNTRCT.CRTG,D,29,,,Contract,6L,S,,Contract cartage location or value,,,
CNTRCT.RECONDATE,D,30,,D2/,Contract,8R,S,,Contract reconstuction agreement comm date,,,
FROM.IBM,D,31,,,FROM IBM,1L,S,,FROM IBM,,,
GENERIC,D,32,,FLAG,Generic,1L,S,,Generic grower indicator (used for booking only),,,
NOUSE.BANK.CODE,D,33,,,BANK,6L,S,,26-08-96 W607080010 : Bank details only on VENDOR file,,,
NOUSE.BSB.CODE,D,33,,,BSB,7L,S,,26-08-96 W607080010 : Bank details only on VENDOR file,,,
PAYEE.ADDRESS,D,33,,,Payee Address,30L,M,PYADD,Payee Address (from RPS declaration),,,
NOUSE.BANK.ACCOUNT,D,34,,,BANK ACCOUNT,20L,S,,26-08-96 W607080010 : Bank details only on VENDOR file,,,
PAYEE.POSTCODE,D,34,,,Payee Postcode,4R,S,,Payee postcode (from RPS declaration),,,
NOUSE.BANK.ACCOUNT.N,D,35,,,BANK ACCOUNT NAME,20L,S,,26-08-96 W607080010 : Bank details only on VENDOR file,,,
PAYEE.ENTITY,D,35,,,Pay,1L,S,,Payee entity type code (from RPS declaration),,,
ACCOUNT.CODES,D,36,,,Account,6L,M,ACC.CDE,Grower or company block account codes,,,
DTE.CODE.EFFECT,D,37,,D2/,Date Code,8R,M,ACC.CDE,Date that the account code became effective,,,
DTE.CODE.EFFECT.E,D,37,,D4/E,Date Code,10R,M,ACC.CDE,Date that the account code became effective,,,
ACC.CHG.BY,D,38,,,Account,8L,M,ACC.CDE,Account code changed by,,,
BLOCK,D,39,,,Block,5R,M,BLKS,Block codes (key to MBLOCKS file),,,
PAYEE.CONTACT,D,40,,,Payee Contact Name,30L,S,,Payee contact name (from RPS declaration),,,
PAYEE.PHONE,D,41,,,Payee Phone No.,15L,S,,Payee contact phone number (from RPS declaration),,,
PAYEE.TRADENAME,D,42,,,Payee Trading Name,30L,S,,Payee trading name (from RPS declaration),,,
PAYEE.CHECKED,D,43,,,Payee,1L,S,,RPS declaration details checked (Y/N),,,
PAYEE.AUTHBY,D,44,,,Payee Auth,10L,S,,Logname of user who authorised RPS details,,,
PAYEE.AUTHDATE,D,45,,D2/,Payee,8R,S,,Date RPS details were authorised,,,
PAYEE.AUTHDATE.E,D,45,,D4/E,Payee,10R,S,,Date RPS details were authorised,,,
PAYEE.MAINTBY,D,46,,,Payee Last,10L,S,,Logname of user who last maintained RPS details,,,
PAYEE.MAINTDATE,D,47,,D2/,Payee,8R,S,,Date RPS details were last maintained,,,
PAYEE.MAINTDATE.E,D,47,,D4/E,Payee,10R,S,,Date RPS details were last maintained,,,
ACCOUNT.GROUP,D,48,,,Account,6L,S,,Account Group,,,
CONT1.FAX,D,49,,,Contact 1 Fax No,12L,S,,Contact 1 Fax No,,,
FAX,D,49,,,,12L,S,,Fax number,,,
CONT1.MOBILE,D,50,,,Contact 1 Mobile No,12L,S,,Contact 1 Mobile No,,,
MPHONE,D,50,,,,12L,S,,Mobile Phone,,,
CONT1.EMAIL,D,51,,MC,Contact 1 Email,47L,S,,Contact 1 Email Address,,,
EMAIL,D,51,,,,50L,S,,Email address,,,
ROSE.REF,D,52,,,Reference,10L,S,,"Rosemount, BBWE, and Cellarmaster reference number",,,
NTFY.TYPE,D,53,,,Maturity,1L,M,VINT.CONT,"Grower maturity notification type, E = email, F = Fax, null = none",,,
RCTI.PER,D,54,,MD10P,RCTI,5R,S,,GST Percentage charged by growers on Recip Created Tax Inv,,,
INITIAL.TERM,D,55,,,Initial Term,2L,S,,Initial Term in years,,,
EXT.PERIOD,D,56,,,Ext,1L,S,,Number of years the contract may be extended,,,
COMM.LASTVIN,D,57,,,Last,4L,S,,Last vintage the company is required to take fruit from the grower.,,,
DATE.NOTIFIED,D,58,,D2/,Date,8R,S,,Date Contract expiration notification sent,,,
DATE.NOTIFIED.E,D,58,,D4/E,Date,10R,S,,Date Contract expiration notification sent,,,
DATE.REVIEWED,D,58,,D2/,Date,8R,S,,Date the contract was last reviewed,,,
DATE.REVIEWED.E,D,58,,D4/E,Date,10R,S,,Date the contract was last reviewed,,,
REVIEW.STATUS,D,59,,,Review,2L,S,,Review Status,,,
WRITTEN.NOTICE,D,60,,D2/,Written,8R,S,,Date on which written notice was sent to the Grower,,,
WRITTEN.NOTICE.E,D,60,,D4/E,Written,10R,S,,Date on which written notice was sent to the Grower,,,
VINEYARD.LOCATION,D,61,,MC,Vineyard Location,30L,M,VINEYARD.LO,Address of Vineyard,,,
REVIEW.COMMENTS,D,62,,,Review comments,30L,M,REVIEW.COMM,Review comments,,,
CONTACT.NAMES,D,63,,MC,Contact Names,30L,M,VINT.CONT,Contact names,,,
VINT.CONT.SURNAME,D,63,,MC,Vintage Contact Surname,25L,M,VINT.CONT,Vintage Contact Surname,,,
VINEYARD.DIRECTION,D,64,,MC,Vineyard direction,55L,M,VINEYARD.DI,Vineyard direction,,,
CONTACT.PHONE,D,65,,,Contact Phone,12L,M,VINT.CONT,Contact Phone,,,
VINT.CONT.PHONE,D,65,,,Vintage Contact Phone No,12L,M,VINT.CONT,Vintage Contact Phone Number,,,
CONTACT.FAX,D,66,,,Contact Fax,12L,M,VINT.CONT,Contact Fax,,,
VINT.CONT.FAX,D,66,,,Vintage Contact Fax No,12L,M,VINT.CONT,Vintage Contact Fax Number,,,
CONTACT.MOBILE,D,67,,,Contact Mobile,12L,M,VINT.CONT,Contact Mobile,,,
VINT.CONT.MOBILE,D,67,,,Vintage Contact Mobile No,12L,M,VINT.CONT,Vintage Contact Mobile Number,,,
CONTACT.EMAIL,D,68,,MC,Contact Email,50L,S,VINT.CONT,Contact Email,,,
VINT.CONT.EMAIL,D,68,,MC,Vintage Contact Email,50L,M,VINT.CONT,Vintage Contact Email Address,,,
AGSMART.FLAG,D,69,,FLAG,Agsmart,1L,S,,Agsmart Grower Flag,,,
CARRIER.NAME,D,70,,,Carrier Name,30L,S,,Main Carrier used by Account. (Does not have to be registered).,,,
GROWERS.OWN.DET,D,70,,MC,Carrier Name,30L,M,GODET,Grower's own carrier details  (not registered),,,
CARRIER.PHONE,D,71,,,Carrier Phone,12L,S,,Contact number of main Carrier used by Account. (Carrier might not,,,
HARVESTER.NAME,D,72,,,Harvester Name,50L,S,,Main Harvester used by Account.,,,
HARVESTER.PHONE,D,73,,,Harvester Phone,12L,S,,Contact number of main Harvester used by Account.,,,
GLO.LOGNAME,D,74,,,GLO Logname,8L,S,,Logname of Grower Liaison Officer responsible for this Account.,,,
SUBACCOUNT,D,75,,,Sub,6L,M,SUB-ACC,Sub Account of Main Account. Used for splitting payments.,,,
SUBACCOUNT.%,D,76,,,Sub,6L,M,SUB-ACC,Percentage of payment to go to Sub Account.,,,
SUBACCOUNT.RELN,D,77,,,Sub,25L,M,SUB-ACC,Relationship of Sub Account to main Account.,,,
BANK.VER,D,78,,,Bank,1L,S,,Flag 'Y' is bank details have been verified.,,,
CNTRCT.NO,D,79,,,Contract,6L,S,,Contract Number,,,
ABN,D,80,,,ABN,11L,S,,ABN,,,
GST.REG,D,81,,FLAG,GST,1L,S,,Is vendor GST registered?,,,
ORACLE.VENDOR,D,82,,,,10R,S,,Oracle based vendor number,,,
ORACLE.SITE,D,83,,,,10R,S,,Oracle based vendor site Id,,,
WIM.VINEYARD,D,84,,,WIM,6L,M,VINEYARD,WIM vineyard code,,,
VENDOR.ACTIVE,D,85,,,,1L,S,,Set to 'N' if the Oracle vendor record has been de-activated,,,
VENDOR.NAME,D,86,,,,30L,S,,Oracle vendor name,,,
SITE.NAME,D,87,,,,15L,S,,Oracle site name,,,
ORACLE.VNO,D,88,,,,10R,S,,Oracle Vendor number,,,
WIM.GWR.ABNO,D,89,,,WIM,6R,S,,WIM grower address book number,,,
WIM.VYRD.ABNO,D,90,,,WIM,6R,M,VINEYARD,WIM Vineyard address book number,,,
WIM.VC.ABNO,D,91,,,WIM,6R,S,,WIM vintage contacts address book number,,,
WIM.SAME.AS,D,92,,,Same as,6L,S,,The @ID grower is actually the same person as this grower. This,,,
WIM.DATA.TYPE,D,93,,,,2L,M,WIM.DATA,,,,
WIM.DATA,D,94,,,,30L,M,WIM.DATA,,,,
ACCOUNT.VYARD,D,95,,,Account for,6L,S,,If this record is for a WIM vineyard then this is the grange account,,,
AGCODE.ACCOUNT,D,96,,FLAG,AgCode,1L,S,,Y/'' if the account is interfaced to AgCode,,,
PAM.INTERFACED,D,96,,,PAM,1L,S,,Y/'' if the account is interfaced to PAM AusVit,,,
FRESH.CERT.NUMBER,D,97,,,Freshcare,12L,S,,Freshcare Certification Number,,,
FRESH.CERT.EXP.DATE,D,98,,D2/,Freshcare Cert,8R,S,,Freshcare Certification Expiry Date,,,
FRESH.CERT.EXP.DATE.E,D,98,,D4/E,Freshcare Cert,10R,S,,Freshcare Certification Expiry Date,,,
ENT.MEM.NUMBER,D,99,,,EntWine,12L,S,,EntWine Membership Number,,,
SWA.MEM.NUMBER,D,99,,NC,SWA,5R,S,,Sustainable Winegrowing Australia Membership Number,,,
ENT.MEM.EXP.DATE,D,100,,D4/,Not Used,10R,S,,EntWine Membership Expiry Date - Not Used,,,
ENT.MEM.STATUS,D,101,,,EntWine Member,1L,S,,EntWine Membership Status,,,
JDEG.SUPPLIER,D,102,,,,7R,S,,JDEG Supplier code,,,
ABTICKER,D,103,,,,10L,S,,@ID of JDEG supplier file,,,
ENT.MEM.DEDUCT,D,104,,FLAG,EntWine,1L,S,,TWE to deduct EntWine Membership (Y/N),,,
ENT.COMMENTS,D,105,,MC,EntWine,30L,M,,EntWine Comments - not MV for Grange 2020,,,
SWA.COMMENTS,D,105,,WPNH,SWA Comments,30L,,,Sustainable Winegrowing Australia Comments,,,
ENT.MULT.ACCOUNTS,D,106,,FLAG,Multiple,1L,S,,Multiple Accounts Y/N,,,
VINEYARD.NAME,D,107,,MC,Vineyard Name,40L,S,,Name of Vineyard,,,
CONT1.POSITION,D,108,,MC,Contact 1 Position,45L,S,,Contact 1 Position,,,
CONT2.POSITION,D,109,,MC,Contact 2 Position,45L,S,,Contact 2 Position,,,
CONT1.FIRST.NAME,D,110,,MC,Contact 1 First Name,12L,S,,Contact 1 First Name,,,
CONT2.FIRST.NAME,D,111,,MC,Contact 2 First Name,12L,S,,Contact 2 First Name,,,
CONT1.SURNAME,D,112,,MC,Contact 1 Surname,25L,S,,Contact 1 Surname,,,
CONT2.SURNAME,D,113,,MC,Contact 2 Surname,25L,S,,Contact 2 Surname,,,
CONT2.PHONE,D,114,,,Contact 2 Phone No,12L,S,,Contact 2 Phone No,,,
CONT2.MOBILE,D,115,,,Contact 2 Mobile No,12L,S,,Contact 2 Mobile No,,,
CONT2.FAX,D,116,,,Contact 2 Fax No,12L,S,,Contact 2 Fax No,,,
CONT2.EMAIL,D,117,,MC,Contact 2 Email,47L,S,,Contact 2 Email Address,,,
DATE.SCHED.REVISED,D,118,,D2/,Date Sched,8R,S,,Date Schedule Revised,,,
NUM.APS,D,119,,,No of,2L,S,,Number of AP's,,,
YEAR.AP,D,120,,,Year of,4L,S,,Year of AP,,,
GROWER.CARD.NO,D,121,,,Grower,5L,,,Grower Card Number,,,
GROW.CARD.ISSUE.DATE,D,122,,D2/,Issue,8R,S,,Grower Card Issue Date,,,
GROW.CARD.ISSUE.DATE.E,D,122,,D4/E,Issue,10R,S,,Grower Card Issue Date,,,
GROWER.NUM.OF.CARDS,D,123,,,No of,1L,S,,Number of Grower Cards,,,
SPEC.COND.CODE,D,124,,,Special,3L,M,SPEC,Special Condition Code,,,
ENT.MEM.PAY,D,125,,,EntWine,4R,S,,TWE to pay EntWine Membership for FY,,,
ENV.RET.DATE,D,126,,D4/E,Date Env,10R,S,,Environmental Return Submitted Date,,,
ENV.RET.DATE.E,D,126,,D4/E,Date Env,10R,S,,Environmental Return Submitted Date,,,
VINT.CONT.FIRST.NAME,D,127,,MC,Vintage Contact First Name,12L,M,VINT.CONT,Vintage Contact First Name,,,
COMM.PREF,D,128,,,Preferred,1L,M,VINT.CONT,Preferred Method of Communication,,,
VINT.CONT.POSITION,D,129,,MC,Vintage Contact Position,45L,M,VINT.CONT,Vintage Contact Position,,,
RESPONSIBLE.WINERY,D,130,,,Responsible Winery,2L,S,,Responsible Winery,,,
DISTANCE.TO.WINERY,D,131,,,Distance,4L,S,,Distance to Winery (NOT USED),,,
VINT.CONT.AVAIL,D,132,,MC,Vintage,20L,M,VINT.CONT,Vintage Contact Availability,,,
HARV.CONT.SURNAME,D,133,,MC,Harvester,29L,S,,Harvester Contact Surname,,,
HARV.CONT.MOBILE,D,134,,,Harvester Cont,12L,S,,Harvester Contact Mobile No,,,
HARV.CONT.EMAIL,D,135,,MC,Harvester Contact Email,50L,S,,Harvester Contact Email Address,,,
CONSULT.CODE,D,136,,,Consultant Code,10L,M,CONSULT,Consultant Code,,,
GRAPEWEB.USERNAME,D,137,,MC,Grapeweb,10L,S,,Grapeweb username,,,
BANK.ACCOUNT.NAME,D,138,,MC,Bank Account,40L,S,,Bank Account Name,,,
BSB,D,139,,MC,BSB,6L,S,,BSB,,,
ACCOUNT.NUMBER,D,140,,MC,Account,10L,S,,Account Number,,,
PMS.DATE,D,141,,D2/,PMS Date,8L,,,PMS Date (Potassiume Metabisulphite),,,
PMS.DATE.E,D,141,,D4/E,PMS Date,10R,,,PMS Date (Potassiume Metabisulphite),,,
HARV.CONT.FAX,D,142,,,Harvester Cont,12L,S,,Harvester Contact Fax No,,,
HARV.CONT.FIRST.NAME,D,143,,MC,Harvester Cont,12L,S,,Harvester Contact First Name,,,
SENT.AGCODE,D,144,,,Sent,1L,S,,Set to Y when new or changed account has been sent to AgCode.,,,
SENT.CONT.AGCODE,D,145,,,Contacts,1L,S,,Vintage contact details have been sent to AgCode,,,
JDEBU,D,146,,,JDE BU,10L,S,,JDE Business unit - required for company vineyards.,,,
GSA.DATA.ENTERED,D,147,,D4/,GSA,10R,S,,Date GSA data entered,,,
GSA.DATA.ENTERED.E,D,147,,D4/E,GSA,10R,S,,Date GSA data entered,,,
RS.DATA.ENTERED,D,148,,D4/,RS,10R,S,,Date RS data entered,,,
RS.DATA.ENTERED.E,D,148,,D4/E,RS,10R,S,,Date RS data entered,,,
SENT.ICM,D,149,,,Sent,1L,S,,Set to Y when new or changed account has been sent to ICM. Cleared,,,
SENT.CONT.ICM,D,150,,,Contacts,1L,S,,Vintage contact details have been sent to ICM,,,
GROWER.CLASS,D,151,,,Grower,15L,S,,Grower classification,,,
UPDCNT,D,152,,,Upd,4R,S,,Update count,,,
UPDBY,D,153,,,Updated By,10L,S,,Last updated by,,,
SWA.MEM.NAME,D,154,,MC,,100L,S,,Sustainable Winegrowing Australia Name,,,
ABCLASS01,I,,IF RTYPE = 'G' THEN '113' ELSE '114',,ABCLASS01,3R,S,,JDEG ABCLASS01,,,
ABCLASS02,I,,IF RTYPE = 'G' THEN '514' ELSE '552',,ABCLASS02,3R,S,,JDEG ABCLASS02,,,
ACCOUNT.GROUP.NAME,I,,"TRANS(ACCOUNT.GROUP,ACCOUNT.GROUP,GROUP.DESC,'X')",,Account Group Name,30L,S,,Get Account Group name from ACCOUNT.GROUP file,,,
ADDRS.L1,I,,"ADDRS<1,1>",,Address Line 1,30L,S,,Address line 1,,,
ADDRS.L2,I,,"ADDRS<1,2>",,Address Line 2,30L,S,,Address line 2,,,
ADDRS.L3,I,,"ADDRS<1,3>",,Address Line 3,30L,S,,Address line 3,,,
ADDRS.L4,I,,"ADDRS<1,4>",,Address,30L,S,,Address line 4,,,
ADDRS.L5,I,,"ADDRS<1,5>",,Address,30L,S,,Address line 5,,,
ADDRS.L6,I,,"ADDRS<1,6>",,Address,30L,S,,Address line 6,,,
ADW,I,,LEN(@ID),,,3R,,,,,,
AGCODE.UNIT,I,,"IF GI.ZONE THEN TRANS(GI.FILE,GI.ZONE,GI.SDESC,'X') ELSE",,AgCode,30L,S,,,,,
AREA,I,,"TRANS(SOURCE,GRSOURCE,AREA,'X')",,AREA,1L,S,,Area Code For S.A.  1 or 2,,,
BLOCK.ACTIVITY,I,,"TRANS(MBLOCKS,BLOCK,ACTIVITY,'X')",,Block,1L,M,BLKS,Activity code for blocks,,,
BLOCK.DESC,I,,"TRANS(MBLOCKS,BLOCK,DESCRIPTION,'X')",,Block Descriptions,30L,M,BLS,Block full descriptions,,,
BLOCK.FDESC,I,,"SUBR(SUBR.PENBW:'PVIZ141','','',BLOCK)",,Block Descriptions,30L,M,BLKS,First available description of block code,,,
BLOCK.NAME,I,,"TRANS(MBLOCKS,BLOCK,NAME,'X')",,Block,5L,M,BLKS,Block names,,,
BLOCK.SDESC,I,,"TRANS(MBLOCKS,BLOCK,SHORT.DESC,'X')",,Block Descs,15L,M,BLKS,Block short descriptions,,,
BLOCK.VARIETY,I,,"TRANS(MBLOCKS,BLOCK,VARIETY,'X')",,Block,3L,M,BLKS,Variety for blocks,,,
BSB.NO,I,,"TRANS(VENDOR,VENDORKEY,BSB.NO,'X')",,BSB Number,10L,S,,Bank account BSB number,,,
CARRIER.CODE,I,,@id,,Carrier Code,10L,S,,Carrier Code,,,
CARRIER.CONT,I,,"TRANS(MGROWER,STDCARRIER,CONT1.FIRST.NAME,'X')",MC,Carrier contact name,12L,S,,Carrier contact Name,,,
CARRIER.CONT.SUR,I,,"TRANS(MGROWER,STDCARRIER,CONT1.SURNAME,'X')",MC,Carrier contact surname,28L,S,,Carrier contact surname,,,
CARRIER.EMAIL,I,,"TRANS(MGROWER,STDCARRIER,CONT1.EMAIL,'X')",MC,Carrier email,50L,S,,Carrier email,,,
CARRIER.FAX,I,,"TRANS(MGROWER,STDCARRIER,CONT1.FAX,'X')",,Carrier fax,12L,S,,Carrier fax,,,
CARRIER.MOBILE,I,,"TRANS(MGROWER,STDCARRIER,CONT1.MOBILE,'X')",,Carrier mobile,12L,S,,Carrier mobile,,,
CNT5DESC,I,,"TRANS(CONTRACT.TYPE,CONTRACT.TYPE,CONTRACT.LCODE,'X')",,Contract,5L,S,,Long Contract Code,,,
CNTRCT.DESC,I,,"TRANS(CONTRACT.TYPE,CONTRACT.TYPE,CNTRCT.DESC,'X')",,Contract Description,30L,S,,Contract description,,,
CNTRCT.SDESC,I,,"TRANS(CONTRACT.TYPE,CONTRACT.TYPE,CNTRCT.SDESC,'X')",,Short description,15L,S,,Contract short description,,,
COMPANY,I,,"GROWERID[1,2]",,CO,2L,S,,,,,
CONSULTANT.NAME,I,,"TRANS(MGROWER.CONSULTANTS,CONSULT.CODE,CONSULTANT.NAME,'X')",MC,Name of,50L,M,CONSULT,Name of Consultant,,,
CONT1.FULLNAME,I,,CONT1.FIRST.NAME:' ':CONT1.SURNAME,,Full name,40L,S,,,,,
COUNT,I,,1,,Count,5R,S,,,,,
CRUSH.LOCN,I,,"SUBR(SUBR.PENBW:'PBWI1069',@ID,39)",,Crush,2L,S,,crush location of 1st current block (current year VINTINTAKE),,,
CUTOFF.DATE,I,,"TRANS(PAYMENT.TERMS,PAYMENT.CODE,CUTOFF.DATE,'X')",D2/,Cutoff,8R,M,TERMS,Cutoff date for payments,,,
DEFVAL,I,,"TRANS(USERS.DEFAULTS,GLO.LOGNAME,'DEFVAL','X')",,Default,20T,M,CODE,default value,,,
EFT.ACCT,I,,"TRANS(VENDOR,VENDORKEY,EFT.ACCT,'X')",,Account Number,10R,S,,Bank account number for EFT transfer,,,
EFT.NAME,I,,"TRANS(VENDOR,VENDORKEY,EFT.NAME,'X')",,Account Name,30L,S,,Bank account name for EFT transfer,,,
END.DATE,I,,"TRANS(PAYMENT.TERMS,PAYMENT.CODE,END.DATE,'X')",D2/,END DATE,8R,M,TERMS,Date to which grapes are to be paid,,,
ESTIMATE,I,,"TRANS(CONTRACT.TYPE,CONTRACT.TYPE,ESTIMATE,'X')",,Estimate basis,1L,S,,Contract type estimate basis,,,
FX.LOCAL,I,,"TRIM(FAX,' ','A')[3,99]",,Fax,8R,S,,local part of fax number,,,
FX.PREFIX,I,,"TRIM(FAX,' ','A')[1,2]",,Fax,2R,S,,Fax number prefix,,,
GI.ZONE,I,,"TRANS(SOURCE,SOURCE,'GI.ZONE','X')",,GI,3L,S,,GI Zone in Australia,,,
GI.ZONE.SDESC,I,,"TRANS(GI.FILE,GI.ZONE,GI.SDESC,'X')",,,15L,S,,GI Zone description,,,
GLO.SHORTID,I,,"TRANS(USERS.DEFAULTS,DOWNCASE(GLO.LOGNAME),'DEFVAL','X')",,GLO,3L,S,,GLO Short Id.,,,
GLO.USERNAME,I,,"TRANS(DEF.SYS.USERS,UPCASE(GLO.LOGNAME),'NAME','X')",,GLO User Name,30L,S,,Grower liason officers DEFINE user name,,,
GLO.USERNAME.G20,I,,"TRANS(USER.ACCESS,UPCASE(GLO.LOGNAME),'USERNAME','X')",,GLO User Name,30L,S,,Grower liason officers Grange 2020 user name,,,
GROWERNO,I,,"GROWERID[3,4]",,GROW,4R,S,,Grower sequence number,,,
GRWCOY,I,,"TRANS(BW.CONTROL,'PAYMT.PARAMS',PAYP.GRWCOY,'X')",,Grow,2R,S,,Grower company (branch code),,,
GRWRSEQ,I,,"@ID[2,5]",,Grower,5L,S,,2nd - 6th characters of grower id,,,
JDEBU.DESC,I,,"TRANS(JDEBU.MASTER,JDEBU,'DESC','X')",,AgCode Unit Description,30L,S,,JDE BU Description,,,
LEN.NAME,I,,LEN(GROWER),,GROWER,2R,S,,Grower name length,,,
MC.STATUS,I,,IF MGACTIVE = 'C' THEN 'ACTIVE' ELSE 'INACTIVE',,MC.STATUS,8L,S,,Account status for My Contacts,,,
MVYEAR,I,,"TRANS(CONTROL,'MVYEAR',MVYEAR,'X')",,VINTAGE,4R,S,,Translate to Control file for current vintage,,,
NACC.CDE,I,,"DCOUNT(ACCOUNT.CODES,@VM)",,No.,2R,S,,Number of account codes,,,
NCOMM,I,,"DCOUNT(COMMENT,@VM)",,No.,3R,M,,Number of comment lines,,,
NNAMES,I,,"DCOUNT(CONTACT.NAMES,@VM)",,No.,3R,S,,Number of contact names,,,
ORIGIN,I,,"TRANS(SOURCE,SOURCE,'ORIGIN','X')",,,3L,S,,Origin,,,
OWN.GRAPES,I,,"TRANS(SOURCE,SOURCE,OWN.GRAPES,'X')",,OWN,1L,S,,OWN GRAPES CODE  S = SEPPELT  '' = OTHER,,,
OWN.SOURCE,I,,"TRANS(SOURCE,SOURCE,OWN.SOURCE,'X')",,Own,1L,S,,Source for Own Grown fruit Y/N,,,
PAY.DATE,I,,"TRANS(PAYMENT.TERMS,PAYMENT.CODE,PAY.DATE,'X')",D2/,PAY DATE,8R,M,TERMS,Date on which payment to be made,,,
PCNT,I,,"TRANS(PAYMENT.TERMS,PAYMENT.CODE,PCNT,'X')",MD20P,% PAY,6R,M,TERMS,% age payment to be made,,,
PH.LOCAL,I,,"TRIM(PHONE.NO,' ','A')[3,99]",,Phone,8R,S,,local part of phone number,,,
PH.PREFIX,I,,"TRIM(PHONE.NO,' ','A')[1,2]",,Phone,2R,S,,Phone number prefix,,,
PHYLLOXERA,I,,"TRANS(SOURCE,SOURCE,PHYLLOXERA,'X')",,Phylloxera,1L,S,,Phylloxera Y/N,,,
REVIEW.YEAR,I,,"CNTRCT.LASTVIN+0-CNTRCT.TRMNTN[1,1]+0",,Review,6R,S,,Calculate year in which contract should be reviewed,,,
RN.GROUP,I,,"ROSE.REF[1,1]",,RN,1L,S,,First character of Reference Number,,,
SCW.ACCOUNT,I,,"TRANS(CONTRACT.TYPE,CONTRACT.TYPE,SCW.CONTRACT,'X')",,SCW,1L,S,,set to Y if SCW acount else set to N,,,
SEL.CRUSH.LOCN,I,,"SUBR('*SEL.CRUSH.LOCN',ACCOUNT,'')",,selected,1L,S,,Select record as some crush locations match selected crush location,,,
SOURCE.DESC,I,,"TRANS(SOURCE,SOURCE,SOURCE.DESC,'X')",,Source,15L,S,,Source Description (max 15 characters),,,
SOURCE.NAME,I,,"TRANS(SOURCE,SOURCE,DESCP,'X')",,SOURCE,20L,S,,SOURCE AREA,,,
SPEC.COND.DESC,I,,"TRANS(MGROWER.CONDITIONS,SPEC.COND.CODE,'CONDITION.DESC','X')",MC,Special,46L,M,SPEC,Special Condition Description,,,
START.DATE,I,,"TRANS(PAYMENT.TERMS,PAYMENT.CODE,START.DATE,'X')",D2/,START DATE,8R,M,TERMS,Date from which grapes to be paid,,,
STATE,I,,"TRANS(SOURCE,SOURCE,'STATE','X')",,State,3L,S,,State in Australia,,,
STDCARRIER.NAME,I,,"TRANS(MGROWER,STDCARRIER,NAME,'X')",MC,Carrier name,40L,S,,Carrier Name,,,
TAQTY,I,,"TRANS(I.MG.ALLOC,@ID,@RECORD,'+');LOWER(@1);TRANS(DALLOC,@2,QTY,'X')",,TOTAL,4R,M,,Translate to Allocation file (single to multi value),,,
TAVARIETY,I,,"TRANS(I.MG.ALLOC,@ID,@RECORD,'+');LOWER(@1);TRANS(DALLOC,@2,GROWERVAR,'X')[7,3]",,VAR,3T,M,,Translate to Allocation file (single to multi value),,,
TAX.NO,I,,"TRANS(VENDOR,VENDORKEY,TAX.NO,'X')",,Tax File,11LXXX-XXX-XX,S,,Retrieve tax file number from Vendor file,,,
TDELGROSS,I,,"TRANS(I.MG.VINT,@ID:MVYEAR,@RECORD,'+');LOWER(@1);TRANS(VINTINTAKE,@2,TDELGROSS,'X')",,TOTAL,4R,M,,Translate to Vintage Intake file (single to multi value),,,
TFN.EXISTS,I,,"IF TRANS(VENDOR,GRWCOY:@ID,TAX.NO,'X') NE '' THEN 'Y' ELSE 'N'",,TFN,1L,S,,Grower has a tax file number recorded,,,
TQUOTA,I,,"TRANS(I.MG.VINT,@ID:MVYEAR,@RECORD,'+');LOWER(@1);TRANS(VINTINTAKE,@2,QUOTA,'X')",,QUOTA,3R,M,VVQTT,Translate to Vintage intake file (single to multi value),,,
TTALLOC,I,,"TRANS(I.MG.VINT,@ID:MVYEAR,@RECORD,'+');LOWER(@1);TRANS(VINTINTAKE,@2,TALLOC,'X')",,TOTAL,3R,M,VVQTT,Translate to Vintage intake file (single to multi value),,,
TTOFFERED,I,,"TRANS(I.MG.VINT,@ID:MVYEAR,@RECORD,'+');LOWER(@1);TRANS(VINTINTAKE,@2,TOFFERED,'X')",,TOTAL,3R,M,VVQTT,Translate to Vintage intake file (single to multi value),,,
TVAR,I,,"TRANS(I.MG.VINT,@ID:MVYEAR,@RECORD,'+');LOWER(@1);TRANS(VINTINTAKE,@2,VARIETY,'X')",,VAR,3T,M,,Translate to Vintage Intake File (single to multi value),,,
TVARIETY,I,,"TRANS(I.MG.VINT,@ID:MVYEAR,@RECORD,'+');LOWER(@1);TRANS(VINTINTAKE,@2,VARIETY,'X');T",,VARIETY,20T,M,VVQTT,Translate to Vintage intake file (single to multi value),,,
TVINTAGE,I,,"TRANS(I.MG.VINT,@ID:MVYEAR,@RECORD,'+');LOWER(@1);TRANS(VINTINTAKE,@2,VINTAGE,'X')",,VINT,4R,M,VVQTT,Translate to Vintage intake file (single to multi value),,,
UP.SORT.NAME,I,,UPCASE(SORT.NAME),,,20L,S,,,,,
VCFX.LOCAL,I,,"TRIM(CONTACT.FAX,' ','A')[3,99]",,Contact,8R,S,,local part of vintage contact fax number,,,
VCFX.PREFIX,I,,"TRIM(CONTACT.FAX,' ','A')[1,2]",,Contact,2R,S,,Vintage contact fax number prefix,,,
VCPH.LOCAL,I,,"TRIM(CONTACT.PHONE,' ','A')[3,99]",,Contact,8R,S,,local part of vintage contact phone number,,,
VCPH.PREFIX,I,,"TRIM(CONTACT.PHONE,' ','A')[1,2]",,Contact,2R,S,,Vintage contact phone number prefix,,,
VEND.EXISTS,I,,"IF TRANS(VENDOR,GRWCOY:@ID,0,'X') NE '' THEN 'Y' ELSE 'N'",,Vendor,1L,S,,Flag if VENDOR record exists,,,
VENDORKEY,I,,'08':@ID,,Vendor,8L,S,,,,,
VIN.VEX.ADDR,I,,IF VINEYARD.LOCATION = '' THEN ADDRS ELSE VINEYARD.LOCATION;IF @1 = 'N/A' THEN ADDRS,,WIM,30L,M,VIN.VEX.ADD,WIM Vineyard (VIN/VEX) address,,,
VINT.CONT.NAME,I,,"SUBR('!CATS',VINT.CONT.FIRST.NAME,REUSE(' '));SUBR('!CATS',@1,VINT.CONT.SURNAME)",,Vintage contact full name,50L,M,VINT.CONT,Vintage contact full name,,,
VO.DESC,I,,"VO.SUBREG; SUBR(SUBR.PENBW:""PVII199"", @, 'V', '')",,VO Region,30L,S,,Vintage Operation Region Description,,,
VO.DESC15,I,,"VO.SUBREG; SUBR(SUBR.PENBW:""PVII199"", @, 'V', '') ;@[1,15]",,VO Region,15L,S,,Vintage Operation Region Description,,,
VO.REG,I,,"TRANS(SOURCE,SOURCE,VO.SUBREG,'X')[1,1]",,VO,1L,S,,Vineyard Operations Region Code,,,
VO.SUBREG,I,,"TRANS(SOURCE,SOURCE,VO.SUBREG,'X')",,VO,2L,S,,Vineyard Operations Region Code,,,
VTK.ALTKEY,I,,"@ID:'2004' ; TRANS(I.MG.VINT,@,1,'X')",,,10L,M,,,,,
WIM.APELLATION,I,,"TRANS(SOURCE,SOURCE,'WIM.APELLATION','X')",,WIM,4L,S,,WIM Apellation,,,
WIM.APL.DESC,I,,"TRANS(WIM.APELLATION,WIM.APELLATION,'WIM.APL.DESC','X')",,WIM Apellation description,30L,S,,Wim apellation description,,,
WIM.CONTRACT,I,,WIM.VINEYARD:'-A',,WIM,8L,S,,WIM contract code,,,
WIM.FARM.TYPE,I,,IF OWN.BLOCK = 'Y' THEN 0 ELSE 1,,WIM,1L,S,,WIM farm type,,,
WIM.GEOG.AREA,I,,ORIGIN:'X',,WIM,4L,S,,WIM Geographic area (level 2 source suffixed with X),,,
WIM.PRICE.CODE,I,,"SUBR(SUBR.PENBW:'PBWI1069',@ID,'P23')",,Price,1L,S,,Price code of 1st current block (current year VINTINTAKE) for WIM,,,
WIM.START.DATE,I,,IF CNTRCT.COMM # '' THEN CNTRCT.COMM ELSE CNTRCT.SIGN,D4/,WIM,10L,S,,WIM contract start date,,,
WIM.VINEYARD.2,I,,"FIELD(WIM.VINEYARD,@VM,2)",,Second,6L,S,,second WIM vineyard,,,
WIM.VO.SUBREGION,I,,IF OWN.BLOCK = 'Y' THEN VO.SUBREG ELSE 'GR',,WIM,2L,S,,WIM Vineyard Operations Sub Region Code,,,
WIM.VRYD.GWR.ABNO,I,,"IF ACCOUNT.VYARD # '' THEN TRANS(MGROWER,ACCOUNT.VYARD,'WIM.GWR.ABNO','X') ELSE",,WIM,6R,S,,The grower address book number regardless of if the record is a,,,
WINEMAKER,I,,"SUBR(SUBR.PENBW:'PBWI1069',@ID,57)",,Winemaker,8L,S,,Winemaker logname of 1st current block (current year VINTINTAKE),,,
WINERY.LOC,I,,"TRANS(CRUSHSITE,CRUSH.LOCN,'WINERY.LOC','X')",,Winery,2L,S,,Winery location - cross reference to WINERY.LOCATION file,,,
@,PH,,BY ACCOUNT NAME MGACTIVE RTYPE SOURCE CONTRACT.TYPE,,,,,,,,,
@.OLD,PH,,BY GROWERID RTYPE GROWER ADDRS GRVAR,,,,,,,,,
@ENTRO,PH,,GROWERID  RTYPE GROWER ADDRS PCODE PAYTO BANK  GGLEVIE SHARELEVIE  PHONE ALTNAME,,,,,,FOR ENTRO DEFAULT FIELD LIST CREATED 10:09:20 09 NOV 1983,,,
@LPTR,PH,,BY GROWERID RTYPE GROWER ADDRS PHONE PAYTO BANK GGLEVIE GRVAR,,,,,,,,,
AG,PH,,BY ACCOUNT WITH MGACTIVE = 'C' WITH RTYPE = 'G' NAME,,,,,,,,,
PW.GROWERSEL,PH,,BY GROWER,,,,,,Sort & selection phrase used by PW.GROWERSEL pop-up,,,
UNASSIGNED.GROWERS,PH,,"WITH MGACTIV = ""C"" AND WITH NO OWN.BLOCK AND WITH NO GENERIC AND WITH ( NO",,,,,,Select active records yet to be assigned a JDEG vendor Id,,,
VVQTT,PH,,TVINTAGE TVARIETY TQUOTA TTALLOC TTOFFERED,,,,,,,,,
WVGC,PH,,TWBDOCKET TGVARIETY TGGROSS TGCARRIER,,,,,,,,,
DEFINE.NEXT.ATTR,X,,155,,,,,,,,,
