# Grange file: OPSMOVE,source: winemaking.xlsm/OP,downloaded: 2024-09-03
Field Name,Type,Field No,Field Definition,Conversion Code,Column Heading,Output Format,Depth,Assoc,DESC,Key,Examples,Comment
@ID,D,0,,,OPSMOVE,12L,S,,Default record ID for RetrieVe,,,
MCNOTE,D,0,,,Cellar Note,13L,S,,Cellar note number - AAAyynnnn for user AAA / year yy / number nnnn,,,
OPNOTE,D,0,,,Operation,13L,S,,Operation note number - AAAyynnnnn for user AAA / year yy / number,,,
MACTIV,D,1,,,REC,1T,S,,"Record activity code ,  R = requested ops, S = operation started but not yet",,,
SYSTEM.USE.DONT.CHANGE.,D,1,,,SYSTEM USE DONT CHANGE,1L,,,SYSTEM USE DONT CHANGE,,,
MRDATE,D,2,,D2/,REQUIRED,8R,S,,Date request made for operations,,,
MRTIME,D,3,,MTS,REQUIRED,6R,S,,Time request made for operation,,,
MADATE,D,4,,D2/,COMPLETE,8R,S,,System completion date,,,
MADATE.E,D,4,,D4/E,COMPLETE,10R,S,,System completion date,,,
MADATE.I,D,4,,,ACTUAL,5R,S,,Date actual action started (no output conv),,,
MADATE.UN,D,4,,,ACTUAL,8R,S,,Date actual action started,,,
MAMONTH,D,4,,"DYM[2,2]",Actual,4R,S,,Month Number MADATE,,,
MOPCD,D,5,,,OPER,4L,S,,Operation identification code,,,
MOPCD.10,D,5,,,OP CODE,10L,S,,Operation identification code,,,
MOPCD10,D,5,,,OPERATION CODE,14L,S,,Operation identification code,,,
D.R.LITR.NOTE.HD,D,6,,,D.R,5L,M,LITR.NOTE,Heading for D.R.LITR.NOTE field,,,
MADDCD,D,6,,,ADD,4T,M,ADD.QTY.UOM,Additive identification code,,,
D.R.LITR.NOTE,D,7,,,Litres,10L,M,LITR.NOTE,Despatch or receipt note litres or note,,,
MAQTYISS,D,7,,,ADDITIVE,9R,M,ADD.QTY.UOM,Additive quantity issued,,,
MAUOMISS,D,8,,,ADDITIVE,12T,M,ADD.QTY.UOM,Additive unit of measure as issued,,,
MAUDVOL,D,9,,,U/D,1T,S,,Update tank volume (Y/N),,,
DIST.FROM,D,10,,,DIST,4L,S,,Distilled from Description ie. MARC or WINE,,,
MCOMMENT,D,10,,,COMMENT FOR FOOT OF CELLAR,30T,M,MCOMMENT,User comment for foot of cellar note. For MOVE despatch and receipt,,,
MFTANK,D,11,,,FROM,6L,M,FROM.TANKS,From Tank No,,,
MFTANK15,D,11,,,BLEND/GROUP,15L,M,FROM.TANKS,From Tank No,,,
FTANK.PREV.CNOTE,D,12,,,FROM TANK PREV,13L,M,FROM.TANKS,From Tank previous Operation Note number,,,
MFCNOTE,D,12,,,F/CELLAR,13L,M,FROM.TANKS,From Cellar note no. or delivery docket/date no.- series of sub values,,,
BLEND.OUT,D,13,,,FROM BLEND,12T,M,OUT,From Blend Code,,,
CRUSH.TONNES,D,13,,MD20P,Crush,7R,M,CRUSH.TONNE,Tonnes processed - only applies to crush notes,,,
MFBLEND,D,13,,,FROM BLEND,12T,M,FROM.TANKS,From Blend Code,,,
MFBLEND10,D,13,,,FROM BLEND,10T,M,FROM.TANKS,From Blend Code,,,
MFSTATUS,D,14,,,FROM,3T,M,FROM.TANKS,From Blend Status,,,
MFDIPB4,D,15,,,F/TANK,7R1,M,FROM.TANKS,From Tank B4 dip,,,
MFDIPAFT,D,16,,,F/TANK,7R1,M,FROM.TANKS,From Tank after dip,,,
MFVOL,D,17,,,FROM TANK,8R,M,FROM.TANKS,From Tank Volume of Before Dip,,,
MTTANK,D,18,,,TO,6L,M,TO.TANKS,To Tank No,,,
MTTANK15,D,18,,,BLEND/GROUP,15L,M,TO.TANKS,To Tank No,,,
MTCNOTE,D,19,,,TO CELLAR,10R,M,TO.TANKS,To Cellar note no. or despatch/invoice no.- series of sub values,,,
TTANK.NEXT.CNOTE,D,19,,,TO TANK NEXT,13L,M,TO.TANKS,To Tank next Operation Note number,,,
MTBLEND,D,20,,,TO BLEND,12T,M,TO.TANKS,To Blend Codes,,,
MTBLEND10,D,20,,,TO BLEND,10T,M,TO.TANKS,To Blend Codes,,,
MTSTATUS,D,21,,,TO,3T,M,TO.TANKS,To Blend Status,,,
MTDIPB4,D,22,,,TO TANK,7R1,M,TO.TANKS,To Tank before dips,,,
MTDIPAFT,D,23,,,TO TANK,7R1,M,TO.TANKS,To Tank after dips,,,
MTVOL,D,24,,,TO TANK,8R,M,TO.TANKS,To Tank Volume of Dip Before,,,
MTCOMMENT,D,25,,,TO COMMENTS,20T,M,TO.TANKS,Comments,,,
MTCHEMNO,D,26,,,TO TANK,12L,M,TO.TANKS,"To Tank series of ""sub values""  chemistry reference no. performed on these tanks",,,
MCUST,D,27,,,CUST,9L,S,,Assigned customer,,,
MCUST.OLD,D,27,,,CUST,3T,S,,Assigned customer,,,
MFLOW,D,28,,,FLOW,1T,S,,"Cellar note was raise as part of a flow series - ""F"" , otherwise null",,,
MEDATE,D,29,,D2/,Entered,8R,M,ADD.QTY.UOM,Entered Date completed - used by addition notices,,,
MFTSTAT,D,30,,,F/T,2T,M,FROM.TANKS,"From Tank status "" "" on action yet, S-started, C-completed, M- empty",,,
MTTSTAT,D,31,,,T/T,2T,M,TO.TANKS,"To Tanks status  "" ""-no action yet, S-started, C-completed, M-empty",,,
MFRCNOTE,D,32,,,FROM REL,7R,M,,Related from Cellar Note No.,,,
MTRCNOTE,D,33,,,TO REL,7R,M,,Related to Cellar Note No.,,,
IGL.COMMENT,D,34,,,IGL Comment,30L,S,,IGL comment,,,
MADESCP,D,34,,,ADDITIONS DESCRIPTION,72T,M,ADD.QTY.UOM,Additions description,,,
MHCOMMENT,D,35,,,COMMENT FOR HEADING,30T,M,,User comment for heading of cellar note - U/D in create & update of cellar notes,,,
SCREASON,D,35,,,REASON FOR,30L,M,,Reason for Summary Composition Correction,,,
MASTATUS,D,36,,,ADD,2T,M,ADD.QTY.UOM,Additive status,,,
MPRNTFLAG,D,37,,,PRNT,2T,S,,"Print flag for Cellar Operation Notices.  NP = not yet printed, P = printed, M =",,,
MFOPCTR,D,38,,,F/OP,4T,M,FROM.TANKS,Operation Centre,,,
ORIG.FILE.IND,D,38,,,,1L,S,,"Original file the record came from of O=OPSMOVE, A=ADD.NOTICE and",,,
MFOPCD,D,39,,,F/OP,4T,M,FROM.TANKS,Operation Code,,,
MTOPCTR,D,40,,,T/OP,4T,M,TO.TANKS,Operation Centre,,,
MTOPCD,D,41,,,T/OP,4T,M,TO.TANKS,Operation Code,,,
MGAINLOSS,D,42,,,GAIN/LOSS,8R,S,,Gain or Loss Associated with this Cellar Note,,,
MGL,D,42,,MD00P,GAIN/LOSS,8R,S,,Gain or Loss Associated with this Cellar Note,,,
USERID,D,43,,,USER ID,10L,S,,User Identification,,,
DE.STD.VAR.CST.OVR,D,44,,MD40P,Standard,7R,M,TRUCK.NOS,Standard variable cost per litre to overwrite existing cost for an intransit tank on,,,
MTINITBE,D,44,,,INIT,4R,M,TO.TANKS,Wine Tank Initial Be,,,
STD.VAR.CST.OVR,D,44,,MD40P,Standard,7R,M,TO.TANKS,Standard variable cost per litre to overwrite existing cost,,,
DE.STD.TOT.CST.OVR,D,45,,MD40P,Standard,7R,M,TRUCK.NOS,Standard total cost per litre to overwrite existing cost for an intransit tank on a,,,
MTINITVV,D,45,,,INIT,4R,M,TO.TANKS,Wine Tanks Initial Perc V/V,,,
STD.TOT.CST.OVR,D,45,,MD40P,Standard,7R,M,TO.TANKS,Standard total cost per litre to overwrite existing cost,,,
DE.STD.VAR.CST.ADD,D,46,,MD40P,Standard,7R,M,TRUCK.NOS,Standard variable cost per litre to add to existing cost for an intransit tank on a,,,
MTFRUITBE,D,46,,,FRUIT,4R,M,TO.TANKS,Wine Tanks Fruit Be,,,
STD.VAR.CST.ADD,D,46,,MD40P,Standard,7R,M,TO.TANKS,Standard variable cost per litre to add to existing cost,,,
DE.STD.TOT.CST.ADD,D,47,,MD40P,Standard,7R,M,TRUCK.NOS,Standard total cost per litre to add to existing cost for an intransit tank on a,,,
MTFINALBE,D,47,,,FINAL,4R,M,TO.TANKS,Wine Tanks Final Be,,,
STD.TOT.CST.ADD,D,47,,MD40P,Standard,7R,M,TO.TANKS,Standard total cost per litre to add to existing cost,,,
MTFINALVV,D,48,,,FINAL,4R,M,TO.TANKS,Wine Tanks Final Perc V/V,,,
MFCLASS,D,49,,,CLASS,4T,M,FROM.TANKS,Spirit Tanks Class,,,
MFLITREQ,D,50,,,LITRES,8R,M,FROM.TANKS,Spirit Tanks Litres Required of Spirit,,,
MFSTR,D,51,,,STR,4R,M,FROM.TANKS,Spirit Tanks Spirit Strength,,,
MFLALS,D,52,,,FROM,8R,M,FROM.TANKS,Spirit Tanks Spirit LALS,,,
MFLITUSED,D,53,,,LITRES,8R,M,FROM.TANKS,Spirit Tanks Spirit Litres Used,,,
MFLALUSED,D,54,,,LALS,8R,M,FROM.TANKS,Spirit Tanks Spirit LALS Used,,,
MTLALS,D,54,,,TO,8R,M,TO.TANKS,To Spirit Tanks LALS,,,
MFBATCH,D,55,,,FROM,7L,M,FROM.TANKS,From Batch/Group Number,,,
MTBATCH,D,56,,,TO,7L,M,TO.TANKS,To Batch/Group Number,,,
MFVOLA,D,57,,,FROM TANK,8R,M,FROM.TANKS,From Tank Volume of After Dip,,,
MTVOLA,D,58,,MD10P,TO TANK,11R,M,TO.TANKS,To Tanks Volume of After Dip,,,
MFSWQTY,D,59,,,S/WOOD,7R,M,FROM.TANKS,From tanks Small Wood Qty,,,
MFTEMP,D,59,,,FROM,7R,M,FROM.TANKS,From Temperature Distillation/Spirit,,,
MFTIRBOT,D,59,,,FROM,7R,M,FROM.TANKS,From Tirage Bottles Qty,,,
MTSWQTY,D,60,,,S/WOOD,7R,M,TO.TANKS,To Tanks Small Wood Qty,,,
MTTEMP,D,60,,,TO,7R,M,TO.TANKS,To Temperature Distillation/Spirit,,,
MTTIRBOT,D,60,,,TO,7R,M,TO.TANKS,To Tirage Bottles Qty,,,
MFDVOL,D,61,,,FROM DIST,8R,M,FROM.TANKS,From Distillation Volume,,,
MTSWSTORE,D,61,,,STORE/,6L,M,TO.TANKS,Small Wood Store/Stack - To Tanks,,,
MTSWSTORE12,D,61,,,TO STORE,12T,M,TO.TANKS,Small Wood Store/Stack - To Tanks,,,
MTTIRSTORE,D,61,,,TO TIRAGE,10L,M,TO.TANKS,To Tirage Bottles Storage,,,
MFDCNOTE,D,62,,,FROM DIST,7R,M,FROM.TANKS,From Distillation Cellar Note no.,,,
MFSWSTORE,D,62,,,STORE/,6L,M,FROM.TANKS,Small Wood Store - From,,,
MFSWSTORE12,D,62,,,FROM STORE,12T,M,FROM.TANKS,Small Wood Store - From,,,
MFTIRSTORE,D,62,,,FROM TIRAGE,10L,M,FROM.TANKS,From Tirage Bottles Storage,,,
MFDATEIN,D,63,,D2/,SENT INTO,8R,M,FROM.TANKS,Date Sent into Distillation,,,
MTSWFROMTO,D,63,,,FROM/TO,8L,M,TO.TANKS,Small Wood From/To - To Tanks,,,
MFSELNOS,D,64,,,DIST,4R,M,FROM.TANKS,Distillation Selected Lines numbers,,,
MFSWFROMTO,D,64,,,FROM/TO,8L,M,FROM.TANKS,Small Wood From/To - To Tanks,,,
MTBOTLINE,D,65,,,LINE,4R,M,,Line Number Bottling Done on for STMN to 'BOT' & DISG notes.,,,
MTRUCKNO,D,65,,,TRUCK,6T,M,TRUCK.NOS,Truck Numbers for Stock Movement Notes,,,
MTBOTBLEND,D,66,,,BLEND,12L,M,BOTTLING,Blend Sent for Bottling,,,
MTRBLEND,D,66,,,TRUCK BLENDS,12T,M,TRUCK.NOS,Truck Blends for Stock Movement Notes,,,
MTBOTLITRES,D,67,,,LITRES,9R,M,BOTTLING,Litres Sent for Bottling,,,
MTRLITRES,D,67,,MD10P,Truck,10R,M,TRUCK.NOS,Truck Litres for Stock Movement Notes,,,
MATIME,D,68,,MTS,COMPLETE,9R,,,System Completion Time,,,
MATIME.INT,D,68,,,COMPLETE,9R,,,System Completion Time,,,
MATIME.SHT,D,68,,MT,Time,5R,,,Actual Time of Operation Completion,,,
MTBOTDATE,D,69,,D2/,DATE,8R,M,BOTTLING,Date Sent for Bottling,,,
MTBOTDATE.E,D,69,,D4/E,DATE,10R,M,BOTTLING,Date Sent for Bottling,,,
MTBOTDATE.EP,D,69,,,DATE,8R,M,BOTTLING,Date Sent for Bottling = no conversion,,,
MVAR,D,69,,,VARIETY,6L,M,PURWINE,Grape Variety:Price Code:Source Code of Wine Purchased,,,
SCVAR,D,69,,,SUM COMP,19L,M,SCOMP,Grape Variety:Price Code:Source*Vintage year,,,
MLITRES,D,70,,,LITRES,8R,M,PURWINE,Litres Purchased,,,
MTBOTPROD,D,70,,,PRODUCT,7L,M,BOTTLING,Financial Product Code Bottled,,,
SCLITRES,D,70,,,SUM COMP,8R,M,SCOMP,Summary Composition Litres,,,
MVENDOR,D,71,,,VENDOR,10L,M,PURWINE,Vendor Number of Who Wine was Purchased From,,,
MPONOS,D,72,,,P/O NOS,10R,M,PURWINE,Purcahse Order Number That Wine was Purchased on,,,
MPLIT,D,73,,,PRICE/,6R,M,PURWINE,Price per Litre Paid for Purchased Wine,,,
UPDATED.PONOS,D,74,,,P/O NOS,8R,M,PURWINE,Purchase Order Numbers That were updated via JKOE020,,,
UPDATED.QTY,D,75,,,LITRES,8R,M,PURWINE,Litres Update on Purchase Orders via JKOE020,,,
UPDATED.ITEMNOS,D,76,,,ITEMNOS,10L,M,PURWINE,Item Numbers That were updated via JKOE020,,,
UPDATE.FSTK.FLG,D,77,,,UPDATE,1L,S,,Financial Stock Update Flag,,,
MTSTR,D,78,,,TO STR,4R,M,TO.TANKS,Spirit Tanks Spirit Strength - TO,,,
GL.REASON,D,79,,,LOSS/GAIN REASON,40L,M,GL.DETS,Loss/Gain Reason Why,,,
GL.INIT.PRG,D,80,,,INITS,8L,S,,Initials of Person or program name Who Entered Loss/Gain Reason,,,
GL.INITS,D,80,,,INITS,3L,S,,Initials of Person Who Entered Loss/Gain Reason,,,
WORK.CENTRE,D,81,,,W/Centre,8L,S,,Work Centre code for bottling,,,
IFLEVEL,D,82,,,FROM,3L,M,FROM.TANKS,From Inventory Level,,,
ITLEVEL,D,83,,,TO INV,3L,M,TO.TANKS,To Inventory Level,,,
FROM.IBM,D,84,,,FROM,8L,M,,List of I.B.M. files that this record was made up of,,,
IMTLEVEL,D,85,,,TR INV,3L,M,TRUCK.NOS,Truck Inventory level,,,
FTVOLM,D,86,,,From Vol,8R,M,FROM.TANKS,Volume moved from FROM tank,,,
TTVOLM,D,87,,,To Vol,8R,M,TO.TANKS,Volume moved into TO tank,,,
CRSLOT,D,88,,,Crush,5R,M,CRSLOT,Crush slot number (key to crushplan),,,
SUMCOMP.UPD,D,89,,,Sumcomp,4L,S,,Summary Composition Update Flag,,,
DE.TYPE,D,90,,,Type,3L,,,Despatch transaction type,,,
DE.FLOCN,D,91,,,FL,2L,,,Despatch from sub location,,,
DE.TLOCN,D,92,,,TL,2L,,,Despatch to sub location,,,
DE.ORDERNO,D,93,,,Order No.,9L,,,Despatch order number,,,
DE.TRANS,D,94,,,Trans,8L,M,TRUCK.NOS,Despatch transport company,,,
DE.CONS,D,95,,,Cons No.,14L,M,TRUCK.NOS,Despatch consignment number,,,
DE.PAY.TYPE,D,96,,,Pay,1L,,,Despatch payment type -  (S)tandard / (B)ackload / (H)ourly /,,,
DE.HRS,D,97,,,T/hrs,5R,M,TRUCK.NOS,Despatch est travel hours,,,
DE.DATE,D,98,,,Despatch,8L,M,TRUCK.NOS,Despatch Date,,,
DE.FTANK,D,99,,,Desp.,5L,M,TRUCK.NOS,From tank numbers which Truck/Line wine blends come from in,,,
RC.LITRES,D,100,,MD10P,Received,8R,M,TO.TANKS,Litres received into To tank from each Truck/Compartment,,,
SCTONNES,D,101,,MD20P,SUM COMP,8R,M,SCOMP,Summary Composition Tonnes,,,
ADDN.NOTICE,D,102,,,Addn Chit,9L,S,,Linked Additions notice Id,,,
ADDQTY,D,103,,,ADDITIVE,9R,S,,Additive quantity as entered on a chit,,,
UPD.BY.PROG,D,104,,,Updated,7L,M,,List of programs that have updated this record,,,
TRUCK.BATCH,D,105,,,Truck,7L,M,TRUCK.NOS,Batch code related to truck or truck compartment,,,
TRUCK.STATUS,D,106,,,Truck,3L,M,TRUCK.NOS,,,,
SUMCOMP.ERROR.REASON,D,107,,,Summary Composition Error,70T,M,SC.ERR,Reason that this chit appeared on the summary composition error list,,,
PURCH.PCNT,D,108,,,PURCH,3R,M,,Percentage of each component of the Total,,,
POTRANS.ID,D,109,,,POTRANS,10L,S,,POTRANS ID which contains From Blend Code,,,
CONF.SPEC.REF,D,110,,,SPECIFIC,10L,S,,Specifications Confirmed Reference,,,
CONF.SPEC.BY,D,111,,,SPECIFICATIONS,20L,S,,Specification Confirmed By,,,
TANKER.MOVEMENTS,D,112,,,TANKER MOVE,13L,M,,"Tanker Movt. ID'S for Cartnotes, From/To Hours",,,
DE.FRT.COST,D,113,,MD40P,Freight,7R,M,TRUCK.NOS,Freight cost per litre for despatch and purchase chits if we are,,,
DE.INT.TANK,D,114,,,Intransit,5L,M,TRUCK.NOS,Intransit tank codes,,,
WARNING.NO,D,115,,,WARNING,5L,M,,Warning Numbers Xref'D to the WARNING.MESSAGES file,,,
WARNING.TANKS,D,116,,,WARNED,15L,M,,Tanks associated with warning nos,,,
PR.ORDNO,D,117,,,Process Order No.,12L,M,BOTTLING,Process Order Number,,,
WK.ORDER,D,117,,,WORK,7L,M,BOTTLING,Work Order for Bottling Despatch Chits,,,
PROD.ID,D,118,,,PROD,15L,M,,Work Order Production ID,,,
FIN.GOODS.CODE,D,119,,,FIN GOODS,7L,M,,Finished Goods Code referencing ORDERS file (att 29),,,
BLEND.COST.CODE,D,120,,,Cost,3L,M,BCOST,Tank blend cost code,,,
BLEND.COST.LTRS,D,121,,MD4,Cost/Ltr,7R,M,BCOST,Blend costs/litre,,,
VSUM.KEY,D,122,,,Vintage Summary File Key,39L,M,TO.TANKS,Unique key to the VINT.SUMM file,,,
MTTANK.USE,D,123,,,To,1L,M,TO.TANKS,Usage Type of the TO Tank,,,
ADDRATE,D,124,,,RATE ADDED,9R,M,ADD.QTY.UOM,Rate of additive addition,,,
AOUMEAS,D,125,,,UNIT OF,6T,M,ADD.QTY.UOM,Unit of measure for additive,,,
BARREL.SOURCE,D,126,,,Barrel Source,14L,M,,ID to BARREL.REGISTER where barrels come FROM,,,
MT.BARREL.DEST,D,127,,,MT Barrel,14L,M,,ID to BARREL.REGISTER of where MT barrels go,,,
BSTK.REAS,D,128,,,Stock Adjustment Reason,40L,S,,Reason for bulk wine stocktake adjustment,,,
BLEND.COST.VAR.LTRS,D,129,,MD4,Var.,7R,M,BCOST,Blend Variable cost/litre,,,
ACT.WOOD.COST,D,130,,MD40P,Actual,7R,M,TO.TANKS,Actual Wood cost per litre,,,
ACT.CHIPS.COST,D,131,,MD40P,Actual,7R,M,TO.TANKS,Actual Chips cost per litre,,,
ACT.VAR.OH.COST,D,132,,MD40P,Actual,7R,M,TO.TANKS,Actual Variable Overhead cost per litre,,,
ACT.TOT.OH.COST,D,133,,MD40P,Actual,7R,M,TO.TANKS,Actual Total Overhead cost per litre,,,
MTGL,D,134,,,GL,2L,M,TO.TANKS,Grade Level for Tank,,,
MTIGL,D,134,,,Init,2L,M,TO.TANKS,Initial Grade Level for Tank,,,
MTIGV,D,134,,,Init,4R,M,TO.TANKS,Initial Grape Value for Tank,,,
WM.FWOOD.TYPE,D,135,,,From,2L,M,FROM.TANKS,Wood type for 'from' tanks,,,
WM.FFIL.NO,D,136,,MD00P,From,2R,M,FROM.TANKS,Fill number for 'from' tanks,,,
WM.FLITRES,D,137,,,From,14R,M,FROM.TANKS,Litres for 'from' tanks,,,
WM.TWOOD.TYPE,D,138,,,To,2L,M,TO.TANKS,Wood type for 'to' tanks,,,
WM.TFILL.NO,D,139,,MD00P,To,2L,M,TO.TANKS,Fill number for 'to' tanks,,,
WM.TLITRES,D,140,,MD00P,To,14R,M,TO.TANKS,Litres for 'to' tanks,,,
PURCH.GL,D,141,,,GL,2L,M,TO.TANKS,Purchasing Grade Level assigned to To Tank,,,
SAVE.DE.FLOCN,D,142,,,FL,2L,,,Old Sub-location prior to conversion to Winery Location,,,
SAVE.DE.TLOCN,D,143,,,TL,2L,,,Old Sub-location prior to conversion to Winery Location,,,
GL.VIYEAR,D,144,,,Grade Level,4R,S,,Grade Level Vintage Year,,,
FT.GL.B4,D,145,,,From Tank,2L,M,FROM.TANKS,From Tank Grade Level B4,,,
FT.GL.AFT,D,146,,,From Tank,2L,M,FROM.TANKS,From Tank Grade Level After,,,
TT.GL.B4,D,147,,,To Tank,2L,M,TO.TANKS,To Tank Grade Level Before,,,
TT.GL.AFT,D,148,,,To Tank,2L,M,TO.TANKS,To Tank Grade Level After,,,
ORIG.BOTTLING.CHIT,D,149,,,Original,12L,M,SALV,Original Bottling chit for Salvage Decant,,,
VOLUME.SALVAGED,D,150,,MD10P,Volume Salvaged,9R,M,SALV,Volume Salvaged from Original Bottling Chit,,,
OBC.DWLP,D,151,,,Original Bottling,10L,M,SALV,Original Bottling chit data*whse*bottling line line*product,,,
FG.CODE.DATE,D,152,,,Finished/WIP Code,20L,M,SALV,Finished Goods Code * Original Production Date,,,
CHIT.VOLUME.SALVAGED,D,153,,MD10P,Volume Salvaged,9R,M,SALV,Volume salvaged from CHIT,,,
DE.FTIRAGE,D,154,,,Tirage info,10L,M,TRUCK.NOS,Tirage information,,,
MTRUCK.NUM,D,155,,,To Tank,2R,M,TO.TANKS,Tirage Receival Truck #,,,
ADD.LOT,D,156,,,Additive,8R,M,ADD.QTY.UOM,Additive lot number,,,
MTSALLINE,D,157,,,LINE,4R,M,TRUCK.NOS,Line number for 'SAL' sales notes,,,
ADDOP.MAINT.ID,D,158,,,,8R,M,ADDOP.MAINT,Multivalued list of @IDS to the ADDOP.MAINT file generated by,,,
MFHYD,D,159,,,From,7R,M,FROM.TANKS,From Tank Obscuration Reading,,,
MFOBS,D,160,,,From,7R,M,FROM.TANKS,From Tank Obscuration Reading,,,
MFLALS.20,D,161,,,From,7R,M,FROM.TANKS,From LALs @ 20oC,,,
MTHYD,D,162,,,To,7R,M,TO.TANKS,To Tank Obscuration Reading,,,
MTOBS,D,163,,,To,7R,M,TO.TANKS,To Tank Obscuration Reading,,,
MTLALS.20,D,164,,,To,7R,M,TO.TANKS,To LALs @ 20oC,,,
ENTERED.VV,D,165,,,Entered,6R,M,TO.TANKS,Enter % alcohol by volume,,,
MTLALS.IN,D,166,,,LALs,8R,M,TO.TANKS,LALs moved in,,,
CONTRACT.WNOTES,D,167,,,,10L,M,TO.TANKS,Contract weigh notes against To tanks (SV),,,
CONTRACT.LTRS,D,168,,MD10P,,10R,M,TO.TANKS,Contract litres placed into To tanks (SV),,,
CONTRACT.TONNES,D,169,,MD20P,,8R,M,TO.TANKS,Contract tonnes against To tanks (SV),,,
CONTRACT.UNMAPPED,D,170,,,,1L,M,TO.TANKS,Set to 1 if the To tank Contract weigh note has not been mapped to a,,,
CONTRACT.WNFLAG,D,171,,,,1L,M,TO.TANKS,Status of contract weigh notes against To tanks on a receipt chit of,,,
ADD.LOT.QTY.JDE,D,172,,MD30P,Lot Qty JDE,9R,M,ADD.QTY.UOM,The quantity of the additive lot sent to JDE as consumption,,,
ADD.LOT.UOM.JDE,D,173,,,Lot UOM JDE,6L,M,ADD.QTY.UOM,The unit of measure for the lot quantity that updated JDE,,,
SRC.DOC.CRCTN,D,174,,,Source,13L,M,SD.CRCTN,Composition correction - source document (purchase chit or weigh,,,
SRC.DOC.LITRES,D,175,,MD10P,Source,10R,M,SD.CRCTN,Litres associated with source document,,,
SRC.DOC.TONNES,D,176,,MD10P,Source,8R,M,SD.CRCTN,Tonnes associated with source document,,,
SALES.ITEM.TEXT,D,177,,,,50L,M,TRUCK.NOS,Free form text that can be used for tracking sales items,,,
ORIG.MRDATE,D,178,,D2/,Original,8R,S,,Original required completion date as entered by winemaker,,,
ORIG.MRTIME,D,179,,MTS,Original,8R,S,,Original required completion time as entered by winemaker,,,
WTO.STATUS,D,180,,,WTO,1L,S,,Wine Tank Optimiser Status,,,
WTO.INSTRUCTIONS,D,181,,,,72L,M,WTO.INSTRUC,Text with information on assigned equipment and pipe paths,,,
CREATE.DATE,D,182,,D2/,Creation,8R,,,Opsmove creation date,,,
WTO.DATESTAMP,D,183,,,,14L,S,,YYYYMMDDHHMMSS Date stamp used on WTO.CHITS.ORIG file record,,,
PRINTED,D,184,,,Chit,1L,S,,Chit has been printed,,,
DATES.PRINTED,D,185,,D2/,Dates,8R,M,DATES.PRINT,Dates the chit has been printed (MV),,,
TIMES.PRINTED,D,186,,MTS,Times,8R,M,DATES.PRINT,Times the chit has been printed (MV),,,
MTCLASS,D,187,,,To Class,4L,M,TO.TANKS,Spirit Class - TO,,,
OW.FROM.FREIGHT.AREA,D,188,,,Over,2L,S,,Overwritten from freight area,,,
MFGENERIC,D,189,,,From Tank,3L,M,FROM.TANKS,From Tank Generic Code,,,
MFALLOCVINT,D,190,,,Vint,4R,M,FROM.TANKS,From Tank Allocation Vintage,,,
MFALLOCLITRES,D,191,,,Litres,9R,M,FROM.TANKS,From Tank Allocated Litres,,,
MTRGENERIC,D,192,,,To Truck,3L,M,TRUCK.NOS,To Truck Generic Code,,,
MTRALLOCVINT,D,193,,,Vint,4R,M,TRUCK.NOS,To Truck Allocation Vintage,,,
MTRALLOCLITRES,D,194,,,Litres,9R,M,TRUCK.NOS,To Truck Allocated Litres,,,
MTGENERIC,D,195,,,To Tank,3L,M,TO.TANKS,To Tank Generic Code,,,
MTALLOCVINT,D,196,,,Vint,4R,M,TO.TANKS,To Tank Allocation Vintage,,,
MTALLOCLITRES,D,197,,,Litres,9R,M,TO.TANKS,To Tank Allocated Litres,,,
MFALLOCPERC,D,198,,MD20P,Allocated,10R,M,FROM.TANKS,'From' tank allocation percentage this volume,,,
MTRALLOCPERC,D,199,,MD20P,Allocated,10R,M,TRUCK.NOS,'To' truck allocation percentage this volume,,,
WOP.WKORD,D,200,,,,4L,S,,Winery operations work order,,,
WOP.WKORD.SEQ,D,201,,,,2R,S,,Sequence on winery operations work order,,,
SEL.PODETAIL.ID,D,202,,,PODETAIL,5R,M,PURWINE,Selected PODETAIL Id,,,
MTRCHEMNO,D,203,,,,9L,M,TRUCK.NOS,Chemistry request ID`s generated against trucks on a Despatch chit,,,
GL.CODE,D,204,,,,4L,M,GL.DETS,Gain/Loss reason code,,,
CIR.NUMBER,D,205,,,,8L,S,,CIR number,,,
DATE.STARTED,D,206,,D4/,,10R,S,,Date started,,,
TIME.STARTED,D,207,,MTS,,8R,S,,Time started,,,
DATE.FINISHED,D,208,,D4/,,10R,S,,Date finished,,,
TIME.FINISHED,D,209,,MTS,,8R,S,,Time finished,,,
WMEST.DATE,D,210,,D4/,,10R,S,,Winemaker earliest start date,,,
MFCHEMNO,D,211,,,From,10L,M,FROM.TANKS,Chemistry request number associated with FROM tanks,,,
ADD.LOT.QTY,D,212,,MD40P,Add,9R,M,ADD.LOT.QTY,Additive lot quantity on purchase and summary comp correction,,,
WOOD.BATCH,D,213,,,Wood,6L,M,ADD.QTY.UOM,Wood batch when operation is a wood insertion,,,
MOVE.IFACED,D,214,,,MOVE,1L,S,,The chit is interfaced with project MOVE,,,
MOVE.ERR.TXT,D,215,,,Error text for MOVE,60L,S,,Error text to be sent via interface to project MOVE,,,
MOVE.TRNSPT.REQ,D,216,,,MOVE,10R,S,,MOVE Transport request number,,,
DE.MOVE.BKNG,D,217,,,MOVE,10R,M,TRUCK.NOS,MOVE booking number,,,
MOVE.IFACE.NO,D,218,,,Last,1R,S,,MOVE Interface number 1 to 4 (5 excluded) to last update CHIT.,,,
MOVE.MPF,D,219,,,MOVE MPF,3L,S,,,,,
MOVE.VOLUME,D,220,,MD00P,MOVE,10R,S,,Total volume on MOVE transport request,,,
MOVE.BLEND,D,221,,,MOVE,12L,S,,MOVE Blend code captured by DEFUSE extract,,,
MOVE.BATCH,D,222,,,MOVE,7L,S,,MOVE Batch code captured by DEFUSE extract,,,
MOVE.WINE.STATUS,D,223,,,MOVE,3L,,,MOVE Wine Status captured by DEFUSE extract,,,
MOVE.CH.COMM,D,224,,,MOVE cellar hand comments,40L,M,MOVE.CH.COM,MOVE cellar hand comments (from MOVE),,,
DATE.UPDATED,D,225,,D2/,Date updated,8R,S,,Date operation updated,,,
TIME.UPDATED,D,226,,MTS,Time updated,8R,S,,Time operation updated,,,
SWA.LITRES,D,227,,MD10P,,10R,S,,Sustainable Winemaking Australia qualifying litres,,,
SWA.CORRECTED,D,228,,FLAG,,1L,S,,SWA Litres were corrected.,,,
SCOMP.CORRECTED,D,229,,FLAG,,1L,S,,Summary comp has been corrected.,,,
ADDS.CORRECTED,D,230,,FLAG,,1L,S,,Additions and additive lots have been corrected. (includes cleared),,,
SRCDOCS.CORRECTED,D,231,,FLAG,,1L,S,,Source documents have been corrected. (includes cleared),,,
PUR.SWA.LITRES,D,232,,MD10P,,10R,S,,SWA litres for a purchase chit,,,
ACIDA,I,,""" """,,Acid,10L,S,,ACID ADJUST HEADING,,,
ADD.ITEM,I,,"TRANS(MADD,MADDCD,'PRODNO','X')",,Add Item,10L,M,ADD.QTY.UOM,Financial Product Number,,,
ADD.LOT.DESC,I,,"TRANS(LOT,ADD.LOT,DESC,'X')",,,40L,M,ADD.QTY.UOM,Additive lot description,,,
ADDLOTSTART,I,,"TRANS(DESCRIPTION,'ADDLOTSTART',1,'X');IF @ THEN @ ELSE 13881",D2/,Additive,10L,S,,Additive lot tracing start date,,,
ADDLOTSTART.I,I,,"TRANS(DESCRIPTION,'ADDLOTSTART',1,'X');IF @ THEN @ ELSE 13881",,Additive,5R,S,,Additive lot tracing start date (no output conv),,,
ADW,I,,"DCOUNT(DE.TLOCN,@VM)",,,2R,S,,,,,
ADW.TYPE,I,,"TRANS(MOPS,MOPCD,TYPE.CODE,'X')",,,2R,S,,,,,
ALL.BLEND,I,,MFBLEND;MTBLEND;IF MOPCD = 'STMN' THEN MTRBLEND ELSE @;@1:@VM:@,,BLEND CODE,12T,M,TOT.MOVE,All blends,,,
ALL.FTVOLM,I,,"TRANS(MOPS,MOPCD,UPDATE.CODE,'X') ; TRANS(MOPS.DEL,MOPCD,UPDATE.CODE,'X')  ; IF @1",MD10P,Total,10R,M,FROM.TANKS,Total volume moved out - for all op types,,,
ALL.TANKS,I,,"MFTANK:'-':MTTANK;CONVERT(@VM,'/',@) ;IF @2 = '-' THEN '' ELSE @2 ;IF      @3[1] =",,Tank codes,30L,,,Tank codes separated by '/',,,
ALL.TO.TANKS,I,,"CONVERT(@VM,'/',MTTANK)",,To Tank codes,30L,,,Tank codes separated by '/',,,
ALL.TTVOLM,I,,"SUBR('!ADDS',CALC.TTVOLM, MTRLITRES)",MD10P,Total,10R,M,TO.TANKS,Total volume moved in - for all op types,,,
AUD.BREAK,I,,IF AUD.CODE = 1 THEN 1 ELSE IF AUD.CODE = 3 THEN 1 ELSE IF AUD.CODE = 2 THEN 2 ELSE,,,1L,S,,Group deletions and before images together and creations and after,,,
AUD.CODE,I,,"FIELD(@ID,'*',5)",,AUDIT,1L,S,,Audit action code,,,
AUD.DATE,I,,"FIELD(@ID,'*',2)",D2/,AUDIT,8R,S,,Audit date,,,
AUD.DESC,I,,"FIELD('Deleted*Created*Before*After','*',AUD.CODE,1)",,AUDIT DESC,8L,S,,Audit description,,,
AUD.KEY,I,,"FIELD(@ID,'*',4)",,AUDIT KEY,10L,S,,Audit key,,,
AUD.SEQNO,I,,"FIELD(@ID,'*',1)",,AUDIT,6R,S,,Audit Sequence number,,,
AUD.TIME,I,,"FIELD(@ID,'*',3)",MT,AUDIT,8R,S,,Audit time,,,
AUD.USER,I,,"FIELD(@ID,'*',6)",,User Name,15L,S,,User name,,,
BARRELS,I,,"TOTAL(SUBR('*PZZI211','DIVC',MTVOLA,250,'',''))",,No,8R,M,,"Approx number of barrels, calculated by dividing volume by 250",,,
BATCH.DESC,I,,"TRANS(MBATCH,TRUCK.BATCH,BATCH.DESC,'X')",,Batch Description,30L,M,TRUCK.NOS,Batch Description,,,
BLEND.4CH,I,,"MFBLEND[4,1]",,WINE,1R,M,,Style Code - Fourth character of the blend code,,,
BLEND.COST.DESC,I,,"TRANS(BLEND.COST,BLEND.COST.CODE,BLEND.COST.DESC,'X')",,Description,30L,M,BCOST,Cost Code Description,,,
BLEND.IN,I,,MTBLEND;IF MOPCD = 'STMN' THEN MTRBLEND ELSE @,,TO BLEND,12T,M,IN,To Blend Codes,,,
BLEND.IN.TYPE,I,,"MTBLEND;IF MOPCD = 'STMN' THEN MTRBLEND ELSE @;TRANS(MBLEND,@,BTYPECODE,'X')",,TO BLEND,5T,M,IN,To Blend Type Code,,,
BLEND.OUT.TYPE,I,,"TRANS(MBLEND,BLEND.OUT,BTYPECODE,'X')",,FROM BLEND,5T,M,OUT,From Blend Type Code,,,
BOT.BATCH,I,,"FIELD(MFBATCH,@VM,1)",,Bottled,7L,S,,,,,
BOTT.DATE,I,,"SUBR(SUBR.PENBW:'PBWI833',@ID)",D2/,Bottling,8R,S,,Bottling date from BOTT OPSMOVE record,,,
BSM.FWHOUSE,I,,"FIELD(FIELD(PROD.ID,@VM,1),'*',3)",,,2L,S,,From warehouse used on BSM extraction,,,
BSTK.BLEND.REAS,I,,"FIELD(MTBLEND,@VM,1):' ':FIELD(MTBLENDESC,@VM,1):@VM:GL.REASON",,To Blend &,44L,M,BSTK.BLEND.,"Bulk wine stocktake, To blend & reason",,,
BWALLOC.FTANK,I,,"RAISE(TRANS(BWALLOC.OPSMOVE,@ID,FTANK,'X'))",,Alloc,6L,M,ALLOC.FTANK,Allocation From Tanks,,,
BWALLOC.ID,I,,"SUBR(SUBR.PENBW:'PBWI934',DE.INT.TANK)",,BWALLOC,30L,M,TRUCK.NOS,BWALLOC id for intransit tanks,,,
BWALLOC.TTANK,I,,"RAISE(TRANS(BWALLOC.OPSMOVE,@ID,TTANK,'X'))",,Alloc,6L,M,ALLOC.TTANK,Allocation To Tanks,,,
BWM.KEY,I,,"SUBR(""!FMTS"",MTBLEND,'L%12'); SUBR(""!FMTS"",MTBATCH,'L%7');",,,26R,M,TO.TANKS,,,,
BWOP$REC,I,,"TRANS(BWALLOC.OPSMOVE,MCNOTE,-1,'X')",,BWALLOC.OPSMOVE,50T,S,,BWALLOC.OPSMOVE record,,,
BWRS.ITLEVEL,I,,"TRANS(OPSMOVE,@ID,83,'X')",,TO INV,3L,M,TO.TANKS,OPSMOVE To Inventory Level,,,
BWRS.MADATE,I,,"TRANS(OPSMOVE,@ID,4,'X')",D2/,ACTUAL,8R,S,,OPSMOVE Date actual action started,,,
BWRS.MADATE.UN,I,,"TRANS(OPSMOVE,@ID,4,'X')",,ACTUAL,8R,S,,OPSMOVE Date actual action started,,,
BWRS.MATIME,I,,"TRANS(OPSMOVE,@ID,68,'X')",,UPDATED,6R,S,,OPSMOVE Time of operation update,,,
BWRS.MOPCD,I,,"TRANS(OPSMOVE,@ID,MOPCD,'X')",,OPER,3T,S,,OPSMOVE Operation identification code,,,
BWRS.MRTIME,I,,"TRANS(OPSMOVE,@ID,3,'X')",,REQUIRED,6R,S,,OPSMOVE Time request made for operation,,,
CACTIV,I,,"TRANS(CHEM,MTCHEMNO,'CACTIV','X')",,REC ACTIV,1T,M,TO.TANKS,"Record activity code, null = unregistered, R = registered/no",,,
CADD.LOT,I,,"RAISE(TRANS(SUMCOMP.TANK,MFTANK,'ADD.LOT','X'))",,,8L,M,CADD.LOT,,,,
CADD.LOT.DESC,I,,"TRANS(LOT,CADD.LOT,DESC,'X')",,,40L,M,CADD.LOT,Additive lot description,,,
CADD.LOT.QTY,I,,"RAISE(TRANS(SUMCOMP.TANK,MFTANK,'ADD.LOT.QTY','X'))",MD40P,,9R,M,CADD.LOT,,,,
CALC.FTVOLM,I,,"SUBR('!SUBS',MFVOL,MFVOLA)",MD10P,,10R,M,FROM.TANKS,,,,
CALC.GAINLOSS,I,,SUM(MTVOLA-MTVOL)-SUM(MFVOL-MFVOLA),,Gain/loss,8R,M,,,,,
CALC.TTVOLM,I,,"SUBR('!SUBS',MTVOLA,MTVOL)",MD10P,,10R,M,TO.TANKS,,,,
CENRD,I,,"""""",,Cenr Date,10L,S,,CENR DATE HEADING,,,
CHEMNOTES,I,,"TRANS(MTANK,MTTANK,'CHEMNOTES','X')",,,10L,M,TO.TANKS,List of incomplete chemistry notes for the current contents of this,,,
CHIT.QTY,I,,"TRANS(PODETAIL,SEL.PODETAIL.ID,'CHIT.QTY','X')",,Chit Qty,10R,M,PURWINE,Quantity received on this chit,,,
CHIT.XREF,I,,"TRANS(CHEM,MTCHEMNO,'CHIT.XREF','X')",,CHIT,10L,M,TO.TANKS,,,,
CHITYEAR,I,,"@ID[4,2]",,CHIT,2R,S,,Vintage year of the chit,,,
CMADDCD,I,,"RAISE(TRANS(SUMCOMP.TANK,MFTANK,'ADD.CODE','X'))",,ADDITIVE,4L,M,CMADDCD,Additive Code in Summary Composition,,,
CMADDCD.DESC,I,,"TRANS(MBATCH,CMADDCD,""BATCH.DESC"",'X');TRANS(MBATCH.HIST,CMADDCD,""BATCH.DESC"",'X');",,DESCRIPTION,30L,M,CMADDCD,Description of stock items,,,
CMAQTYISS,I,,"RAISE(TRANS(SUMCOMP.TANK,MFTANK,'ADD.QTY','X'))",MD40P,ADDITIVE,9R,M,CMADDCD,Additive Qty in Summary Composition,,,
CMAUOMISS,I,,"TRANS(MADD,CMADDCD,'AUOMISS','X'); IFS(GTS(LENS(CMADDCD),REUSE(4)),REUSE('LT'),@1)",,UOM,6L,M,CMADDCD,Issuing unit of measure,,,
CO.MACTIV,I,,"IF COUNT(@ID,'-') THEN MACTIV ELSE 'R'",,,1L,S,,Chit/Opsmove split MACTIV defn used on I.CP.OPSMOVE inversion file,,,
CO.MRDATE,I,,"IF COUNT(@ID,'-') THEN MRDATE ELSE TRANS(CHIT,@ID,MRDATE,'X')",D2/,Request,8R,S,,Chit/Opsmove split MRDATE defn used on I.CP.OPSMOVE inversion file,,,
CORR.LITRES,I,,"SUBR(""*PBWZ383"",MTVOLA,MTTEMP,MTSTR)",MD20P,Corrected,10R,S,,Litres corrected to 20 degrees,,,
COST.CODE.CNT,I,,"DCOUNT(BLEND.COST.CODE,@VM)",,,2R,S,,cost code count,,,
CRT.MTH.YR,I,,"OCONV(CREATE.DATE,'D4/')[7]",,Create,7L,S,,Create month and year,,,
CTANK,I,,"TRANS(CHEM,MTCHEMNO,'CTANK','X')",,Chem,6L,M,TO.TANKS,Current tank at time of tests,,,
CTANK.CHEMNOTES,I,,"TRANS(MTANK,CTANK,'CHEMNOTES','X')",,,10L,M,TO.TANKS,List of incomplete chemistry notes for the current contents of this,,,
CUR.MTH.YR,I,,"OCONV(DATE(),'D4/')[7]",,Current,7L,S,,Current month and year,,,
DE.DN.FTVOLM,I,,"SUBR(SUBR.PENBW:'PBWI1170',DE.FLOCN,RLTD.D.R.NOTE,7);@1[1,LEN(@1)-11]",MD10P,D/Note,10R,M,DE.DN.FT,Despatch note from tanks volumes moved,,,
DE.DN.FTVOLM.SUM,I,,"SUBR(SUBR.PENBW:'PBWI1170',DE.FLOCN,RLTD.D.R.NOTE,7);@1[1,LEN(@1)-11];",,Despatch Note,10R,M,DE.DN.FT.SU,Despatch Note Sum of from tanks volumes moved,,,
DE.DN.MFBATCH,I,,"SUBR(SUBR.PENBW:'PBWI1170',DE.FLOCN,RLTD.D.R.NOTE,55)",,D/Note,7L,M,DE.DN.FT,Despatch note from tanks batch codes,,,
DE.DN.MFBATCH.SUM,I,,"SUBR(SUBR.PENBW:'PBWI1170',DE.FLOCN,RLTD.D.R.NOTE,7);@1[1,LEN(@1)-11];",,Despatch Note,7L,M,DE.DN.FT.SU,Despatch Note Consolidated From Tanks Batch Codes,,,
DE.FLOCN.DESC,I,,"TRANS(WINERY.LOCATION,DE.FLOCN,DESC,'X')",,From Location,20L,S,,From location description,,,
DE.FLOCN.WHOUSE,I,,"TRANS(SUB.LOCN,DE.FLOCN,WHOUSE,'X'); FIELD(@,@SM,1)",,,2L,S,,Warehouse code used on BSM interface,,,
DE.GEN.LITRES,I,,"TRANS(BWALLOC,BWALLOC.ID,'LITRES','X')",MD10P,Truck,7R,M,TRUCK.NOS,Litres allocated to each generic code on the truck,,,
DE.GENERIC,I,,"TRANS(BWALLOC,BWALLOC.ID,'GENERIC','X')",,Truck,3L,M,TRUCK.NOS,Truck generic codes allocated,,,
DE.STD.TOT.VALUE,I,,"SUBR('*PZZI211','MVV',MTRLITRES,TRUCK.STD.TOT.COST,'','')",MD20P,Truck,8R,M,TRUCK.NOS,Value of the truck litres at STANDARD TOTAL cost,,,
DE.STD.VALUE,I,,"SUBR('*PZZI211','MVV',MTRLITRES,MTRSCOST,'','')",MD20P,Truck,8R,M,TRUCK.NOS,,,,
DE.STD.VAR.VALUE,I,,"SUBR('*PZZI211','MVV',MTRLITRES,TRUCK.STD.VAR.COST,'','')",MD20P,Truck,8R,M,TRUCK.NOS,Value of the truck litres at STANDARD VARIABLE cost,,,
DE.TLOCN.DESC,I,,"TRANS(FREIGHT.AREA,DE.TLOCN,DESC,'X'); IF @='' THEN",,To Location,20L,,,To location description,,,
DE.VINT,I,,"TRANS(BWALLOC,BWALLOC.ID,'VINT','X')",,Truck,4R,M,TRUCK.NOS,Truck vintages allocated,,,
DIPTAB.FROM,I,,"TRANS(MTANK,MFTANK,3,'X')",,FROM TANK,5L,M,,,,,
ENDUSE,I,,"SUBR(""*FIND.OPSMOVE.ENDUSE"",MTBLEND,MTRBLEND,MFBLEND)",,END USE,9L,S,,Enduse of chit,,,
EX.RCVRY,I,,"TRANS(MOPS,MOPCD,EX.RCVRY,'X')",,Excl,1L,S,,Exclude from Recoveries Reports,,,
EXL.REC,I,,"SUM(SUBR(""!EQS"",OP.TYPE.EXL.REC,REUSE(TYPE.CODE))) OR EX.RCVRY = ""Y""",,Excluded,1L,S,,Excluded from recoveries reports,,,
F.DIP.VOL,I,,"SUBR(""*PBWZ171"",FRTTBL,MFDIPAFT,""V"")+0",MD10P,From,9R,M,FROM.TANKS,Subroutine call for calculation of Volume from Dip,,,
F.GRADE.LEVEL,I,,"RAISE(TRANS(BWALLOC.OPSMOVE,MCNOTE,'FQUALITY','X'))",,Alloc,2L,M,ALLOC.FTANK,From tank grade level,,,
FALLOCB4,I,,"RAISE(TRANS(BWALLOC.OPSMOVE,@ID,FALLOCB4,'X'))",,From Tank,3L,M,ALLOC.FTANK,generic litres for 'from tanks',,,
FALLOCB4.FIRST,I,,"RAISE(TRANS(BWALLOC.OPSMOVE,@ID,FALLOCB4,'X'));SUBR('*FIRST.SV',@1)",,First,3L,M,ALLOC.FTANK,First generic litres for 'from tanks',,,
FALLOCB4.FRST.%,I,,"RAISE(TRANS(BWALLOC.OPSMOVE,@ID,FALLOCB4,'X'));SUBR('*FIRST.SV',@1);SUBR('*SUM.SV',@",MD00P,First,3L,M,ALLOC.FTANK,First generic % of total litres for 'from tanks',,,
FAVGCOST,I,,"TRANS(MASTER.BLEND,MFBLEND,AVGCOST,""X"")",,FROM,8R,M,,Get the Averae Cost per Litre for the From Blends,,,
FBLEND.GEN,I,,"SUBR('!SUBSTRINGS',MFBLEND,5,3)",,From,3L,M,FROM.TANKS,From tank blend generic code,,,
FBLEND.VINT4,I,,"SUBR('!SUBSTRINGS',MFBLEND,2,2);SUBR('!ADDS',REUSE(2000),@1)",,From,4R,M,FROM.TANKS,From tank blend vintage to 4 digits,,,
FGENERIC,I,,"RAISE(TRANS(BWALLOC.OPSMOVE,@ID,FGENERIC,'X'))",,From Tank,3L,M,ALLOC.FTANK,Generic code for 'from tanks',,,
FGENERIC.FIRST,I,,"RAISE(TRANS(BWALLOC.OPSMOVE,@ID,FGENERIC,'X'));SUBR('*FIRST.SV',@1)",,First,3L,M,ALLOC.FTANK,First generic code for 'from tanks',,,
FIN.GOODS.CODE.DESC,I,,"SUBR('!CATS',SUBR('!SUBSTRINGS',TRANS(ITEM.MSTR,FIN.GOODS.CODE,PRODNAME,'X'),1,22),'",,PRODUCT,30L,M,BOTTLING,Financial Product Code Bottled,,,
FINISH.DATE,I,,"TRANS(BWOPS.PRODMEAS,PMCHITID,FINISH.DATE,'X')",D2/,FINISH,8L,S,,FINISH DATE,,,
FINYR,I,,"OCONV(MADATE,'D2/')[4,2];OCONV(MADATE,'D4/')[4];@2+1; IF @1 >=07 AND @1 <= 12 THEN",,Fin,4R,S,,Financial year,,,
FIRST.MTCHEMNO,I,,"FIELD(MTCHEMNO,@VM,1);FIELD(@1,@SM,1)",,First,10L,S,,First linked chemistry request,,,
FIRST.MTTANK,I,,"FIELD(MTTANK,@VM,1)",,First to,8R,S,,First to tank,,,
FQUALITY,I,,"RAISE(TRANS(BWALLOC.OPSMOVE,@ID,FQUALITY,'X'))",,Grade,2L,M,ALLOC.FTANK,Grade Level of the FROM tank,,,
FRM.FREIGHT.DESC,I,,IF OW.FROM.FREIGHT.AREA THEN OW.FROM.FREIGHT.AREA ELSE,,From freight area,20L,S,,From location description,,,
FROM.ILEV.SEQ,I,,"TRANS(BWRS.PARMS, SUBR('!CATS',REUSE(@WHO:'*'),FROM.ILEVEL), SORT.SEQ,'X')",,From,2R,M,FROM.TANKS,From inventory level sort sequence,,,
FROM.ILEVEL,I,,"SUBR('!SUBSTRINGS',MFBLEND,1,1)",,From,1L,M,FROM.TANKS,From blends inventory level,,,
FROM.VOL.TOT,I,,MFVOL.TOT - MFVOLA.TOT,MD10P,From,10R,S,,Total volume transferred from FROM tanks,,,
FRTTBL,I,,"TRANS(MTANK,MFTANK,TTABLE,'X')",,DIP,8L,M,FROM.TANKS,From Tank Size Dip Table,,,
FT.BL.GEN,I,,"SUBR(""*PZZI211"",'SUBSTR<',MFBLEND,5,3,9)",,From,3L,M,FROM.TANKS,From tank blend generic,,,
FT.BL.SRC,I,,"SUBR(""*PZZI211"",'SUBSTR>',MFBLEND,8,3,10)",,From,3L,M,FROM.TANKS,From tank blend source,,,
FT.BL.VAR,I,,"SUBR(""*PZZI211"",'SUBSTR>',MFBLEND,5,3,10)",,From,3L,M,FROM.TANKS,From tank blend variety,,,
FT.VAL.LTR,I,,"SUBR(SUBR.PENBW:'PBWI1184',RAISE(BWOP$REC),MFTANK,MFBLEND,'F')",MD40P,From,7R,M,FROM.TANKS,From tank value per litre,,,
FTANK,I,,"TRANS(BWALLOC.OPSMOVE,MCNOTE,'FTANK','X')",,Alloc,6L,M,ALLOC.FTANK,Alloc From tank numbers,,,
FTB4.STD.TOT.CST,I,,"RAISE(TRANS(BW.STD.CST.OPS,MCNOTE,FTB4.STD.TOT.CST,'X'))",MD40P,From Tank,7R,M,FROM.TANKS,From tank standard total cost per litre before the operation,,,
FTB4.STD.VAR.CST,I,,"RAISE(TRANS(BW.STD.CST.OPS,MCNOTE,FTB4.STD.VAR.CST,'X'))",MD40P,From Tank,7R,M,FROM.TANKS,From tank standard variable cost per litre before the operation,,,
FTVOLM.TOT,I,,SUM(FTVOLM),MD00P,Total Vol,10R,S,,Total volume moved out of from tanks,,,
FVARSRC,I,,"SUBR(""*PZZI211"",'SUBSTR',MFBLEND,5,6,'')",,From blend,6L,M,FROM.TANKS,Variety and source concatenated together,,,
GAIN.LOSS,I,,MTVOLA - MTVOL;IF MOPCD = 'STMN' THEN MTRLITRES ELSE @;MFVOL - MFVOLA;SUM(@2)-SUM(@),MD00P,GAIN/LOSS,9R,S,,Volume moved in,,,
GENERIC.CODE,I,,"SUBR(""*FIND.OPSMOVE.GENERIC.CODE"",@ID)",,GEN,3L,S,,Generic Code of chit,,,
GL.DESC,I,,"TRANS(GL.REASONS,GL.CODE,DESC,'X')",,,30L,M,GL.DETS,Gain/Loss code description,,,
GL.DESCP,I,,"SUBR(""*PBWZ403"",MFTANK,MTTANK);TRANS(MOPS,MOPCD,ODESCP,'X');IF @1 = 1 THEN 'S/W -",,DESCRIPTION,36L,S,,Look up of op description from ops master,,,
GL.PCT,I,,MFVOL - MFVOLA;SUM(@) ;IF MOPCD MATCHES OP.OFF.TRK THEN MTRLITRES ELSE,MD10P,G/L %,6R,S,,Volume moved out,,,
GL.REASON.CHECK,I,,"SUBR(""*PZZI211"",""CC"",GL.REASON,'','','')",,GL.REASON.ERR,1L,S,,Check if invalid characters in GL.REASON,,,
GRADE.LEVEL,I,,"TRANS(BWALLOC,BWALLOC.ID,'GRADE.LEVEL','X')",,Grade,2L,M,TRUCK.NOS,Grade level for the Tank,,,
GRDOCKET.TONNAGE,I,,"TRANS(GRDOCKET,@ID,TOTALQTY,'X')",MD10P,GRDOCKET,9R,,,GRDOCKET TOTAL TONNAGE,,,
GRP.CODE,I,,"@ID[1,3]",,GRP,5L,S,,Work Group from OPSMOVE id,,,
GRPYR,I,,"@ID[1,5]",,GROUP,5L,S,,Group Code:Year,,,
IGV.TANK,I,,"SUBR('!CATS',REUSE(MOPCD:'*'),MTTANK)",,,10L,M,,,,,
LALS.GL,I,,SUM(MTLALS) - SUM(MFLALS),MD10P,L/G,8R,S,,Loss/Gain LALS,,,
LASTVAL,I,,"TRANS(USERS.DEFAULTS,USERID,'LASTVAL','X')",,Last Value,20T,M,CODE,last used value,,,
LIND,I,,"TRANS(CHEM,MTCHEMNO,'LIND','X')",,L,1R,M,TO.TANKS,"Linked Indicator, null=linked / 1=unlinked / 2=unlinked after linked",,,
LINE.ITEM,I,,"TRANS(PODETAIL,SEL.PODETAIL.ID,'LINE.ITEM','X')",,Line Item,5R,M,PURWINE,Line item from SAP,,,
LITRE.YIELD,I,,MOVEMENT.TO / TONNAGE,MD10P,YEILD,6R,S,,,,,
LOCAL,I,,"TRANS(OPSMOVE,@ID,@ID,'X')",,LOCAL,10L,S,,,,,
LOT.ITEM,I,,"TRANS(LOT,ADD.LOT,'ITEM','X')",,Lot Item,10L,M,ADD.QTY.UOM,JDE item number,,,
LOT.TRACED,I,,"TRANS(MADD,MADDCD,'LOT.TRACED','X')",,Lot,1L,M,ADD.QTY.UOM,'Y' if the additive is lot traced,,,
MACTIV.DESC,I,,IF MACTIV = 'R' THEN 'REQUESTED' ELSE 'COMPLETED',,CHIT,9L,S,,Chit status description,,,
MADDCD.DESC,I,,"TRANS(MBATCH,MADDCD,""BATCH.DESC"",'X');TRANS(MBATCH.HIST,MADDCD,""BATCH.DESC"",'X');",,,30L,M,ADD.QTY.UOM,Additive code description,,,
MADESCP.CNT,I,,"DCOUNT(MADESCP,@VM)",,Inst.,2R,M,MADESCP,Number of Instructions,,,
MAMTH2,I,,"OCONV(MADATE,'D2/')[4,2]",,MA,2R,S,,2 DIGIT MA MONTH,,,
MAN.BY.ACCT,I,,"TRANS(WINERY.LOCATION,WINERY.LOCATION,MAN.BY.ACCT,'X')",,Man By,4L,S,,Managed by account,,,
MAST.OPCD,I,,"TRANS(MOPS,MOPCD,MAST.OPCD,'X')",,,3R,S,,Lookup master operation code,,,
MAYEAR,I,,"OCONV(MADATE,'D2/')[2]",,YEAR,2R,S,,Year actual action started,,,
MAYEAR4,I,,"OCONV(MADATE,'D4/')[4]",,MA,4R,S,,4 DIGIT MA YEAR,,,
MBTYPECODE,I,,"FIELD(MFBLEND,@VM,1);TRANS(MBLEND,@1,BTYPECODE,'X')",,BLEND,5T,S,,Blend type group code,,,
MCOMMENT10,I,,"MCOMMENT[1,10]",,COMMENT,10L,S,,,,,
MF.MOPCD,I,,"TRANS(OPSMOVE,MFCNOTE,MOPCD,'X')",,FROM,4T,M,FROM.TANKS,Look up from tank previous chit opcode,,,
MF.ODESCP,I,,"TRANS(MOPS,MF.MOPCD,ODESCP,'X')",,DESCRIPTION,30T,M,FROM.TANKS,Look up of op description from ops master,,,
MFBATCH.1CHAR,I,,"MFBATCH ;@[1,1]",,FROM,1L,S,,From Batch/Group Number - 1st character,,,
MFBATCH.DESC,I,,"TRANS(MBATCH,MFBATCH,BATCH.DESC,'X')",,FROM Batch Description,30L,M,FROM.TANKS,FROM tank Batch description,,,
MFBLEND.DESC,I,,"TRANS(MBLEND,MFBLEND,BLENDESCP,'X')",,Blend,30L,M,,From Tank Blend Description,,,
MFBLENDESC,I,,"TRANS(MBLEND,MFBLEND,BLENDESCP,'X')",,From Blend,30L,M,FROM.TANKS,From Blend description,,,
MFPROD.STATUS,I,,"TRANS(ITEM.MSTR,MFPRODS,STATUS.CODE,'X')",,FROM,6R,M,,From Tank Financial Product Status Code,,,
MFPRODS,I,,MFBLEND,,FROM TANK,8L,M,,From Tank Financial Product Number Against The From Blend Code,,,
MFSTATUS.DESC,I,,"TRANS(WINE.STATUS,MFSTATUS,DESC,'X')",,,30L,S,,From Tank status code description,,,
MFSTYLE,I,,"SUBR('!SUBSTRINGS',MFBLEND,4,1)",,FROM,1L,M,FROM.TANKS,,,,
MFTANK.2,I,,"MFTANK[1,2]",,F/T,2T,S,,,,,
MFTANK.CNT,I,,"DCOUNT(MFTANK,@VM)",,Tank,2R,M,MFTANK,Number of From Tanks,,,
MFTANK.F,I,,"SUBR('*PZZI211','SUBSTI',MFTANK,'SW*':@VM:'*PURCH','SW*':@VM:'PUR*','1,3')",,From,10L,M,FROM.TANKS,Formatted From Tank,,,
MFTPFIX,I,,"SUBR('*PZZI211','SUBSTR', MFTANK,1,1, '')",,From,1L,M,FROM.TANKS,From tank Prefixes,,,
MFTPFIX2,I,,"SUBR('*PZZI211','SUBSTR', MFTANK,1,2, '')",,From,2L,M,,From tank Prefixesof 2 chars,,,
MFVINTAGE,I,,"MFBLEND[2,2]",,VINT,2L,S,,Vintage Year,,,
MFVOL.TOT,I,,SUM(MFVOL),,TOTAL,8R,S,,,,,
MFVOLA.I,I,,MFVOLA+0,MD10P,From Tank,8R,M,FROM.TANKS,MFVOLA + 0,,,
MFVOLA.TOT,I,,SUM(MFVOLA),MD10P,TOTAL,10R,S,,,,,
MFVOLAFT,I,,"SUBR('!ADDS',MFVOLA,REUSE('0'))",,FROM TANK,8R,M,FROM.TANKS,From Tank Volume of After Dip,,,
MFVOLMOV,I,,"SUBR('*PZZI211','MSM',MFVOL,MFVOLA,'','')",MD10P,Volume,10R,M,FROM.TANKS,Volume moved out of FROM tank,,,
MFVYR,I,,"SUBR('!SUBSTRINGS',MFBLEND,2,2)",,From,2L,M,FROM.TANKS,From tank blends vintage year,,,
MONTH2,I,,"OCONV(MADATE,'DYM')[6,2]",,Actual,2R,S,,Month Number MADATE,,,
MOPCD.DESC,I,,"TRANS(MOPS,MOPCD,ODESCP,'X')",,Operation Description,30L,S,,,,,
MOPCD.PMDREQ,I,,"MOPCD ; IF @ THEN @ ELSE TRANS(CHIT,@ID,MOPCD,'X')",,OPERATION CODE,14L,S,,Operation identification code,,,
MOPS.OASTAT,I,,"TRANS(MOPS,MOPCD,OASTAT,'X')",,AFT,6R,M,,MOPS after status,,,
MOPS.OASTAT1,I,,"FIELD(TRANS(MOPS,MOPCD,OASTAT,'X'),@SM,1)",,AFT,6R,M,,MOPS after status field 1,,,
MOPS.OBSTAT,I,,"TRANS(MOPS,MOPCD,OBSTAT,'X')",,B4,6R,M,,MOPS before status,,,
MOVE.CHIT.TYPE,I,,IF TYPE.CODE = 2 THEN 'DESP' ELSE IF UPDATE.CODE = 3 THEN 'RCPT' ELSE '',,MOVE,4L,S,,MOVE chit type (despatch or receipt),,,
MOVE.IFACE.NO.DESC,I,,IF MOVE.IFACE.NO = 1 THEN 'Created by grange' ELSE IF MOVE.IFACE.NO = 2 THEN,,MOVE,18L,S,,MOVE interface number description,,,
MOVE.LITRES,I,,"IF MADDCD[4] = 'NOTE' THEN FIELD(D.R.LITR.NOTE,@VM,1,COUNT(D.R.LITR.NOTE,@VM)) ELSE",MD10P,MOVE,10R,S,,,,,
MOVE.MTRBLEND,I,,"MTRBLEND<1,1>",,MOVE,12L,S,,Truck blend for project MOVE use. (First 1 ),,,
MOVE.MTRUCKNO,I,,"SUBR('*CONVERTS',MTRUCKNO,@VM,'~');@1[1,13]",,MOVE,13L,S,,Trucks for project MOVE use. (First 2),,,
MOVE.TANKS,I,,"IF MFTANK # '' THEN MFTANK ELSE MTTANK;SUBR('*CONVERTS',@1,@VM,'~');@2[1,17]",,MOVE,17L,S,,"Tanks, either From or To for project MOVE use. (First 3)",,,
MOVE.TYPE.CODE,I,,"RAISE(TRANS(CONTROL,'WINERY.CATEGORY',1, 'X'));",,Movement,2L,S,,Movement Type Code,,,
MOVE.TYPE.DESC,I,,"RAISE(TRANS(CONTROL,'WINERY.CATEGORY',1, 'X'));",,Movement Type,25L,S,,Movement Type Description,,,
MOVE.TYPE.SDESC,I,,"RAISE(TRANS(CONTROL,'WINERY.CATEGORY',1, 'X'));",,Movement Type,10L,S,,Movement Type Short Description,,,
MOVEMENT,I,,MTVOLA.TOT - MFVOLA.TOT,MD10P,MOVEMENT,10R,S,,,,,
MOVEMENT.FROM,I,,MFVOLA.TOT - MFVOL.TOT,MD10P,FROM,10R,S,,,,,
MOVEMENT.TO,I,,MTVOLA.TOT - MTVOL.TOT,MD10P,TO,10R,S,,,,,
MRDATE.PMDREQ,I,,"MRDATE ; IF @ THEN @ ELSE TRANS(CHIT,@ID,MRDATE,'X') ; IF @2 THEN @2 ELSE",D2/,REQUIRED,8R,S,,Date request made for operations,,,
MT.MOPCD,I,,"TRANS(OPSMOVE,MTCNOTE,MOPCD,'X')",,TO,4T,M,TO.TANKS,Look up to tank next chit opcode,,,
MT.ODESCP,I,,"TRANS(MOPS,MT.MOPCD,ODESCP,'X')",,DESCRIPTION,30T,M,TO.TANKS,Look up of op description from ops master,,,
MTBATCH.DESC,I,,"TRANS(MBATCH,MTBATCH,BATCH.DESC,'X')",,Blend,12L,M,MTTANK,Move To Tank Blend description,,,
MTBATCH.DESCL,I,,"TRANS(MBATCH,MTBATCH,BATCH.DESC,'X')",,Blend,30L,M,MTTANK,Move To Tank Blend description Longer,,,
MTBLEND.DESC,I,,"TRANS(MBLEND,MTBLEND,BLENDESCP,'X')",,Blend,12L,M,MTTANK,Move To Tank Blend description,,,
MTBLENDESC,I,,"TRANS(MBLEND,MTBLEND,BLENDESCP,'X')",,To Blend,30L,M,TO.TANKS,To Blend description,,,
MTBOTBLEND.DESC,I,,"TRANS(MBLEND,MTBOTBLEND,BLENDESCP,'X')",,Bottled,30L,M,BOTTLING,,,,
MTBOTPROD.DESC,I,,"SUBR('!CATS',SUBR('!SUBSTRINGS',TRANS(ITEM.MSTR,MTBOTPROD,PRODNAME,'X'),1,22),' ') ;",,PRODUCT,30L,M,BOTTLING,Financial Product Code Bottled,,,
MTBOTPROD.UNIQUE,I,,"SUBR(""*PZZI211"",'UNIQUE',MTBOTPROD,MTBOTPROD,'','')",,Unique,7L,M,UNIQUE.BOTT,Unique bottled product codes,,,
MTPROD.STATUS,I,,"TRANS(ITEM.MSTR,MTPRODS,STATUS.CODE,'X')",,TO,6R,M,,To Tank Financial Product Status Code,,,
MTPRODS,I,,MTBLEND,,TO TANK,8L,M,,To Tank Financial Product Number Against The To Blend Code,,,
MTRANSIN,I,,"SUBR(""*SPPM080"",MCNOTE,""IN"")",MD10P,TRANSFER,6R,S,,Group transfer in volume,,,
MTRANSOUT,I,,"SUBR(""*SPPM080"",MCNOTE,""OUT"")",MD10P,TRANFER,6R,S,,Transfer out volume,,,
MTRANSVOL,I,,"SUBR(""*SPPM080"",MCNOTE,""VOL"")",MD10P,VOLUME,6R,S,,Volume moved in c/note,,,
MTRBLEND.NON.DUP,I,,"SUBR(SUBR.PENBW:'PZZI211','NON-DUPLICATE',MTRBLEND1,MTRBLEND,'','')",,Different Blend,12T,S,,Test for different truck blend,,,
MTRBLEND1,I,,"FIELD(MTRBLEND,@VM,1)",,First Truck blend,12T,S,,Fisrt value of MTRBLEND,,,
MTRBLENDESC,I,,"TRANS(MBLEND,MTRBLEND,BLENDESCP,'X')",,Truck Blend,30L,M,TRUCK.NOS,Truck Blend description,,,
MTRPROD.STATUS,I,,"TRANS(ITEM.MSTR,MTRPRODS,STATUS.CODE,'X')",,TRUCK,6R,M,,Truck Tank Financial Product Status Code,,,
MTRPRODS,I,,MTRBLEND,,TRUCK,8L,M,,Truck Tank Financial Product Number Against The Truck Blend Code,,,
MTRSCOST,I,,"TRANS(ITEM.MSTR,MTRBLEND,SCOST.TOT,'X')",MD40P,Truck,10R,M,TRUCK.NOS,Truck blend Standard Cost - Total,,,
MTRSCOST.NOUSE,I,,"TRANS(ITEM.MSTR,MTRBLEND,SCOST.TOT,'X')",MD40P,Truck,10R,M,TRUCK.NOS,Truck blend Standard Cost - Total,,,
MTRTOTLT,I,,SUM(MTRLITRES),,TOTAL,9R,S,,Total Truck Litres for Stock Movement Note,,,
MTRUCKNO.CNT,I,,"DCOUNT(MTRUCKNO,@VM)",,Truck,2R,M,MTRUCKNO,Number of Trucks,,,
MTRUCKNO.MOVE,I,,"SUBR('!FIELDS',MTRUCKNO,'*',1,1)",,TRUCK,6L,M,TRUCK.NOS,Truck Numbers for Stock Movement Notes as sent to MOVE (drops,,,
MTSTYLE,I,,"SUBR('!SUBSTRINGS',MTBLEND,4,1)",,TO,1L,M,TO.TANKS,,,,
MTTANK.CNT,I,,"DCOUNT(MTTANK,@VM)",,Tank,2R,M,MTTANK,Number of To Tanks,,,
MTTANK.F,I,,"SUBR('*PZZI211','SUBSTI',MTTANK,'SW*':@VM:'*PURCH','SW*':@VM:'PUR*','1,3')",,To,8L,M,TO.TANKS,Formatted To Tank,,,
MTTPFIX,I,,"SUBR('*PZZI211','SUBSTR', MTTANK,1,1, '')",,To,1L,M,TO.TANKS,To tank Prefixes,,,
MTVINTAGE,I,,"MTBLEND[2,2]",,VINT,2L,S,,Vintage Year,,,
MTVOL.TOT,I,,SUM(MTVOL),,TOTAL,8R,S,,,,,
MTVOL0,I,,MTVOL+0,MD10P,To Tank,10R,M,TO.TANKS,,,,
MTVOLA.I,I,,MTVOLA+0,MD10P,To Tank,8R,M,TO.TANKS,MTVOLA + 0,,,
MTVOLA.TOT,I,,SUM(MTVOLA),,TOTAL,8R,S,,,,,
MTVOLMOV,I,,"SUBR('*PZZI211','MSM',MTVOLA,MTVOL,'','')",MD10P,Volume,10R,M,TO.TANKS,Volume moved into TO tank,,,
MTVYR,I,,"SUBR('!SUBSTRINGS',MTBLEND,2,2)",,To,2L,M,TO.TANKS,To tank blends vintage year,,,
NAME,I,,"TRANS(DEF.SYS.USERS,UPCASE(USERID),'NAME','X')",,Name,23L,,,User name,,,
NEXT.MADATE,I,,"TRANS(OPSMOVE,MTCNOTE,MADATE,'X')",D2/,Next,8R,M,TO.TANKS,Next chits MADATE,,,
NEXT.MATIME,I,,"TRANS(OPSMOVE,MTCNOTE,MATIME,'X')",MTS,Next,10R,M,TO.TANKS,Next chits MATIME,,,
NO.DAYS,I,,"SUBR(SUBR.PENBW:'PBWI831',@ID)",,No Days,4R,S,,No of days from filtration process to bottling,,,
NO.DAYS.FERM,I,,"SUBR('*PBWI834',@ID)",,No Days,4R,S,,No of days from juice drain off to ferment,,,
NO.RECS,I,,1,,NO.,6R,S,,,,,
NOT.TIRAGE,I,,"SUBR(""*PBWZ548"",MOPCD)",,NOT,1L,S,,Flag indicating if an operation is not a tirage operation,,,
NSCPERC,I,,"SUBR('!DIVS',SCLITRES,REUSE(SUM(MFVOL)));SUBR('!MULS',@1,REUSE(100))",MD20P,,6R,M,SCOMP,New summary comp %,,,
NSRC,I,,"SUBR('!SUBSTRINGS',SCVAR,5,3)",,,3L,M,SCOMP,New source on summary comp correction,,,
NSRCDESC,I,,"SUBR('*GBWI928',NSRC )",,,30L,M,SCOMP,,,,
NUM.ID,I,,IF NUM(@ID) THEN @ID ELSE '',,C/NOTE,6R,S,,,,,
NUM.INSTRUCTIONS,I,,"DCOUNT(MADESCP,@VM)",,#,4R,M,,,,,
NUM.MTTANKS,I,,"DCOUNT(MTTANK,@VM)",,#,4R,M,TO.TANKS,,,,
NUMTRUCKS,I,,"DCOUNT(MTRUCKNO,@VM)",,Number,2R,S,,,,,
NVAR,I,,"SUBR('!SUBSTRINGS',SCVAR,1,3)",,,3L,M,SCOMP,New variety on summary comp correction,,,
NVARDESC,I,,"SUBR('*GBWI927',NVAR)",,,20L,M,SCOMP,,,,
NVYR,I,,"SUBR('!SUBSTRINGS',SCVAR,9,2)",NC,,2R,M,SCOMP,New vintage on summary comp correction,,,
NXT.MADATE,I,,"TRANS(OPSMOVE,MTCNOTE,MADATE,'X')",D2/,NXT}MADATE,8R,M,TO.TANKS,Completion date of the NEXT chit for this TO tank,,,
NXT.MATIME,I,,"TRANS(OPSMOVE,MTCNOTE,MATIME,'X')",MTS,NXT}MATIME,8R,M,TO.TANKS,Completion time of the NEXT chit for this TO tank,,,
OAKTH,I,,"""""",,Oak Type,10L,S,,OAK TYPE HEADING,,,
ODESCP,I,,"TRANS(MOPS,MOPCD,ODESCP,'X')",,DESCRIPTION,30T,S,,Description of the operation,,,
OFROMT,I,,"TRANS(MOPS,MOPCD,'OFROMT','X')",,FROM,1T,S,,From tanks required (Y/N),,,
OP.NO.CD.DT.TM,I,,"FMT(MCNOTE,'L#14'):FMT(MOPCD,'L#6'):@VM:OCONV(MADATE,'D4/'):FMT( OCONV(",,Operation No Code,20L,M,OP.DATA,"Operation number, code, date and time",,,
OP.OFF.TRK,I,,OPT.PURC:@VM:OPU.MOVE,,Opcode,4L,M,OP.OFF.TRK,All operation codes where FROM volume is in truck,,,
OP.TYPE.EXL.REC,I,,"RAISE(TRANS(CONTROL,'OP.TYPE.EXL.REC',1,'X'))",,,2R,M,TYPES,Operation types excluded from recoveries reports,,,
OPID,I,,"MCNOTE[1,3]",,OPID,3L,M,,First three characters of the chit number,,,
OPRNAME,I,,"TRANS(BWOPS.PRODMEAS,MCNOTE,'OPRNAME','X')",,Operator Names,20L,M,OPERATOR,"Operators Names, of Operators who worked on the Operation",,,
OPS.NO,I,,"@ID[6,4]",,OPS,5L,S,,Opsmove id no,,,
OPS.SYSTEM,I,,"RAISE( TRANS(CONTROL,'OPS.SYSTEM',4,'X'))",,System,4L,M,OPCODES,All system (costing) operation codes,,,
OPSM.ID,I,,"TRANS(OPSMOVE,@ID,'@ID','X')",,,12L,S,,,,,
OPT.DESP,I,,"RAISE( TRANS(CONTROL,'OPT.DESP',OPCODES,'X') )",,Despatch,4L,M,OPCODES,All despatch operation codes,,,
OPT.PURC,I,,"RAISE( TRANS(CONTROL,'OPT.PURC',OPCODES,'X') )",,Purchase,4L,M,OPCODES,All purchase operation codes,,,
OPT.TDI,I,,"RAISE( TRANS(CONTROL,'OPT.TDI',OPCODES,'X') )",,Disgorging,4L,M,OPCODES,All tirage disgorging operation codes,,,
OPT.TRK.BOT,I,,OPT.DESP:@VM:OPT.TDI:@VM:OPT.TTB,,Truck,4L,M,OPT.TRK.BOT,All operation codes where TO volume is in truck or bottle,,,
OPT.TTB,I,,"RAISE( TRANS(CONTROL,'OPT.TTB',OPCODES,'X') )",,Tirage,4L,M,OPCODES,All tirage tank to bottle codes,,,
OPU.CRUSH,I,,"TRANS(CONTROL,'OPU.CRUSH',OPCODES,'X')",,Crushnote,4L,M,OPCODES,All crushnote operation codes,,,
OPU.MOVE,I,,"RAISE( TRANS(CONTROL,'OPU.MOVE',OPCODES,'X') )",,Stock movement,4L,M,OPCODES,All stock movement operation codes,,,
OPU.SURV,I,,"TRANS(CONTROL,'OPU.SURV',OPCODES,'X')",,Survey,4L,M,OPCODES,All survey operation codes,,,
ORD.QTY,I,,"TRANS(PODETAIL,SEL.PODETAIL.ID,'ORD.QTY','X')",,Order Quantity,14R,M,PURWINE,Order Quantity,,,
OSCPERC,I,,"SUBR('!DIVS',SLITRES,REUSE(SUM(MFVOL)));SUBR('!MULS',@1,REUSE(100))",MD20P,,6R,M,SCOMP,Old summary comp %,,,
OSRC,I,,"SUBR('!SUBSTRINGS',SBLEND,5,3)",,,3L,M,OCOMP,,,,
OSRC.DOC.CRCTN,I,,"SUBR('*ISRCDOCS',MFTANK,'1*')",,Source,12L,M,OSRC.DOC,Document number of the product source (either a weighnote or,,,
OSRC.DOC.LITRES,I,,"SUBR('*ISRCDOCS',MFTANK,'2')",MD10P,Litres,10R,M,OSRC.DOC,The number of litres (in this tank or on this chit) that are,,,
OSRC.DOC.PERC,I,,"SUBR('*ISRCDOCS',MFTANK,'4')",MD20P,,6R,M,OSRC.DOC,,,,
OSRC.DOC.TONNES,I,,"SUBR('*ISRCDOCS',MFTANK,'3')",MD20P,Tons,10R,M,OSRC.DOC,The number of tons (from the weighnote) that are attributable to,,,
OSRCDESC,I,,"SUBR('*GBWI928',OSRC )",,,30L,M,OCOMP,,,,
OSWA.LITRES,I,,"TRANS(SUMCOMP.TANK,MFTANK,'SWA.LITRES','X');IF @1 THEN @1 ELSE 0",MD10P,,10R,S,,,,,
OSWA.PERC,I,,"TRANS(SUMCOMP.TANK,MFTANK,'SWA.LITRES','X');IF @1 THEN @1 ELSE 0;IF MFVOL<1,1> AND",MD20P,,6R,S,,Old SWA %,,,
OTOT,I,,"TRANS(MOPS,MOPCD,'OTOT','X')",,TO,1T,S,,To tanks required (Y/N),,,
OTYPE,I,,"TRANS(MOPS,MOPCD,'OTYPE','X')",,OP,1T,S,,"Type of operations or addition , O - Operations, A - Additions(including comments)",,,
OUDVOL,I,,"TRANS(MOPS,MOPCD,OUDVOL,'X')",FLAG,UD Vol Flag,1T,S,,,,,
OVAR,I,,"SUBR('!SUBSTRINGS',SBLEND,1,3)",,,3L,M,OCOMP,,,,
OVARDESC,I,,"SUBR('*GBWI927',OVAR)",,,20L,M,OCOMP,,,,
OVYR,I,,"SUBR('!SUBSTRINGS',SBLEND,9,2)",NC,,2R,M,OCOMP,,,,
PACK.CATEGORY,I,,"TRANS(GENERIC.FILE,FBLEND.GEN,'PACK.CATEGORY','X')",,Pack,1L,M,FROM.TANKS,Packaging category,,,
PBWU912.INCL,I,,IF UPD.BY.PROG = 'PBWM381' AND WM.WOOD.FLAG = 'I' THEN 'Y' ELSE IF UPD.BY.PROG =,,PBWU912,1L,S,,,,,
PCT.GL,I,,MTVOLA - MTVOL;IF MOPCD = 'STMN' THEN MTRLITRES ELSE @;SUM(@);MFVOL -,MD10P,% G/L,6R,S,,% gain or loss,,,
PMCHITID,I,,"FIELD(@ID,'-',1)",,Prod Meas,10L,S,,Chit ID used to access production measurement inputs (no -n),,,
PMDREQ.TYPE.LIST,I,,"MOPCD ; IF @1 THEN @1 ELSE TRANS(CHIT,@ID,MOPCD,'X') ;",,P.M.Types,30L,S,,"The PRODMEAS.TYPE field, with value markers replaced by spaces",,,
PO.WARN,I,,IF UNCOSTED.RECV + TOTAL.MTRLITRES > ORD.QTY THEN 'This receipt will go over the,,,50L,,,,,,
PODET.WINCAT,I,,"TRANS(WINERY.LOCATION,PODET.WINLOC,'WINERY.CAT.CODE','X')",,PO Line,2L,S,,Winery Category Code for PO line item winery location,,,
PODET.WINLOC,I,,"TRANS(PODETAIL,POTRANS.ID,WINERY.LOCATION,'X')",,PO,2L,S,,Winery location PO line item was purchased into,,,
PODETAIL.ID,I,,"SUBR(SUBR.PENBW:'PODETAIL.ID',MPONOS,MTRBLEND<1,1>)",,PODETAIL ID,3R,S,,PODETAIL ID,,,
PREVOP.MATIME,I,,"IF PREVOPKEY THEN TRANS(OPSMOVE,PREVOPKEY,MATIME,'X') ELSE ''",MTS,Prev Op,8R,S,,Creation time of Previous OSMOVE from same chit,,,
PREVOPKEY,I,,"IF FIELD(@ID,'-',2) GT 1 THEN FIELD(@ID,'-',1):'-':(FIELD(@ID,'-',2)-1) ELSE ''",,Prev Op Key,12L,S,,Key to previous OPSMOVE record generated from same chit,,,
PRIMARY.SITE.DESC,I,,"TRANS(WINERY.LOCATION,WINERY.LOCATION,'PRIMARY.SITE.DESC','X')",,Primary Site,30L,S,,Primary Site Description,,,
PRIMARY.SITE.ID,I,,"TRANS(WINERY.LOCATION,WINERY.LOCATION,'PRIMARY.SITE.ID','X')",,Primary,2L,S,,Primary Site ID,,,
PRODMEAS.TYPE,I,,"TRANS(MOPS,MOPCD,PRODMEAS.TYPE,'X')",,Prod Meas,14L,M,,The Production Measurement Data Type Code(s),,,
PRODMEAS.TYPE.LIST,I,,"CONVERT(@SM,' ',PRODMEAS.TYPE)",,P.M.Types,30L,S,,"The PRODMEAS.TYPE field, with value markers replaced by spaces",,,
PRODMEAS.TYPE.PMDREQ,I,,"TRANS(MOPS,MOPCD.PMDREQ,PRODMEAS.TYPE,'X')",,Prod Meas,14L,M,,The Production Measurement Data Type Code(s),,,
PRODNO.ST,I,,MTBLEND,,FIN PROD,14L,S,,Use with single value to blends for stk take ops (BSTK ops codes),,,
PURBLENDDESC,I,,"TRANS(MBLEND,UPDATED.ITEMNOS,'BLENDESCP','X')",,BLEND DESCRIPTION,30L,M,PURWINE,Purchased blend description,,,
PURCH.BWALLOC.GL,I,,"TRANS(BWALLOC,MTTANK,GRADE.LEVEL,'X')",,GL,2L,M,TO.TANK,Purchasing To Tank BWALLOC GL values,,,
PURCHASE.COST,I,,UNIT.COST*VOL.MOVED,MD20P,Purchase Cost,14R,S,,Purchase Cost,,,
PURVAL,I,,MPLIT*MTVOLA,MD20P,Purchased,10R,S,,$ value of litres purchased,,,
REC.QTY,I,,"TRANS(PODETAIL,SEL.PODETAIL.ID,'REC.QTY','X')",,Received Qty,14R,M,PURWINE,Received Quantity,,,
RECEIPT.CHIT,I,,IF MOPCD MATCHES OPU.MOVE THEN 'Y' ELSE 'N',,Receipt,1L,S,,To identify RECEIPT chits,,,
RLTD.D.R.NOTE,I,,"IF DE.TYPE = 'TRF' THEN D.R.LITR.NOTE<1,COUNT(D.R.LITR.NOTE,@VM)+1> ELSE ''",,Related,12L,S,,Related despatch or receipt note number,,,
RUNOFFD,I,,""" """,,Run Off,10L,S,,RUN OFF DATE HEADING,,,
SALE.WH,I,,"FIELD(MCOMMENT,' ',1)",,Sale,2L,S,,The warehouse of a sale chit,,,
SAP.ACCT,I,,SUBR(SUBR.PENBW:'PBWZ1037'),,SAP,1L,S,,This bulk wine account interfaces to SAP,,,
SBLEND,I,,"RAISE(TRANS(SUMCOMP.TANK,MFTANK,'SBLEND','X'))",,SOURCE,10L,M,OCOMP,,,,
SCOST.TOT,I,,"TRANS(ITEM.MSTR,MTRBLEND,SCOST.TOT,'X')",MD40P,STANDARD,10R,M,TRUCK.NOS,Standard Cost - Total,,,
SCOST.TOT.ST,I,,"FIELD(SUBR(SUBR.PENBW:'PBWZ787','CHIT.TO',@ID,'','','','','','','' ),@SM,2)",MD40P,Standard,10R,S,,Get standard total cost for stktake,,,
SCOST.TOT.ST.OLD,I,,"TRANS(ITEM.MSTR,PRODNO.ST,SCOST.TOT,'X')",MD40P,Standard,10R,M,,Get standard total cost for stktake,,,
SCOST.VAL.ST,I,,MGAINLOSS * SCOST.TOT.ST,MD20P,Std Total,12R,S,,Standard Total Value LOSS/GAIN value for stktakes,,,
SCOST.VAL.ST.OLD,I,,MGAINLOSS * SCOST.TOT.ST,MD20P,Std Total,12R,M,,Standard Total Value LOSS/GAIN value for stktakes,,,
SCR.FT.CNT,I,,"'[':DCOUNT(MFTANK,@VM):']'",,,6L,S,,Count of number of from tanks used on DEFINE screens,,,
SCR.TT.CNT,I,,"'[':DCOUNT(MTTANK,@VM):']'",,,6L,S,,Count of number of TO tanks used on DEFINE screens,,,
SCR.V.CNT,I,,"'[':DCOUNT(MVAR,@VM):']'",,,6L,S,,Count of number of varieties in composition used on DEFINE screens,,,
SEQ,I,,"TRANS(BWRS.PARMS,WINERY.LOCATION:'*':MTBLEND<1,1>[1,1]:'*',22,'X');TRANS(BWRS.PARMS,",,SEQ,3R,S,,,,,
SEQ.OLD,I,,"TRANS(BWRS.PARAMS,MTBLEND[1,1],22,'X'); IF @ # '' THEN @ ELSE",,SEQ,3R,S,,"Invalid, as BWRS.PARAMS file not in use anymore",,,
SHORTID,I,,"@ID[1,3]",,Short,3L,S,,Short id of user,,,
SLITRES,I,,"RAISE(TRANS(SUMCOMP.TANK,MFTANK,'SVOLUME','X'))",MD10P,SOURCE,10R,M,OCOMP,Source volume of grapes or juice,,,
SOLD.COSTS,I,,"TRANS(SOLD.COSTS,@ID,@RECORD,'X')",,SOLD.COSTS record,30L,S,,SOLD.COSTS record,,,
SPI.NO,I,,"IF @ID[1,3]='SPI' THEN 0+FIELD(@ID,'-',1)[5] ELSE 0",,,7R,S,,SPI Spirit based number,,,
SRC.DOC.PERC,I,,"SUBR('!DIVS',SRC.DOC.LITRES,REUSE(SUM(MFVOL)));SUBR('!MULS',@1,REUSE(100))",MD20P,,6R,M,SD.CRCTN,,,,
START.DATE,I,,"TRANS(BWOPS.PRODMEAS,PMCHITID,START.DATE,'X')",D2/,START,8L,S,,START DATE,,,
STATUS.DESC,I,,IF MACTIV = 'R' THEN 'Created' ELSE IF MACTIV = 'C' THEN 'Completed' ELSE '',,,9L,S,,,,,
STONNES,I,,"RAISE(TRANS(SUMCOMP.TANK,MFTANK,'STONNES','X'))",MD10P,TONNES,10R,M,OCOMP,Source grapes tonnes,,,
STYLE,I,,"MTBLEND<1,1>[4,1];MTRBLEND<1,1>[4,1];MFBLEND<1,1>; IF @1 # '' THEN @1 ELSE IF @2",,STYLE,1L,S,,,,,
STYLE.DESC,I,,"TRANS(BW.STYLE,WINETYPE,'STYLE.DESC','X')",,Style Description,30L,S,,Style description,,,
SUGARH,I,,"""""",,Sugar,10L,S,,SUGAR HEADING,,,
SUM.CHIT.QTY,I,,SUM(CHIT.QTY),,,10R,M,PURWINE,,,,
SUMTRKLTS,I,,SUM(MTRLITRES)+0,MD10P,Total,10R,S,,Sum of truck litres,,,
SW.CHECK,I,,"SUBR(""*PBWZ403"",MFTANK,MTTANK); IF @ = 1 THEN 'S/W' ELSE 'B/W'",,SW.CHECK,10L,S,,Test to see if operation is movement into or out of small wood,,,
SWA.PERC,I,,"IF MFVOL<1,1> THEN (SWA.LITRES/SUM(MFVOL))*100 ELSE 0",MD20P,,6R,S,,SWA %,,,
T.DIP.VOL,I,,"SUBR(""*PBWZ171"",TOTTBL,MTDIPAFT,""V"")+0",MD10P,To,9R,M,TO.TANKS,Subroutine call for calculation of Volume from Dip,,,
T.GRADE.LEVEL,I,,"RAISE(TRANS(BWALLOC.OPSMOVE,@ID,TQUALITY,'X'))",,Alloc,2L,M,ALLOC.TTANK,Grade level of the TO tank,,,
TA.ADDITIVE,I,,"'ACT':';':CONVERT(@VM,';',MFTANK); TRIM(SUBR(""*PBWI823"",@))",,From tank Acid,5R,M,,LIST OF SELECTED ADDITIVE TO FROM TANKS,,,
TADESCP,I,,"TRANS(MOPS,MADDCD,ODESCP,'X')",,ADDITIVE DESCRIPTION,30T,M,,Lookup of Additive Description from Mops file,,,
TALLOCAFT,I,,"RAISE(TRANS(BWALLOC.OPSMOVE,@ID,TALLOCAFT,'X'))",,To Tank,3L,M,ALLOC.TTANK,generic litres for 'to tanks',,,
TALLOCAFT.FIRST,I,,"RAISE(TRANS(BWALLOC.OPSMOVE,@ID,TALLOCAFT,'X'));SUBR('*FIRST.SV',@1)",,First,3L,M,ALLOC.TTANK,First generic litres for 'to tanks',,,
TALLOCAFT.FRST.%,I,,"RAISE(TRANS(BWALLOC.OPSMOVE,@ID,TALLOCAFT,'X'));SUBR('*FIRST.SV',@1);SUBR('*SUM.SV',",MD00P,First,3L,M,ALLOC.TTANK,First generic % of total litres for 'to tanks',,,
TANK,I,,"TRANS(TANK.HIST,@ID,TANK,'X')",,Tank,23L,S,,Tank Code,,,
TANK.HIST,I,,"TRANS(TANK.HIST,TANK,TANK,'X')",,TANK,20L,S,,Tank,,,
TANK.ST,I,,IF MFBLEND = '' THEN 'B4 MT' ELSE 'AFT MT' ; IF MFBLEND # '' AND MTVOLA # 0 THEN '',,Tk St,6L,S,,,,,
TANK.WINERY.ACCT,I,,"IF INDEX(MFTANK,'-',1) OR MFTANK='' THEN '' ELSE MFTANK ; IF MTTANK='' THEN '' ELSE",,Winery Account,10L,M,,,,,
TANKS,I,,"SUBR(""!CATS"",REUSE(""FROM TANK ""),MFTANK):@VM:SUBR(""!CATS"",REUSE(""TO TANK",,TANK NOS.,25T,M,TOT.MOVE,Tanks,,,
TAREA,I,,"SUBR(""*PZZI211"",'SUBSTR',MTBLEND,8,3,'')",,TO BLEND,3L,M,TO.TANKS,,,,
TAVGCOST,I,,"TRANS(MASTER.BLEND,MTBLEND,AVGCOST,""X"")",,TO,8R,M,,Get the Averae Cost per Litre for the To Blends,,,
TBATCH.DESC,I,,"TRANS(MBATCH,MTBATCH,BATCH.DESC,'X')",,TO TANKS,30L,M,,Batch description for TTTANK,,,
TCOMMENT,I,,"TRANS(MTANK,FIRST.MTTANK,TCOMMENT,'X')",,Comment,20L,S,,User available comment,,,
TEST,I,,@WHO,,@WHO,6R,S,,,,,
TGENERIC,I,,"RAISE(TRANS(BWALLOC.OPSMOVE,@ID,TGENERIC,'X'))",,To Tank,3L,M,ALLOC.TTANK,Generic code for 'to tanks',,,
TGENERIC.FIRST,I,,"RAISE(TRANS(BWALLOC.OPSMOVE,@ID,TGENERIC,'X'));SUBR('*FIRST.SV',@1)",,First,3L,M,ALLOC.TTANK,First generic code for 'to tanks',,,
TIR.DESP.REC,I,,"TRANS(MOPS,MOPCD,'TIR.DESP.REC','X')",,,1L,S,,'Y' if a Despatch or receipt is a tirage operation,,,
TO.FREIGHT.DESC,I,,"TRANS(WINERY.LOCATION,DE.TLOCN,FREIGHT.AREA,'X'); TRANS(FREIGHT.AREA,@,DESC,'X')",,From Location,20L,S,,From location description,,,
TO.ILEV.SEQ,I,,"TRANS(BWRS.PARMS, SUBR('!CATS',REUSE(@WHO:'*'),TO.ILEVEL), SORT.SEQ,'X')",,To,2R,M,TO.TANKS,To inventory level sort sequence,,,
TO.ILEVEL,I,,"SUBR('!SUBSTRINGS',MTBLEND,1,1)",,To,1L,M,TO.TANKS,To blends inventory level,,,
TODESCP,I,,"TRANS(MOPS,MOPCD,ODESCP,'X')",,DESCRIPTION,30T,S,,Look up of op description from ops master,,,
TODESCP.PROD,I,,"TRANS(MOPS,MOPCD,PRODMEAS.TYPE,'X') ; TRANS(MOPS,MOPCD,ODESCP,'X') ; IF @1 THEN @2:'",,DESCRIPTION,30T,S,,Look up of op description from ops master,,,
TODESCP1,I,,"TRANS(MOPS,@ID,ODESCP,'X')",,DESCRIPTION,30T,S,,Look up of op description from ops master,,,
TONNAGE,I,,"SUBR(""*TONNAGE.CALC"",MFBLEND)",MD10P,TONNAGE,6R,S,,,,,
TOT.CHIT.VOL.SALVAGE,I,,SUM(CHIT.VOLUME.SALVAGED),MD10P,Volume Salvaged,9R,M,SALV,Total Volume Salvaged from Original Bottling Chit,,,
TOT.VOL.IN,I,,SUM(MTVOLA) - SUM(MTVOL),MD00P,TOTAL,8R,S,IN,Total Volume In,,,
TOTAL.FTVOLM,I,,SUM(FTVOLM),,Total,8R,M,FROM.TANKS,,,,
TOTAL.MTRLITRES,I,,SUM(MTRLITRES),,Total,8R,M,TO.TANKS,,,,
TOTAL.TTVOLM,I,,SUM(TTVOLM),,Total,8R,M,TO.TANKS,,,,
TOTAL.VOL.IN,I,,MTVOLA - MTVOL; IF MOPCD MATCHES OPT.TRK.BOT THEN MTRLITRES ELSE @;SUM(@),MD00P,VOLUME IN,9R,S,,Volume moved in,,,
TOTAL.VOL.OUT,I,,MFVOL - MFVOLA; SUM(@); IF MOPCD MATCHES OP.OFF.TRK THEN MTRLITRES ELSE    @;SUM(@),MD00P,VOLUME OUT,9R,S,,Volume moved out,,,
TOTAL.VOLUME.SALVAGE,I,,SUM(VOLUME.SALVAGED),MD10P,Volume Salvaged,9R,M,SALV,Total Volume Salvaged from Original Bottling Chit,,,
TOTTBL,I,,"TRANS(MTANK,MTTANK,TTABLE,'X')",,DIP,8L,M,TO.TANKS,To Tank Size Dip Table,,,
TQUALITY,I,,"RAISE(TRANS(BWALLOC.OPSMOVE,@ID,TQUALITY,'X'))",,Grade,2L,M,ALLOC.TTANK,Grade Level of the TO tank,,,
TR.BL.GEN,I,,"SUBR(""*PZZI211"",'SUBSTR<',MTRBLEND,5,3,9)",,Truck,3L,M,TRUCK.NOS,Truck blend generic,,,
TR.BL.SRC,I,,"SUBR(""*PZZI211"",'SUBSTR>',MTRBLEND,8,3,10)",,Truck,3L,M,TRUCK.NOS,Truck blend source,,,
TR.BL.VAR,I,,"SUBR(""*PZZI211"",'SUBSTR>',MTRBLEND,5,3,10)",,Truck,3L,M,TRUCK.NOS,Truck blend variety,,,
TRKTNKLITS,I,,"SUBR('*PZZI211','MVSVI1',MTRUCKNO,RC.LITRES,'','')",MD10P,Tanker,10R,M,TRUCK.NOS,Litres into each to tank from each truck,,,
TRKTNKS,I,,"SUBR('*PZZI211','MVSVI2',MTRUCKNO,RC.LITRES,MTTANK,'')",,Tanks,5L,M,TRUCK.NOS,Which To tanks were filled from each truck,,,
TRUCK.BAT.DESC,I,,"TRANS(MBATCH,TRUCK.BATCH,BATCH.DESC,'X')",,Truck batch desc.,30L,M,TRUCK.NOS,Batch Description,,,
TRUCK.ILEVEL,I,,"SUBR('!SUBSTRINGS',MTRBLEND,1,1)",,Truck,1L,M,TRUCK.NOS,Truck blends inventory level,,,
TRUCK.STD.COSTS,I,,"CONVERT(@SM,'*',TRUCKS.STD.COSTS)",,Truck,20L,M,TRUCK.NOS,Truck Standard Costs,,,
TRUCK.STD.TOT.COST,I,,"FIELDS(TRUCK.STD.COSTS,'*',2)",MD40P,Truck,10R,M,TRUCK.NOS,Truck blend Standard Cost - Total,,,
TRUCK.STD.VAR.COST,I,,"FIELDS(TRUCK.STD.COSTS,'*',1)",MD40P,Truck,10R,M,TRUCK.NOS,Truck blend Standard Cost - Variable,,,
TRUCKS.STD.COSTS,I,,"SUBR(SUBR.PENBW:'PBWZ787','CHIT.TRUCKS',@ID,'','','','','',@RECORD,'' )",,Trucks,20L,M,TRUCK.NOS,All Trucks blend Standard Costs,,,
TT.VAL.LTR,I,,"SUBR(SUBR.PENBW:'PBWI1184',RAISE(BWOP$REC),MTTANK,MTBLEND,'T')",MD40P,To,7R,M,TO.TANKS,To tank value per litre,,,
TTANK,I,,"TRANS(BWALLOC.OPSMOVE,MCNOTE,'TTANK','X')",,Alloc,6L,M,ALLOC.TTANK,Alloc To tank numbers,,,
TTANK.ALC,I,,"SUBR(SUBR.PENBW:'PBWI821',MTCHEMNO,'5')",,TO TANK,5T,M,TO.TANKS,Get alc from 'To' tanks,,,
TTANK.ALLOC,I,,"TRANS(BWALLOC,MTTANK,GENERIC,'X'); CONVERT(@SM,' ',@)",,To Tank,4T,M,TO.TANKS,To tank allocation codes from BWALLOC file,,,
TTANK.BA,I,,"SUBR(SUBR.PENBW:'PBWI821',MTCHEMNO,'2')",,TO TANK,6R,M,TO.TANKS,Get baume from 'To' tanks,,,
TTANK.CAP,I,,"TRANS(MTANK,MTTANK,TTABLE,'X');TRANS(DIPTABLE,@,DCAP,'X')",MD10P,To Tanks,10R,M,TO.TANKS,Capacity of To Tanks,,,
TTANK.MALATE,I,,"SUBR(SUBR.PENBW:'PBWI821',MTCHEMNO,'47')",,TO TANK,5T,M,TO.TANKS,Get malate from 'To' tanks,,,
TTANK.PH,I,,"SUBR(SUBR.PENBW:'PBWI821',MTCHEMNO,'11')",,TO TANK,5T,M,TO.TANKS,Get pH from 'To' tanks,,,
TTANK.RS,I,,"SUBR(SUBR.PENBW:'PBWI821',MTCHEMNO,'12')",,TO TANK,5T,M,TO.TANKS,Get residual sugar from 'To' tanks,,,
TTANK.TA,I,,"SUBR(SUBR.PENBW:'PBWI821',MTCHEMNO,'9')",,TO TANK,5T,M,TO.TANKS,Get TA from 'To' tanks,,,
TTANK.TS02,I,,"SUBR(SUBR.PENBW:'PBWI821',MTCHEMNO,'6')",,TO TANK,5T,M,TO.TANKS,Get ts02 from 'To' tanks,,,
TTANK.ULLAGE,I,,"TRANS(MTANK,MTTANK,TTABLE,'X');TRANS(DIPTABLE,@,DCAP,'X');@ - MTVOLA",MD10P,To Tank,10R,M,TO.TANKS,To tank ullage,,,
TTANK.VA,I,,"SUBR(SUBR.PENBW:'PBWI821',MTCHEMNO,'10')",,TO TANK,5T,M,TO.TANKS,Get va from 'To' tanks,,,
TTVOLM.TOT,I,,SUM(TTVOLM),MD00P,Total vol,10R,S,,Total volume moved to TO tanks,,,
TVARIETY,I,,"SUBR(""*PZZI211"",'SUBSTR',MTBLEND,5,3,'')",,TO BLEND,3L,M,TO.TANKS,,,,
TVARSRC,I,,"SUBR(""*PZZI211"",'SUBSTR',MTBLEND,5,6,'')",,To blend,6L,M,TO.TANKS,Variety and source concatenated together,,,
TYPE.CODE,I,,"TRANS(MOPS,MOPCD,TYPE.CODE,'X')",,Type,2R,S,,Operation code type,,,
TYPE.CODE.NEW,I,,"TRANS(MOPS,MOPCD,TYPE.CODE,'X') ; TRANS(MOPS.DEL,MOPCD,TYPE.CODE,'X') ; IF @1 THEN",,Type,2R,S,,Operation code type,,,
TYPE.IN,I,,"MTBLEND;IF MOPCD = 'STMN' THEN MTRBLEND ELSE @;TRANS(MBLEND,@,BTYPECODE,'X')",,TO TYPE,8T,M,IN,To type codes,,,
TYPE.OUT,I,,"MFBLEND;TRANS(MBLEND,@,BTYPECODE,'X')",,FROM TYPE,8T,M,OUT,From blend types,,,
TYPE4.MTBLEND,I,,"IF TYPE.CODE='4' THEN TRANS(OPSMOVE,FIELD(@ID,'-',1),MTBLEND,'X') ELSE ''",,TO BLEND,12T,M,TO.TANKS,,,,
UID.SID,I,,"TRANS(USERS.DEFAULTS,USERID,'LASTVAL','X'); @1<1,1,1>",,User ID,3L,,,UserID SortID,,,
UNCOSTED.RECV,I,,SUM(CHIT.QTY) - REC.QTY,,,10R,M,PURWINE,QTY received from uncosted,,,
UNIT.COST,I,,"TRANS(PODETAIL,PODETAIL.ID,UNIT.COST,'X')",MD40P,Unit Cost,14R,S,,Unit cost,,,
UPDATE.CODE,I,,"TRANS(MOPS,MOPCD,UPDATE.CODE,'X')",,Upd,1R,S,,Operation update code - used for screen validations/updates,,,
UPDATE.CODE.NEW,I,,"TRANS(MOPS,MOPCD,UPDATE.CODE,'X') ; TRANS(MOPS.DEL,MOPCD,UPDATE.CODE,'X') ; IF @1",,Upd,1R,S,,Operation update code - used for screen validations/updates,,,
UV.ACCOUNT,I,,"TRANS(BW.STD.CST.OPS,@ID,'UV.ACCOUNT','X')",,Universe,15L,S,,Universe account that chit was completed in,,,
VAR.SRC,I,,"MVAR[1,3]:MVAR[5,1]",,VARIETY/SOURCE,4L,S,,Variety:source,,,
VOL.MOVED,I,,IF SUM(MTRLITRES) > 0 THEN SUM(MTRLITRES) ELSE IF SUM(MTVOLA) - SUM(MTVOL) > 0 THEN,MD00P,Total Vol,10R,S,,Total volume moved,,,
VOLUME,I,,MFVOLA - MFVOL;MTVOLA - MTVOL;IF MOPCD = 'STMN' THEN MTRLITRES ELSE @;@1:@VM:@,MD00P,VOLUME MOVED,9R,M,TOT.MOVE,Volume moved,,,
VOLUME.FROM,I,,MFVOL - MFVOLA,MD00P,VOLUME,7R,M,OUT,Volume from,,,
VOLUME.IN,I,,MTVOLA - MTVOL;IF MOPCD = 'STMN' THEN MTRLITRES ELSE @,MD00P,VOLUME,7R,M,IN,Volume moved in,,,
VOLUME.LOST,I,,MTVOLA - MTVOL;IF MOPCD = 'STMN' THEN MTRLITRES ELSE @;MFVOL - MFVOLA;SUM(@2)-SUM(@),MD00P,GAIN,9R,,,Volume lost on cellar note,,,
VOLUME.OUT,I,,MFVOL - MFVOLA,MD00P,VOLUME,7R,M,OUT,Volume moved out,,,
VOLUME.TO,I,,MTVOLA - MTVOL;IF MOPCD = 'STMN' THEN MTRLITRES ELSE @,MD00P,VOLUME,7R,M,IN,Volume to,,,
WARNING.MESSAGE,I,,"TRANS(WARNING.MESSAGES,WARNING.NO,DESC,'X')",,WARNING,30L,S,,Description of Warning Message,,,
WHO,I,,@WHO,,WHO,8L,S,,,,,
WINERY.ACCT,I,,"TRANS(WINERY.LOCATION,WINERY.LOCATION,WINERY.ACCT,'X')",,Winery,4L,S,,Winery account,,,
WINERY.CAT.CODE,I,,"TRANS(WINERY.LOCATION,WINERY.LOCATION,'WINERY.CAT.CODE','X')",,Winery,2L,S,,Winery Category Code,,,
WINERY.CAT.DESC,I,,"RAISE(TRANS(CONTROL,'WINERY.CATEGORY',1, 'X'));",,Winery Category,25L,S,,Winery Category Description,,,
WINERY.CAT.SDESC,I,,"RAISE(TRANS(CONTROL,'WINERY.CATEGORY',1, 'X'));",,Winery Category,10L,S,,Winery Category Short Description,,,
WINERY.CODE,I,,@WHO[2],,Winery,2L,S,,,,,
WINERY.LOCATION,I,,"SUBR(SUBR.PENBW:'FIND.WIN.LOC',@RECORD,MFTANK,MTTANK)",,Win,2L,S,,Winery Location of tanks on chit,,,
WINERY.LOCN,I,,"SUBR(SUBR.PENBW:'PBWI1103',@RECORD)",,Win,2L,S,,Winery Location of tanks on chit,,,
WINETYPE,I,,"TRANS(GENERIC.FILE,MOVE.MPF,'WINETYPE','X')",,Wine Type,1L,S,,"Wine type (R, Red, W, White, etc) same as style in bulk wine system",,,
WK.ORDER.CNT,I,,"DCOUNT(WK.ORDER,@VM)",,Process Order,2R,M,,Number of Process Orders,,,
WM.WOOD.FLAG,I,,"TRANS(MOPS,MOPCD,WM.WOOD.FLAG,'X')",,Wood,1L,S,,,,,
WTO.FT.QUALITY,I,,"TRANS(BWALLOC,MFTANK,'GRADE.LEVEL','X');SUBR('!SUBSTRINGS',@1,1,1);",,From,1R,M,FROM.TANKS,From tank quality for wine tank optimisation,,,
WTO.LEAD.DAYS,I,,ORIG.MRDATE - CREATE.DATE,,Lead,3R,S,,Number of days before due date that chit was written,,,
WTO.MACTIV.ORIG,I,,"TRANS(WTO.CHITS.ORIG,@ID,'MACTIV','X')",,Active,2L,S,,"MACTIV value on WTO.CHITS.ORIG file, used to check if on file",,,
WTO.STATUS.DESC,I,,"SUBR('*PZZI415',WTO.STATUS,'OPT.STATUS',1,2)",,WTO Status,9L,S,,WTO.STATUS description,,,
WTO.TRUCK.QUALITY,I,,"TRANS(BWALLOC,BWALLOC.ID,'GRADE.LEVEL','X');SUBR('!SUBSTRINGS',@1,1,1);",,WTO,1R,M,TRUCK.NOS,Truck quality for wine tank optimisation,,,
YEAR,I,,"@ID[4,2]",,YR,2L,S,,Chit year,,,
YEILD,I,,MOVEMENT / SUM(MFBLEND),MD10P,YEILD,6R,S,,,,,
YESTERDAY,I,,DATE()-1,D2/,Yesterday,8R,S,,Yesterday's day,,,
@ENTRO,PH,,@ID MACTIV MRDATE MRTIME MADATE MOPCD MATIME,,,,,,FOR ENTRO DEFAULT FIELD LIST CREATED 16:25:47 25 FEB 1985,,,
ADD.QTY.UOM,PH,,MASTATUS MADDCD MADESCP MAQTYISS MAUOMISS,,,,,,Association for additives data,,,
AUD.ALL,PH,,AUD.SEQNO AUD.DATE AUD.TIME AUD.KEY AUD.DESC AUD.BREAK ID.SUP,,,,,,All parts of Audit Key,,,
CORTANKS,PH,,MOPCD MFTANK MFBLEND MFCNOTE MTTANK MTBLEND MTCNOTE,,,,,,,,,
FROM.TANKS,PH,,MFTANK MFCNOTE MFBLEND MFBATCH MFSTATUS MFDIPB4 MFDIPAFT MFVOL MFTSTAT MFOPCTR,,,,,,"Association for data relating to the ""From"" tanks",,,
IN.TANKS,PH,,PRODNO.IN TYPE.IN BLEND.IN.TYPE BLEND.IN VOLUME.IN,,,,,,In tanks,,,
OUT,PH,,PRODNO.OUT TYPE.OUT BLEND.OUT.TYPE BLEND.OUT VOLUME.OUT,,,,,,Out tanks,,,
TO.TANKS,PH,,MTTANK MTCNOTE MTBLEND MTBATCH MTSTATUS MTDIPB4 MTDIPAFT MTVOL MTCOMMENT MTCHEMNO,,,,,,"Association for data relating to the ""To"" tanks",,,
TOT.MOVE,PH,,ALL.PRODNO ALL.BLEND TANKS VOLUME,,,,,,,,,
TRUCK.NOS,PH,,MTRUCKNO MTRBLEND MTRLITRES IMTLEVEL,,,,,,Phrase for Truck Number Association for Stock Movement Notes,,,
@COMPARE,X,,MACTIV,,1T,S,,,COMPARE.RECS field definitions,,,
DEFINE.NEXT.ATTR,X,,233,,,,,,,,,
NEXTOPNO,X,,219,,,,,,,,,
