# Grange file: RECOVERIES,source: winemaking.xlsm/Rec,downloaded: 2019-11-28
Field Name,Type,Field No,Field Definition,Conversion Code,Column Heading,Output Format,Depth,Assoc,DESC,Key,Examples,Comment
@ID,D,0,,,OPSMOVE,12L,S,,Default record ID for RetrieVe,,,
MCNOTE,D,0,,,Cellar Note,13L,S,,Cellar note number - AAAyynnnn for user AAA / year yy / number nnnn,,,
MACTIV,D,1,,,REC ACT,1T,S,,"Record activity code ,  R = requested ops, S = operation started but not yet completed,  N = completed ops but not yet checked, A = completed & checked ops  NOTE - This file contains requested cellar notes & completed notes and cuurent active notes",,,
SYSTEM.USE.DONT.CHANGE.,D,1,,,SYSTEM USE DONT CHANGE,1L,,,SYSTEM USE DONT CHANGE,,,
MRDATE,D,2,,D2/,REQUIRED DATE,8R,S,,Date request made for operations,,,
MRTIME,D,3,,MTS,REQUIRED TIME,6R,S,,Time request made for operation,,,
MADATE,D,4,,D2/,COMPLETE DATE,8R,S,,System completion date,,,
MADATE.I,D,4,,,ACTUAL DATE,5R,S,,Date actual action started (no output conv),,,
MADATE.UN,D,4,,,ACTUAL DATE,8R,S,,Date actual action started,,,
MAMONTH,D,4,,"DYM[2,2] MCN",Actual Month,4R,S,,Month Number MADATE,,,
MOPCD,D,5,,,OPER CODE,4L,S,,Operation identification code,,,
MOPCD.10,D,5,,,OP CODE,10L,S,,Operation identification code,,,
MOPCD10,D,5,,,OPERATION CODE,14L,S,,Operation identification code,,,
MADDCD,D,6,,,ADD CODE,4T,M,ADD.QTY.UOM,Additive identification code,,,
D.R.LITR.NOTE,D,7,,,Litres or Note,10L,M,LITR.NOTE,Despatch or receipt note litres or note,,,
MAQTYISS,D,7,,,ADDITIVE QUANTITY ISSUED,9R,M,ADD.QTY.UOM,Additive quantity issued,,,
MAUOMISS,D,8,,,ADDITIVE UNIT MEASURE ISSUED,12T,M,ADD.QTY.UOM,Additive unit of measure as issued,,,
MAUDVOL,D,9,,,U/D TANK VOL,1T,S,,Update tank volume (Y/N),,,
DIST.FROM,D,10,,,DIST FROM,4L,S,,Distilled from Description ie. MARC or WINE,,,
MCOMMENT,D,10,,,COMMENT FOR FOOT OF CELLAR NOTE,30T,M,MCOMMENT,User comment for foot of cellar note. For MOVE despatch and receipt chits this is entered in MOVE.,,,
MFTANK,D,11,,,FROM TANK NO,6L,M,FROM.TANKS,From Tank No,,,
MFTANK15,D,11,,,BLEND/GROUP,15L,M,FROM.TANKS,From Tank No,,,
FTANK.PREV.CNOTE,D,12,,,FROM TANK PREV CELLAR NOTE,13L,M,FROM.TANKS,From Tank previous Operation Note number,,,
MFCNOTE,D,12,,,F/CELLAR NOTE NO,10R,M,FROM.TANKS,From Cellar note no. or delivery docket/date no.- series of sub values,,,
BLEND.OUT,D,13,,,FROM BLEND CODE,12T,M,OUT,From Blend Code,,,
CRUSH.TONNES,D,13,,MD20P,Crush Tonnes,7R,M,CRUSH.TONNE S,Tonnes processed - only applies to crush notes,,,
MFBLEND,D,13,,,FROM BLEND CODE,12T,M,FROM.TANKS,From Blend Code,,,
MFBLEND10,D,13,,,FROM BLEND,10T,M,FROM.TANKS,From Blend Code,,,
MFSTATUS,D,14,,,FROM BLEND STATUS,3T,M,FROM.TANKS,From Blend Status,,,
MFDIPB4,D,15,,,F/TANK B4 DIP,7R1,M,FROM.TANKS,From Tank B4 dip,,,
MFDIPAFT,D,16,,,F/TANK AFT DIP,7R1,M,FROM.TANKS,From Tank after dip,,,
MFVOL,D,17,,,FROM TANK VOL B4,8R,M,FROM.TANKS,From Tank Volume of Before Dip,,,
MTTANK,D,18,,,TO TANK NO,6L,M,TO.TANKS,To Tank No,,,
MTTANK15,D,18,,,BLEND/GROUP,15L,M,TO.TANKS,To Tank No,,,
MTCNOTE,D,19,,,TO CELLAR NOTE NO,10R,M,TO.TANKS,To Cellar note no. or despatch/invoice no.- series of sub values,,,
TTANK.NEXT.CNOTE,D,19,,,TO TANK NEXT CELLAR NOTE,13L,M,TO.TANKS,To Tank next Operation Note number,,,
MTBLEND,D,20,,,TO BLEND CODES,12T,M,TO.TANKS,To Blend Codes,,,
MTBLEND10,D,20,,,TO BLEND,10T,M,TO.TANKS,To Blend Codes,,,
MTSTATUS,D,21,,,TO BLEND STAT,3T,M,TO.TANKS,To Blend Status,,,
MTDIPB4,D,22,,,TO TANK B4 DIPS,7R1,M,TO.TANKS,To Tank before dips,,,
MTDIPAFT,D,23,,,TO TANK AFT DIPS,7R1,M,TO.TANKS,To Tank after dips,,,
MTVOL,D,24,,,TO TANK VOL B4,8R,M,TO.TANKS,To Tank Volume of Dip Before,,,
MTCOMMENT,D,25,,,TO COMMENTS,20T,M,TO.TANKS,Comments,,,
MTCHEMNO,D,26,,,TO TANK CHEM #,12L,M,TO.TANKS,"To Tank series of ""sub values""  chemistry reference no. performed on these tanks since this operation",,,
MCUST,D,27,,,CUST,9L,S,,Assigned customer,,,
MCUST.OLD,D,27,,,CUST,3T,S,,Assigned customer,,,
MFLOW,D,28,,,FLOW NOTE,1T,S,,"Cellar note was raise as part of a flow series - ""F"" , otherwise null",,,
MEDATE,D,29,,D2/,Entered Date Completed,8R,M,ADD.QTY.UOM,Entered Date completed - used by addition notices,,,
MFTSTAT,D,30,,,F/T STAT,2T,M,FROM.TANKS,"From Tank status "" "" on action yet, S-started, C-completed, M- empty",,,
MTTSTAT,D,31,,,T/T STAT,2T,M,TO.TANKS,"To Tanks status  "" ""-no action yet, S-started, C-completed, M-empty",,,
MFRCNOTE,D,32,,,FROM REL C/NOTE #,7R,M,,Related from Cellar Note No.,,,
MTRCNOTE,D,33,,,TO REL C/NOTE,7R,M,,Related to Cellar Note No.,,,
IGL.COMMENT,D,34,,,IGL Comment,30L,S,,IGL comment,,,
MADESCP,D,34,,,ADDITIONS DESCRIPTION,72T,M,ADD.QTY.UOM,Additions description,,,
MHCOMMENT,D,35,,,COMMENT FOR HEADING OF CELLAR NOTE,30T,M,,User comment for heading of cellar note - U/D in create & update of cellar notes,,,
SCREASON,D,35,,,REASON FOR CORRECTION,30L,M,,Reason for Summary Composition Correction,,,
MASTATUS,D,36,,,ADD STAT,2T,M,ADD.QTY.UOM,Additive status,,,
MPRNTFLAG,D,37,,,PRNT FLAG,2T,S,,"Print flag for Cellar Operation Notices.  NP = not yet printed, P = printed, M = modified, MN = Modified not yet printed, MP = Modified printed.",,,
MFOPCTR,D,38,,,F/OP CNTR,4T,M,FROM.TANKS,Operation Centre,,,
ORIG.FILE.IND,D,38,,,,1L,S,,"Original file the record came from of O=OPSMOVE, A=ADD.NOTICE and any other value including null = CHIT",,,
MFOPCD,D,39,,,F/OP CODE,4T,M,FROM.TANKS,Operation Code,,,
MTOPCTR,D,40,,,T/OP CNTR,4T,M,TO.TANKS,Operation Centre,,,
MTOPCD,D,41,,,T/OP CODE,4T,M,TO.TANKS,Operation Code,,,
MGAINLOSS,D,42,,,GAIN/LOSS,8R,S,,Gain or Loss Associated with this Cellar Note,,,
MGL,D,42,,MD00P,GAIN/LOSS,8R,S,,Gain or Loss Associated with this Cellar Note,,,
USERID,D,43,,,USER ID,10L,S,,User Identification,,,
DE.STD.VAR.CST.OVR,D,44,,MD40P,Standard Variable Cost Overwrite,7R,M,TRUCK.NOS,Standard variable cost per litre to overwrite existing cost for an intransit tank on a receipt chit,,,
MTINITBE,D,44,,,INIT BE,4R,M,TO.TANKS,Wine Tank Initial Be,,,
STD.VAR.CST.OVR,D,44,,MD40P,Standard Variable Cost Overwrite,7R,M,TO.TANKS,Standard variable cost per litre to overwrite existing cost,,,
DE.STD.TOT.CST.OVR,D,45,,MD40P,Standard Total Cost Overwrite,7R,M,TRUCK.NOS,Standard total cost per litre to overwrite existing cost for an intransit tank on a receipt chit,,,
MTINITVV,D,45,,,INIT V/V,4R,M,TO.TANKS,Wine Tanks Initial Perc V/V,,,
STD.TOT.CST.OVR,D,45,,MD40P,Standard Total Cost Overwrite,7R,M,TO.TANKS,Standard total cost per litre to overwrite existing cost,,,
DE.STD.VAR.CST.ADD,D,46,,MD40P,Standard Variable Cost Additional,7R,M,TRUCK.NOS,Standard variable cost per litre to add to existing cost for an intransit tank on a receipt chit,,,
MTFRUITBE,D,46,,,FRUIT BE,4R,M,TO.TANKS,Wine Tanks Fruit Be,,,
STD.VAR.CST.ADD,D,46,,MD40P,Standard Variable Cost Additional,7R,M,TO.TANKS,Standard variable cost per litre to add to existing cost,,,
DE.STD.TOT.CST.ADD,D,47,,MD40P,Standard Total Cost Additional,7R,M,TRUCK.NOS,Standard total cost per litre to add to existing cost for an intransit tank on a receipt chit,,,
MTFINALBE,D,47,,,FINAL BE,4R,M,TO.TANKS,Wine Tanks Final Be,,,
STD.TOT.CST.ADD,D,47,,MD40P,Standard Total Cost Additional,7R,M,TO.TANKS,Standard total cost per litre to add to existing cost,,,
MTFINALVV,D,48,,,FINAL V/V,4R,M,TO.TANKS,Wine Tanks Final Perc V/V,,,
MFCLASS,D,49,,,CLASS,4T,M,FROM.TANKS,Spirit Tanks Class,,,
MFLITREQ,D,50,,,LITRES REQUIRED,8R,M,FROM.TANKS,Spirit Tanks Litres Required of Spirit,,,
MFSTR,D,51,,,STR,4R,M,FROM.TANKS,Spirit Tanks Spirit Strength,,,
MFLALS,D,52,,,FROM LALS,8R,M,FROM.TANKS,Spirit Tanks Spirit LALS,,,
MFLITUSED,D,53,,,LITRES USED,8R,M,FROM.TANKS,Spirit Tanks Spirit Litres Used,,,
MFLALUSED,D,54,,,LALS USED,9R,M,FROM.TANKS,Spirit Tanks Spirit LALS Used,,,
MTLALS,D,54,,,TO LALS,8R,M,TO.TANKS,To Spirit Tanks LALS,,,
MFBATCH,D,55,,,FROM BATCH,7L,M,FROM.TANKS,From Batch/Group Number,,,
MTBATCH,D,56,,,TO BATCH,7L,M,TO.TANKS,To Batch/Group Number,,,
MFVOLA,D,57,,,FROM TANK VOL AFT,8R,M,FROM.TANKS,From Tank Volume of After Dip,,,
MTVOLA,D,58,,MD10P,TO TANK VOL AFT,11R,M,TO.TANKS,To Tanks Volume of After Dip,,,
MFSWQTY,D,59,,,S/WOOD FROM QTY,7R,M,FROM.TANKS,From tanks Small Wood Qty,,,
MFTEMP,D,59,,,FROM TEMP,7R,M,FROM.TANKS,From Temperature Distillation/Spirit,,,
MFTIRBOT,D,59,,,FROM TIRAGE BOTTLES,7R,M,FROM.TANKS,From Tirage Bottles Qty,,,
MTSWQTY,D,60,,,S/WOOD TO QTY,7R,M,TO.TANKS,To Tanks Small Wood Qty,,,
MTTEMP,D,60,,,TO TEMP,7R,M,TO.TANKS,To Temperature Distillation/Spirit,,,
MTTIRBOT,D,60,,,TO TIRAGE BOTTLES,7R,M,TO.TANKS,To Tirage Bottles Qty,,,
MFDVOL,D,61,,,FROM DIST VOLUME,8R,M,FROM.TANKS,From Distillation Volume,,,
MTSWSTORE,D,61,,,STORE/ STACK,6L,M,TO.TANKS,Small Wood Store/Stack - To Tanks,,,
MTSWSTORE12,D,61,,,TO STORE /STACK,12T,M,TO.TANKS,Small Wood Store/Stack - To Tanks,,,
MTTIRSTORE,D,61,,,TO TIRAGE BOTTLES STORAGE,10L,M,TO.TANKS,To Tirage Bottles Storage,,,
MFDCNOTE,D,62,,,FROM DIST CELLAR NO,7R,M,FROM.TANKS,From Distillation Cellar Note no.,,,
MFSWSTORE,D,62,,,STORE/ STACK,6L,M,FROM.TANKS,Small Wood Store - From,,,
MFSWSTORE12,D,62,,,FROM STORE /STACK,12T,M,FROM.TANKS,Small Wood Store - From,,,
MFTIRSTORE,D,62,,,FROM TIRAGE BOTTLES STORAGE,10L,M,FROM.TANKS,From Tirage Bottles Storage,,,
MFDATEIN,D,63,,D2/,SENT INTO DIST DATE,8R,M,FROM.TANKS,Date Sent into Distillation,,,
MTSWFROMTO,D,63,,,FROM/TO CASKS,8L,M,TO.TANKS,Small Wood From/To - To Tanks,,,
MFSELNOS,D,64,,,DIST NOS,4R,M,FROM.TANKS,Distillation Selected Lines numbers,,,
MFSWFROMTO,D,64,,,FROM/TO CASKS,8L,M,FROM.TANKS,Small Wood From/To - To Tanks,,,
MTBOTLINE,D,65,,,LINE NOS,4R,M,BOTTLING,Line Number Bottling Done on for STMN to 'BOT' & DISG notes.,,,
MTRUCKNO,D,65,,,TRUCK NOS,6T,M,TRUCK.NOS,Truck Numbers for Stock Movement Notes,,,
MTBOTBLEND,D,66,,,BLEND BOTTLED,12L,M,BOTTLING,Blend Sent for Bottling,,,
MTRBLEND,D,66,,,TRUCK BLENDS,12T,M,TRUCK.NOS,Truck Blends for Stock Movement Notes,,,
MTBOTLITRES,D,67,,,LITRES BOTTLED,9R,M,BOTTLING,Litres Sent for Bottling,,,
MTRLITRES,D,67,,MD10P,Truck Litres,10R,M,TRUCK.NOS,Truck Litres for Stock Movement Notes,,,
MATIME,D,68,,MTS,COMPLETE TIME,9R,,,System Completion Time,,,
MATIME.NOCONV,D,68,,,COMPLETE TIME,12R,,,System Completion Time,,,
MATIME.SHT,D,68,,MT,Time,5R,,,Actual Time of Operation Completion Short version,,,
MTBOTDATE,D,69,,D2/,DATE BOTTLED,8R,M,BOTTLING,Date Sent for Bottling,,,
MVAR,D,69,,,VARIETY,6L,M,PURWINE,Grape Variety:Price Code:Source Code of Wine Purchased,,,
SCVAR,D,69,,,SUM COMP VARIETY,19L,M,SCOMP,Grape Variety:Price Code:Source*Vintage year,,,
MLITRES,D,70,,,LITRES PURCHASED,8R,M,PURWINE,Litres Purchased,,,
MTBOTPROD,D,70,,,PRODUCT BOTTLED,7L,M,BOTTLING,Financial Product Code Bottled,,,
SCLITRES,D,70,,,SUM COMP LITRES,8R,M,SCOMP,Summary Composition Litres,,,
MVENDOR,D,71,,,VENDOR,10L,M,PURWINE,Vendor Number of Who Wine was Purchased From,,,
PORDER.ID,A,72,TPURORDERS;X;;0,,,,,,,,,
MPONOS,D,72,,,P/O NOS,10R,M,PURWINE,Purcahse Order Number That Wine was Purchased on,,,
MPLIT,D,73,,,PRICE/ LITRE,6R,M,PURWINE,Price per Litre Paid for Purchased Wine,,,
UPDATED.PONOS,D,74,,,P/O NOS UPDATED,8R,M,PURWINE,Purchase Order Numbers That were updated via JKOE020,,,
UPDATED.QTY,D,75,,,LITRES UPDATED,8R,M,PURWINE,Litres Update on Purchase Orders via JKOE020,,,
UPDATED.ITEMNOS,D,76,,,ITEMNOS UPDATED,10L,M,PURWINE,Item Numbers That were updated via JKOE020,,,
UPDATE.FSTK.FLG,D,77,,,UPDATE FLAG,1L,S,,Financial Stock Update Flag,,,
MTSTR,D,78,,,TO STR,4R,M,TO.TANKS,Spirit Tanks Spirit Strength - TO,,,
GL.REASON,D,79,,,LOSS/GAIN REASON,40L,M,GL.DETS,Loss/Gain Reason Why,,,
GL.INIT.PRG,D,80,,,INITS,8L,S,,Initials of Person or program name Who Entered Loss/Gain Reason,,,
GL.INITS,D,80,,,INITS,3L,S,,Initials of Person Who Entered Loss/Gain Reason,,,
WORK.CENTRE,D,81,,,W/Centre,8L,S,,Work Centre code for bottling,,,
IFLEVEL,D,82,,,FROM INV LEVEL,3L,M,FROM.TANKS,From Inventory Level,,,
ITLEVEL,D,83,,,TO INV LEVEL,3L,M,TO.TANKS,To Inventory Level,,,
FROM.IBM,D,84,,,FROM I.B.M. FILE(S),8L,M,,List of I.B.M. files that this record was made up of,,,
IMTLEVEL,D,85,,,TR INV LEVEL,3L,M,TRUCK.NOS,Truck Inventory level,,,
FTVOLM,D,86,,,From Vol Moved,8R,M,FROM.TANKS,Volume moved from FROM tank,,,
TTVOLM,D,87,,,To Vol Moved,8R,M,TO.TANKS,Volume moved into TO tank,,,
CRSLOT,D,88,,,Crush Slot,5R,M,CRSLOT,Crush slot number (key to crushplan),,,
SUMCOMP.UPD,D,89,,,Sumcomp Update Flag,4L,S,,Summary Composition Update Flag,,,
DE.TYPE,D,90,,,Type,3L,,,Despatch transaction type,,,
DE.FLOCN,D,91,,,FL,2L,,,Despatch from sub location,,,
DE.TLOCN,D,92,,,TL,2L,,,Despatch to sub location,,,
DE.ORDERNO,D,93,,,Order No.,9L,,,Despatch order number,,,
DE.TRANS,D,94,,,Trans Co.,8L,M,TRUCK.NOS,Despatch transport company,,,
DE.CONS,D,95,,,Cons No.,14L,M,TRUCK.NOS,Despatch consignment number,,,
DE.PAY.TYPE,D,96,,,Pay,1L,,,Despatch payment type -  (S)tandard / (B)ackload / (H)ourly / (C)ustomer pays,,,
DE.HRS,D,97,,,T/hrs,5R,M,TRUCK.NOS,Despatch est travel hours,,,
DE.DATE,D,98,,,Despatch Date,8L,M,TRUCK.NOS,Despatch Date,,,
DE.FTANK,D,99,,,Desp. From Tank,5L,M,TRUCK.NOS,From tank numbers which Truck/Line wine blends come from in Despatch notes,,,
RC.LITRES,D,100,,MD10P,Received Litres From Trucks,8R,M,TO.TANKS,Litres received into To tank from each Truck/Compartment (Receipt notes only),,,
SCTONNES,D,101,,MD10P,SUM COMP TONNES,8R,M,SCOMP,Summary Composition Tonnes,,,
ADDN.NOTICE,D,102,,,Addn Chit,9L,S,,Linked Additions notice Id,,,
ADDQTY,D,103,,,ADDITIVE QUANTITY,9R,S,,Additive quantity as entered on a chit,,,
UPD.BY.PROG,D,104,,,Updated by Program,7L,M,,List of programs that have updated this record,,,
TRUCK.BATCH,D,105,,,Truck Batch,7L,M,TRUCK.NOS,Batch code related to truck or truck compartment,,,
TRUCK.STATUS,D,106,,,Truck Status,3L,M,TRUCK.NOS,,,,
SUMCOMP.ERROR.REASON,D,107,,,Summary Composition Error Reason,70T,M,SC.ERR,Reason that this chit appeared on the summary composition error list,,,
PURCH.PCNT,D,108,,,PURCH PCNT,3R,M,,Percentage of each component of the Total,,,
POTRANS.ID,D,109,,,POTRANS ID,10L,S,,POTRANS ID which contains From Blend Code,,,
CONF.SPEC.REF,D,110,,,SPECIFIC CONFIRMED,10L,S,,Specifications Confirmed Reference,,,
CONF.SPEC.BY,D,111,,,SPECIFICATIONS CONFIRMED BY,20L,S,,Specification Confirmed By,,,
TANKER.MOVEMENTS,D,112,,,TANKER MOVE ID,13L,M,,"Tanker Movt. ID'S for Cartnotes, From/To Hours",,,
DE.FRT.COST,D,113,,MD40P,Freight Cost/ Litre,7R,M,TRUCK.NOS,Freight cost per litre for despatch and purchase chits if we are paying for the freight.,,,
DE.INT.TANK,D,114,,,Intransit Tanks,5L,M,TRUCK.NOS,Intransit tank codes,,,
WARNING.NO,D,115,,,WARNING NUMBER,5L,M,,Warning Numbers Xref'D to the WARNING.MESSAGES file,,,
WARNING.TANKS,D,116,,,WARNED TANKS,15L,M,,Tanks associated with warning nos,,,
PR.ORDNO,D,117,,,Process Order No.,12L,M,,Process Order Number,,,
WK.ORDER,D,117,,,WORK ORDER,7L,M,,Work Order for Bottling Despatch Chits,,,
PROD.ID,D,118,,,PROD ID,15L,M,,Work Order Production ID,,,
FIN.GOODS.CODE,D,119,,,FIN GOODS CODE,7L,M,,Finished Goods Code referencing ORDERS file (att 29),,,
BLEND.COST.CODE,D,120,,,Cost Code,3L,M,BCOST,Tank blend cost code,,,
BLEND.COST.LTRS,D,121,,MD4,Cost/Ltr,7R,M,BCOST,Blend costs/litre,,,
VSUM.KEY,D,122,,,Vintage Summary File Key,39L,M,TO.TANKS,Unique key to the VINT.SUMM file,,,
MTTANK.USE,D,123,,,To Tank Use,1L,M,TO.TANKS,Usage Type of the TO Tank,,,
ADDRATE,D,124,,,RATE ADDED,9R,M,ADD.QTY.UOM,Rate of additive addition,,,
AOUMEAS,D,125,,,UNIT OF MEASURE,6T,M,ADD.QTY.UOM,Unit of measure for additive,,,
BARREL.SOURCE,D,126,,,Barrel Source,14L,M,,ID to BARREL.REGISTER where barrels come FROM,,,
MT.BARREL.DEST,D,127,,,MT Barrel Destination,14L,M,,ID to BARREL.REGISTER of where MT barrels go,,,
BSTK.REAS,D,128,,,Stock Adjustment Reason,40L,S,,Reason for bulk wine stocktake adjustment,,,
BLEND.COST.VAR.LTRS,D,129,,MD4,Var. Cost/Ltr,7R,M,BCOST,Blend Variable cost/litre,,,
ACT.WOOD.COST,D,130,,MD40P,Actual Wood Cost,7R,M,TO.TANKS,Actual Wood cost per litre,,,
ACT.CHIPS.COST,D,131,,MD40P,Actual Chips Cost,7R,M,TO.TANKS,Actual Chips cost per litre,,,
ACT.VAR.OH.COST,D,132,,MD40P,Actual Variable OH.Cost,7R,M,TO.TANKS,Actual Variable Overhead cost per litre,,,
ACT.TOT.OH.COST,D,133,,MD40P,Actual Total OH.Cost,7R,M,TO.TANKS,Actual Total Overhead cost per litre,,,
MTGL,D,134,,,GL,2L,M,TO.TANKS,Grade Level for Tank,,,
MTIGL,D,134,,,Init GL,2L,M,TO.TANKS,Initial Grade Level for Tank,,,
MTIGV,D,134,,,Init GV,4R,M,TO.TANKS,Initial Grape Value for Tank,,,
WM.FWOOD.TYPE,D,135,,,From tank wood type,2L,M,FROM.TANKS,Wood type for 'from' tanks,,,
WM.FFIL.NO,D,136,,MD00P,From tanks fill no.,2R,M,FROM.TANKS,Fill number for 'from' tanks,,,
WM.FLITRES,D,137,,,From tanks wood litres,14R,M,FROM.TANKS,Litres for 'from' tanks,,,
WM.TWOOD.TYPE,D,138,,,To tanks wood type,2L,M,TO.TANKS,Wood type for 'to' tanks,,,
WM.TFILL.NO,D,139,,MD00P,To tanks fill no.,2L,M,TO.TANKS,Fill number for 'to' tanks,,,
WM.TLITRES,D,140,,MD00P,To tanks wood litres,14R,M,TO.TANKS,Litres for 'to' tanks,,,
PURCH.GL,D,141,,,GL,2L,M,TO.TANKS,Purchasing Grade Level assigned to To Tank,,,
SAVE.DE.FLOCN,D,142,,,FL,2L,,,Old Sub-location prior to conversion to Winery Location,,,
SAVE.DE.TLOCN,D,143,,,TL,2L,,,Old Sub-location prior to conversion to Winery Location,,,
GL.VIYEAR,D,144,,,Grade Level Vintage,4R,S,,Grade Level Vintage Year,,,
FT.GL.B4,D,145,,,From Tank Grade Level Before,2L,M,FROM.TANKS,From Tank Grade Level B4,,,
FT.GL.AFT,D,146,,,From Tank Grade Level After,2L,M,FROM.TANKS,From Tank Grade Level After,,,
TT.GL.B4,D,147,,,To Tank Grade Level Before,2L,M,TO.TANKS,To Tank Grade Level Before,,,
TT.GL.AFT,D,148,,,To Tank Grade Level After,2L,M,TO.TANKS,To Tank Grade Level After,,,
ORIG.BOTTLING.CHIT,D,149,,,Original Bottling Chit,12L,M,SALV,Original Bottling chit for Salvage Decant,,,
VOLUME.SALVAGED,D,150,,MD10P,Volume Salvaged from Original Bottling Chit,9R,M,SALV,Volume Salvaged from Original Bottling Chit,,,
OBC.DWLP,D,151,,,"Original Bottling Chit bottling Date, Wharehouse, Bottling Line Bottled Product",10L,M,SALV,Original Bottling chit data*whse*bottling line line*product,,,
FG.CODE.DATE,D,152,,,Finished/WIP Code of Salvaged Item Bottling Chits,20L,M,SALV,Finished Goods Code * Original Production Date,,,
CHIT.VOLUME.SALVAGED,D,153,,MD10P,Volume Salvaged From CHIT,9R,M,SALV,Volume salvaged from CHIT,,,
DE.FTIRAGE,D,154,,,Tirage info,10L,M,TRUCK.NOS,Tirage information,,,
MTRUCK.NUM,D,155,,,To Tank Truck #,2R,M,TO.TANKS,Tirage Receival Truck #,,,
ADD.LOT,D,156,,,Additive Lot No.,8R,M,ADD.QTY.UOM,Additive lot number,,,
MTSALLINE,D,157,,,LINE NOS,4R,M,TRUCK.NOS,Line number for 'SAL' sales notes,,,
ADDOP.MAINT.ID,D,158,,,,8R,M,ADDOP.MAINT .ID,Multivalued list of @IDS to the ADDOP.MAINT file generated by additive lot maintenance,,,
MFHYD,D,159,,,From Obscuration Reading,7R,M,FROM.TANKS,From Tank Obscuration Reading,,,
MFOBS,D,160,,,From Obscuration Reading,7R,M,FROM.TANKS,From Tank Obscuration Reading,,,
MFLALS.20,D,161,,,From LALs @ 20oC,7R,M,FROM.TANKS,From LALs @ 20oC,,,
MTHYD,D,162,,,To Obscuration Reading,7R,M,TO.TANKS,To Tank Obscuration Reading,,,
MTOBS,D,163,,,To Obscuration Reading,7R,M,TO.TANKS,To Tank Obscuration Reading,,,
MTLALS.20,D,164,,,To LALs @ 20oC,7R,M,TO.TANKS,To LALs @ 20oC,,,
ENTERED.VV,D,165,,,Entered % Alcohol by volume,6R,M,TO.TANKS,Enter % alcohol by volume,,,
MTLALS.IN,D,166,,,LALs Moved in,9R,M,TO.TANKS,LALs moved in,,,
ADD.LOT.QTY.JDE,D,172,,MD30P,Lot Qty JDE,9R,M,ADD.QTY.UOM,The quantity of the additive lot sent to JDE as consumption,,,
ADD.LOT.UOM.JDE,D,173,,,Lot UOM JDE,6L,M,ADD.QTY.UOM,The unit of measure for the lot quantity that updated JDE,,,
SRC.DOC.CRCTN,D,174,,,Source Document Correction,13L,M,SD.CRCTN,Composition correction - source document (purchase chit or weigh note),,,
SRC.DOC.LITRES,D,175,,MD10P,Source Document Litres,10R,M,SD.CRCTN,Litres associated with source document,,,
SRC.DOC.TONNES,D,176,,MD10P,Source Document Tonnes,8R,M,SD.CRCTN,Tonnes associated with source document,,,
SALES.ITEM.TEXT,D,177,,,,50L,M,TRUCK.NOS,Free form text that can be used for tracking sales items,,,
ORIG.MRDATE,D,178,,D2/,Original Reqd Date,8R,S,,Original required completion date as entered by winemaker,,,
ORIG.MRTIME,D,179,,MTS,Original Reqd Time,8R,S,,Original required completion time as entered by winemaker,,,
WTO.STATUS,D,180,,,WTO St,1L,S,,Wine Tank Optimiser Status,,,
WTO.INSTRUCTIONS,D,181,,,,72L,M,WTO.INSTRUC TIONS,Text with information on assigned equipment and pipe paths,,,
CREATE.DATE,D,182,,D2/,Creation Date,8R,,,Opsmove creation date,,,
WTO.DATESTAMP,D,183,,,,14L,S,,YYYYMMDDHHMMSS Date stamp used on WTO.CHITS.ORIG file record,,,
PRINTED,D,184,,,Chit Printed,1L,S,,Chit has been printed,,,
DATES.PRINTED,D,185,,D2/,Dates Chit Printed,8R,M,DATES.PRINT ED,Dates the chit has been printed (MV),,,
TIMES.PRINTED,D,186,,MTS,Times Chit Printed,8R,M,DATES.PRINT ED,Times the chit has been printed (MV),,,
OW.FROM.FREIGHT.AREA,D,188,,,Over Written From Freight Area,2L,S,,Overwritten from freight area,,,
MFGENERIC,D,189,,,From Tank Generic Code,3L,M,FROM.TANKS,From Tank Generic Code,,,
MFALLOCVINT,D,190,,,Vint,4R,M,FROM.TANKS,From Tank Allocation Vintage,,,
MFALLOCLITRES,D,191,,,Litres Allocated,9R,M,FROM.TANKS,From Tank Allocated Litres,,,
MTRGENERIC,D,192,,,To Truck Generic Code,3L,M,TRUCK.NOS,To Truck Generic Code,,,
MTRALLOCVINT,D,193,,,Vint,4R,M,TRUCK.NOS,To Truck Allocation Vintage,,,
MTRALLOCLITRES,D,194,,,Litres Allocated,9R,M,TRUCK.NOS,To Truck Allocated Litres,,,
MTGENERIC,D,195,,,To Tank Generic Code,3L,M,TO.TANKS,To Tank Generic Code,,,
MTALLOCVINT,D,196,,,Vint,4R,M,TO.TANKS,To Tank Allocation Vintage,,,
MTALLOCLITRES,D,197,,,Litres Allocated,9R,M,TO.TANKS,To Tank Allocated Litres,,,
MFALLOCPERC,D,198,,MD20P,Allocated Percentage,10R,M,FROM.TANKS,'From' tank allocation percentage this volume,,,
MTRALLOCPERC,D,199,,MD20P,Allocated Percentage,10R,M,TRUCK.NOS,'To' truck allocation percentage this volume,,,
WOP.WKORD,D,200,,,,4L,S,,Winery operations work order,,,
WOP.WKORD.SEQ,D,201,,,,2R,S,,Sequence on winery operations work order,,,
SEL.PODETAIL.ID,D,202,,,PODETAIL ID,5R,M,PURWINE,Selected PODETAIL Id,,,
MTRCHEMNO,D,203,,,,9L,M,TRUCK.NOS,Chemistry request ID`s generated against trucks on a Despatch chit,,,
GL.CODE,D,204,,,,4L,M,GL.DETS,Gain/Loss reason code,,,
CIR.NUMBER,D,205,,,,8L,S,,CIR number,,,
DATE.STARTED,D,206,,D4/,,10R,S,,Date started,,,
TIME.STARTED,D,207,,MTS,,8R,S,,Time started,,,
DATE.FINISHED,D,208,,D4/,,10R,S,,Date finished,,,
TIME.FINISHED,D,209,,MTS,,8R,S,,Time finished,,,
WMEST.DATE,D,210,,D4/,,10R,S,,Winemaker earliest start date,,,
MFCHEMNO,D,211,,,From Tank Chem Req.,10L,M,FROM.TANKS,Chemistry request number associated with FROM tanks,,,
ADD.LOT.QTY,D,212,,MD40P,Add Lot Qty,9R,M,ADD.LOT.QTY,Additive lot quantity on purchase and summary comp correction operations (on actual additive notices MAQTYISS is used),,,
WOOD.BATCH,D,213,,,Wood Batch,6L,M,ADD.QTY.UOM,Wood batch when operation is a wood insertion,,,
MOVE.IFACED,D,214,,,MOVE I Faced,1L,S,,The chit is interfaced with project MOVE,,,
MOVE.ERR.TXT,D,215,,,Error text for MOVE,60L,S,,Error text to be sent via interface to project MOVE,,,
MOVE.TRNSPT.REQ,D,216,,,MOVE Transport Request,10R,S,,MOVE Transport request number,,,
DE.MOVE.BKNG,D,217,,,MOVE Booking,10R,M,TRUCK.NOS,MOVE booking number,,,
MOVE.IFACE.NO,D,218,,,Last MOVE I/Face,1R,S,,MOVE Interface number 1 to 4 (5 excluded) to last update CHIT.,,,
MOVE.MPF,D,219,,,MOVE MPF,3L,S,,,,,
MOVE.VOLUME,D,220,,MD00P,MOVE Volume,10R,S,,Total volume on MOVE transport request,,,
MOVE.BLEND,D,221,,,MOVE Blend,12L,S,,MOVE Blend code captured by DEFUSE extract,,,
MOVE.BATCH,D,222,,,MOVE Batch,7L,S,,MOVE Batch code captured by DEFUSE extract,,,
MOVE.WINE.STATUS,D,223,,,MOVE Wine Status,3L,,,MOVE Wine Status captured by DEFUSE extract,,,
MOVE.CH.COMM,D,224,,,MOVE cellar hand comments,40L,M,MOVE.CH.COM M,MOVE cellar hand comments (from MOVE),,,
DATE.UPDATED,D,225,,D2/,Date updated,8R,S,,Date operation updated,,,
TIME.UPDATED,D,226,,MTS,Time updated,8R,S,,Time operation updated,,,
ABS.MGL,I,,ABS(MGL),MD10P,Absolute Gain/Loss,10R,S,,,,,
ACIDA,I,,""" """,,Acid Adjust,10L,S,,ACID ADJUST HEADING,,,
ADD.LOT.DESC,I,,"TRANS(LOT,ADD.LOT,DESC,'X')",,,40L,M,ADD.QTY.UOM,Additive lot description,,,
ADDLOTSTART,I,,"TRANS(DESCRIPTION,'ADDLOTSTART',1,'X');IF @ THEN @ ELSE 13881",D2/,Additive Tracing Start Date,10L,S,,Additive lot tracing start date,,,
ADDLOTSTART.I,I,,"TRANS(DESCRIPTION,'ADDLOTSTART',1,'X');IF @ THEN @ ELSE 13881",,Additive Tracing Start Date,5R,S,,Additive lot tracing start date (no output conv),,,
ALL.BLEND,I,,MFBLEND;MTBLEND;IF MOPCD = 'STMN' THEN MTRBLEND ELSE @;@1:@VM:@,,BLEND CODE,12T,M,TOT.MOVE,All blends,,,
ALL.FTVOLM,I,,"TRANS(MOPS,MOPCD,UPDATE.CODE,'X') ; TRANS(MOPS.DEL,MOPCD,UPDATE.CODE,'X')  ; IF @1 THEN @1 ELSE @2 ;IF @3 = 3 THEN MTRLITRES ELSE CALC.FTVOLM",MD10P,Total Volume Out,10R,M,FROM.TANKS,Total volume moved out - for all op types,,,
ALL.TANKS,I,,"MFTANK:'-':MTTANK;CONVERT(@VM,'/',@) ;IF @2 = '-' THEN '' ELSE @2 ;IF      @3[1] = '-' THEN @3[1,LEN(@3)-1] ELSE @3 ;IF @4[1,1] = '-' THEN @4[2,30] ELSE @4",,Tank codes,30L,,,Tank codes separated by '/',,,
ALL.TO.TANKS,I,,"CONVERT(@VM,'/',MTTANK)",,To Tank codes,30L,,,Tank codes separated by '/',,,
ALL.TTVOLM,I,,"SUBR('!ADDS',CALC.TTVOLM, MTRLITRES)",MD10P,Total Volume In,10R,M,TO.TANKS,Total volume moved in - for all op types,,,
AUD.BREAK,I,,IF AUD.CODE = 1 THEN 1 ELSE IF AUD.CODE = 3 THEN 1 ELSE IF AUD.CODE = 2 THEN 2 ELSE 2,,,1L,S,,Group deletions and before images together and creations and after images together,,,
AUD.CODE,I,,"FIELD(@ID,'*',5)",,AUDIT CODE,1L,S,,Audit action code,,,
AUD.DATE,I,,"FIELD(@ID,'*',2)",D2/,AUDIT DATE,8R,S,,Audit date,,,
AUD.DESC,I,,"FIELD('Deleted*Created*Before*After','*',AUD.CODE,1)",,AUDIT DESC,8L,S,,Audit description,,,
AUD.KEY,I,,"FIELD(@ID,'*',4)",,AUDIT KEY,10L,S,,Audit key,,,
AUD.SEQNO,I,,"FIELD(@ID,'*',1)",,AUDIT SEQNO,6R,S,,Audit Sequence number,,,
AUD.TIME,I,,"FIELD(@ID,'*',3)",MT,AUDIT TIME,8R,S,,Audit time,,,
AUD.USER,I,,"FIELD(@ID,'*',6)",,User Name,15L,S,,User name,,,
BARRELS,I,,"TOTAL(SUBR('*PZZI211','DIVC',MTVOLA,250,'',''))",,No Of Barrels,8R,M,,"Approx number of barrels, calculated by dividing volume by 250",,,
BATCH.DESC,I,,"TRANS(MBATCH,TRUCK.BATCH,BATCH.DESC,'X')",,Batch Description,30L,M,TRUCK.NOS,Batch Description,,,
BLEND.4CH,I,,"MFBLEND[4,1]",,WINE STYLE,1R,M,,Style Code - Fourth character of the blend code,,,
BLEND.COST.DESC,I,,"TRANS(BLEND.COST,BLEND.COST.CODE,BLEND.COST.DESC,'X')",,Description,30L,M,BCOST,Cost Code Description,,,
BLEND.IN,I,,MTBLEND;IF MOPCD = 'STMN' THEN MTRBLEND ELSE @,,TO BLEND CODES,12T,M,IN,To Blend Codes,,,
BLEND.IN.TYPE,I,,"MTBLEND;IF MOPCD = 'STMN' THEN MTRBLEND ELSE @;TRANS(MBLEND,@,BTYPECODE,'X')",,TO BLEND TYPE,5T,M,IN,To Blend Type Code,,,
BLEND.OUT.TYPE,I,,"TRANS(MBLEND,BLEND.OUT,BTYPECODE,'X')",,FROM BLEND TYPE,5T,M,OUT,From Blend Type Code,,,
BOT.BATCH,I,,"FIELD(MFBATCH,@VM,1)",,Bottled Batch,7L,S,,,,,
BOTT.DATE,I,,"SUBR('*PBWI833',@ID)",D2/,Bottling Date,8R,S,,Bottling date from BOTT OPSMOVE record,,,
BSM.FWHOUSE,I,,"FIELD(FIELD(PROD.ID,@VM,1),'*',3)",,,2L,S,,From warehouse used on BSM extraction,,,
BSTK.BLEND.REAS,I,,"FIELD(MTBLEND,@VM,1):' ':FIELD(MTBLENDESC,@VM,1):@VM:GL.REASON",,To Blend & Adjustment Reason,44L,M,BSTK.BLEND. REAS,"Bulk wine stocktake, To blend & reason",,,
BWALLOC.FTANK,I,,"RAISE(TRANS(BWALLOC.OPSMOVE,@ID,FTANK,'X'))",,Alloc From Tanks,6L,M,ALLOC.FTANK,Allocation From Tanks,,,
BWALLOC.TTANK,I,,"RAISE(TRANS(BWALLOC.OPSMOVE,@ID,TTANK,'X'))",,Alloc To Tanks,6L,M,ALLOC.TTANK,Allocation To Tanks,,,
BWM.KEY,I,,"SUBR(""!FMTS"",MTBLEND,'L%12'); SUBR(""!FMTS"",MTBATCH,'L%7'); SUBR(""!CATS"",REUSE(MADATE:'*'),@1);SUBR(""!CATS"",@3,REUSE('*')); SUBR(""!CATS"",@4,@2)",,,26R,M,TO.TANKS,,,,
BWOP$REC,I,,"TRANS(BWALLOC.OPSMOVE,MCNOTE,-1,'X')",,BWALLOC.OPSMOVE,50T,S,,BWALLOC.OPSMOVE record,,,
BWRS.ITLEVEL,I,,"TRANS(OPSMOVE,@ID,83,'X')",,TO INV LEVEL,3L,M,TO.TANKS,OPSMOVE To Inventory Level,,,
BWRS.MADATE,I,,"TRANS(OPSMOVE,@ID,4,'X')",D2/,ACTUAL DATE,8R,S,,OPSMOVE Date actual action started,,,
BWRS.MADATE.UN,I,,"TRANS(OPSMOVE,@ID,4,'X')",,ACTUAL DATE,8R,S,,OPSMOVE Date actual action started,,,
BWRS.MATIME,I,,"TRANS(OPSMOVE,@ID,68,'X')",,UPDATED TIME,6R,S,,OPSMOVE Time of operation update,,,
BWRS.MOPCD,I,,"TRANS(OPSMOVE,@ID,MOPCD,'X')",,OPER CODE,3T,S,,OPSMOVE Operation identification code,,,
BWRS.MRTIME,I,,"TRANS(OPSMOVE,@ID,3,'X')",,REQUIRED TIME,6R,S,,OPSMOVE Time request made for operation,,,
CACTIV,I,,"TRANS(CHEM,MTCHEMNO,'CACTIV','X')",,REC ACTIV,1T,M,TO.TANKS,"Record activity code, null = unregistered, R = registered/no readings, S = readings entered, D = dropped, C = completed",,,
CALC.FTVOLM,I,,"SUBR('!SUBS',MFVOL,MFVOLA)",MD10P,,10R,M,FROM.TANKS,,,,
CALC.GAINLOSS,I,,SUM(MTVOLA-MTVOL)-SUM(MFVOL-MFVOLA),,Gain/loss,8R,M,,,,,
CALC.TTVOLM,I,,"SUBR('!SUBS',MTVOLA,MTVOL)",MD10P,,10R,M,TO.TANKS,,,,
CENRD,I,,"""""",,Cenr Date,10L,S,,CENR DATE HEADING,,,
CHEMNOTES,I,,"TRANS(MTANK,MTTANK,'CHEMNOTES','X')",,,10L,M,TO.TANKS,List of incomplete chemistry notes for the current contents of this tank,,,
CHIT.ID,I,,"FIELD(@ID,'-',1); TRANS('CHIT',@1,'@ID','X')",,,10L,S,,,,,
CHIT.QTY,I,,"TRANS(PODETAIL,SEL.PODETAIL.ID,'CHIT.QTY','X')",,Chit Qty,10R,M,PURWINE,Quantity received on this chit,,,
CHIT.XREF,I,,"TRANS(CHEM,MTCHEMNO,'CHIT.XREF','X')",,CHIT Key,10L,M,TO.TANKS,,,,
CHITYEAR,I,,"@ID[4,2]",,CHIT VINTAGE,2R,S,,Vintage year of the chit,,,
CO.MACTIV,I,,"IF COUNT(@ID,'-') THEN MACTIV ELSE 'R'",,,1L,S,,Chit/Opsmove split MACTIV defn used on I.CP.OPSMOVE inversion file,,,
CO.MRDATE,I,,"IF COUNT(@ID,'-') THEN MRDATE ELSE TRANS(CHIT,@ID,MRDATE,'X')",D2/,Request Date,8R,S,,Chit/Opsmove split MRDATE defn used on I.CP.OPSMOVE inversion file,,,
CORR.LITRES,I,,"SUBR(""*PBWZ383"",MTVOLA,MTTEMP,MTSTR)",MD20P,TO TANK CORR LIT,10R,S,,MTVOLA corrected to 20 degrees,,,
COST.CODE.CNT,I,,"DCOUNT(BLEND.COST.CODE,@VM)",,,2R,S,,cost code count,,,
CRT.MTH.YR,I,,"OCONV(CREATE.DATE,'D4/')[7]",,Create Month Year,7L,S,,Create month and year,,,
CTANK,I,,"TRANS(CHEM,MTCHEMNO,'CTANK','X')",,Chem Tank,6L,M,TO.TANKS,Current tank at time of tests,,,
CTANK.CHEMNOTES,I,,"TRANS(MTANK,CTANK,'CHEMNOTES','X')",,,10L,M,TO.TANKS,List of incomplete chemistry notes for the current contents of this tank,,,
CUR.MTH.YR,I,,"OCONV(DATE(),'D4/')[7]",,Current Month Year,7L,S,,Current month and year,,,
DE.DN.FTVOLM,I,,"SUBR(SUBR.PENBW:'PBWI1170',DE.FLOCN,RLTD.D.R.NOTE,7);@1[1,LEN(@1)-11]",MD10P,D/Note From Tanks Volumes,10R,M,DE.DN.FT,Despatch note from tanks volumes moved,,,
DE.DN.FTVOLM.SUM,I,,"SUBR(SUBR.PENBW:'PBWI1170',DE.FLOCN,RLTD.D.R.NOTE,7);@1[1,LEN(@1)-11]; SUBR(SUBR.PENBW:'PBWI1171',DE.DN.MFBATCH,@2,'VALUE2'); SUBR('!OCONVS',@3,'MD00P')",,Despatch Note Sum of FTANK Volumes,10R,M,DE.DN.FT.SU M,Despatch Note Sum of from tanks volumes moved,,,
DE.DN.MFBATCH,I,,"SUBR(SUBR.PENBW:'PBWI1170',DE.FLOCN,RLTD.D.R.NOTE,55)",,D/Note From Tanks Batch,7L,M,DE.DN.FT,Despatch note from tanks batch codes,,,
DE.DN.MFBATCH.SUM,I,,"SUBR(SUBR.PENBW:'PBWI1170',DE.FLOCN,RLTD.D.R.NOTE,7);@1[1,LEN(@1)-11]; SUBR(SUBR.PENBW:'PBWI1171',         DE.DN.MFBATCH, @2,'VALUE1')",,Despatch Note Consol FTANK Batch Codes,7L,M,DE.DN.FT.SU M,Despatch Note Consolidated From Tanks Batch Codes,,,
DE.FLOCN.DESC,I,,"TRANS(WINERY.LOCATION,DE.FLOCN,DESC,'X')",,From Location,20L,S,,From location description,,,
DE.FLOCN.WHOUSE,I,,"TRANS(SUB.LOCN,DE.FLOCN,WHOUSE,'X'); FIELD(@,@SM,1)",,,2L,S,,Warehouse code used on BSM interface,,,
DE.ORDERNOL,I,,DE.ORDERNO,,Order No.,13L,S,,DESPATCH ORDER NUMBER LONGER,,,
DE.STD.TOT.VALUE,I,,"SUBR('*PZZI211','MVV',MTRLITRES,TRUCK.STD.TOT.COST,'','')",MD20P,Truck Value at STD TOT cost,8R,M,TRUCK.NOS,Value of the truck litres at STANDARD TOTAL cost,,,
DE.STD.VALUE,I,,"SUBR('*PZZI211','MVV',MTRLITRES,MTRSCOST,'','')",MD20P,Truck Value at STD cost,8R,M,TRUCK.NOS,,,,
DE.STD.VAR.VALUE,I,,"SUBR('*PZZI211','MVV',MTRLITRES,TRUCK.STD.VAR.COST,'','')",MD20P,Truck Value at STD VAR cost,8R,M,TRUCK.NOS,Value of the truck litres at STANDARD VARIABLE cost,,,
DE.TLOCN.DESC,I,,"TRANS(FREIGHT.AREA,DE.TLOCN,DESC,'X'); IF @='' THEN TRANS(WINERY.LOCATION,DE.TLOCN,DESC,'X') ELSE @",,To Location,20L,,,To location description,,,
DEF.ID,I,,UPCASE(LOGNAME),,Define Signon,8L,S,,Define user Id.,,,
DIPTAB.FROM,I,,"TRANS(MTANK,MFTANK,3,'X')",,FROM TANK DIP. TAB.,5L,M,,,,,
ENDUSE,I,,"SUBR(""*FIND.OPSMOVE.ENDUSE"",MTBLEND,MTRBLEND,MFBLEND)",,END USE,9L,S,,Enduse of chit,,,
EOM.TYPE,I,,"TRANS(MOPS,MOPCD,EOM.TYPE,'X')",,Type,2R,S,,Operation code EOM type,,,
EX.RCVRY,I,,"TRANS(MOPS,MOPCD,EX.RCVRY,'X')",,Excl Recoveries Reports,1L,S,,Exclude from Recoveries Reports,,,
EXL.REC,I,,"SUM(SUBR(""!EQS"",OP.TYPE.EXL.REC,REUSE(TYPE.CODE))) OR EX.RCVRY = ""Y""",,Excluded From Recoveries,1L,S,,Excluded from recoveries reports,,,
F.DIP.VOL,I,,"SUBR(""*PBWZ171"",FRTTBL,MFDIPAFT,""V"")+0",MD10P,From Volume After,9R,M,FROM.TANKS,Subroutine call for calculation of Volume from Dip,,,
F.GRADE.LEVEL,I,,"RAISE(TRANS(BWALLOC.OPSMOVE,MCNOTE,'FQUALITY','X'))",,Alloc From GL,2L,M,ALLOC.FTANK,From tank grade level,,,
F.UNCO,I,,"TRANS(WINERY.LOCATION,DE.FLOCN,'UNCOSTED','X')",,,1L,S,,Y/'' to indicate the winery location is an 'uncosted' location,,,
FALLOCB4,I,,"RAISE(TRANS(BWALLOC.OPSMOVE,@ID,FALLOCB4,'X'))",,From Tank Generic Litres,3L,M,ALLOC.FTANK,generic litres for 'from tanks',,,
FALLOCB4.FIRST,I,,"RAISE(TRANS(BWALLOC.OPSMOVE,@ID,FALLOCB4,'X'));SUBR('*FIRST.SV',@1)",,First From Tank Generic Litres,3L,M,ALLOC.FTANK,First generic litres for 'from tanks',,,
FALLOCB4.FRST.%,I,,"RAISE(TRANS(BWALLOC.OPSMOVE,@ID,FALLOCB4,'X'));SUBR('*FIRST.SV',@1);SUBR('*SUM.SV',@ 1);IF @3 THEN          SUBR('!DIVS',@2,@3)*REUSE(100) ELSE ''",MD00P,First From Tank Generic %,3L,M,ALLOC.FTANK,First generic % of total litres for 'from tanks',,,
FAVGCOST,I,,"TRANS(MASTER.BLEND,MFBLEND,AVGCOST,""X"")",,FROM AVG COST,8R,M,,Get the Averae Cost per Litre for the From Blends,,,
FBLEND.GEN,I,,"SUBR('!SUBSTRINGS',MFBLEND,5,3)",,From Blend Generic,3L,M,FROM.TANKS,From tank blend generic code,,,
FBLEND.VINT4,I,,"SUBR('!SUBSTRINGS',MFBLEND,2,2);SUBR('!ADDS',REUSE(2000),@1)",,From Blend Vint,4R,M,FROM.TANKS,From tank blend vintage to 4 digits,,,
FGENERIC,I,,"RAISE(TRANS(BWALLOC.OPSMOVE,@ID,FGENERIC,'X'))",,From Tank Generic,3L,M,ALLOC.FTANK,Generic code for 'from tanks',,,
FGENERIC.FIRST,I,,"RAISE(TRANS(BWALLOC.OPSMOVE,@ID,FGENERIC,'X'));SUBR('*FIRST.SV',@1)",,First From Tank Generic,3L,M,ALLOC.FTANK,First generic code for 'from tanks',,,
FIN.GOODS.CODE.DESC,I,,"SUBR('!CATS',SUBR('!SUBSTRINGS',TRANS(ITEM.MSTR,FIN.GOODS.CODE,PRODNAME,'X'),1,22),' ') ;                  SUBR('!CATS',@,TRANS(ITEM.MSTR,FIN.GOODS.CODE,SDESC,'X'))",,PRODUCT BOTTLED,30L,M,BOTTLING,Financial Product Code Bottled,,,
FINISH.DATE,I,,"TRANS(BWOPS.PRODMEAS,PMCHITID,FINISH.DATE,'X')",D2/,FINISH DATE,8L,S,,FINISH DATE,,,
FINYR,I,,"OCONV(MADATE,'D2/')[4,2];OCONV(MADATE,'D4/')[4];@2+1; IF @1 >=07 AND @1 <= 12 THEN @3 ELSE @2",,Fin Yr,4R,S,,Financial year,,,
FIRST.MFTANK,I,,"FIELD(MFTANK,@VM,1)",,SPIRIT VAT,8R,S,,First tank from MFTANK,,,
FIRST.MTCHEMNO,I,,"FIELD(MTCHEMNO,@VM,1);FIELD(@1,@SM,1)",,First Linked Chem,10L,S,,First linked chemistry request,,,
FIRST.MTTANK,I,,"FIELD(MTTANK,@VM,1)",,First to Tank,8R,S,,First to tank,,,
FIRST.MTVOL,I,,"FIELD(MTVOL,@VM,1)",,WINE VOL B4,8R,S,,FIRST VOLUME FROM MTVOL,,,
FIRST.MTVOLA,I,,"FIELD(MTVOLA,@VM,1)",,WINE VOL AFT,8R,S,,FIRST RECORD FROM MTVOLA,,,
FIRST.TOTANK,I,,"FIELD(MTTANK,@VM,1)",,Wine Tank,8R,S,,First to tank created for spirit reporting,,,
FQUALITY,I,,"RAISE(TRANS(BWALLOC.OPSMOVE,@ID,FQUALITY,'X'))",,Grade Level,2L,M,ALLOC.FTANK,Grade Level of the FROM tank,,,
FRM.FREIGHT.DESC,I,,"IF OW.FROM.FREIGHT.AREA THEN OW.FROM.FREIGHT.AREA ELSE TRANS(WINERY.LOCATION,DE.FLOCN,FREIGHT.AREA,'X'); TRANS(FREIGHT.AREA,@,DESC,'X')",,From freight area description,20L,S,,From location description,,,
FROM.ILEV.SEQ,I,,"TRANS(BWRS.PARMS, SUBR('!CATS',REUSE(@WHO:'*'),FROM.ILEVEL), SORT.SEQ,'X')",,From Ilev. Seq.,2R,M,FROM.TANKS,From inventory level sort sequence,,,
FROM.ILEVEL,I,,"SUBR('!SUBSTRINGS',MFBLEND,1,1)",,From Ilevels,1L,M,FROM.TANKS,From blends inventory level,,,
FROM.VOL.TOT,I,,MFVOL.TOT - MFVOLA.TOT,MD10P,From Volume Total,10R,S,,Total volume transferred from FROM tanks,,,
FRTTBL,I,,"TRANS(MTANK,MFTANK,TTABLE,'X')",,DIP TABLE,8L,M,FROM.TANKS,From Tank Size Dip Table,,,
FT.BL.GEN,I,,"SUBR(""*PZZI211"",'SUBSTR<',MFBLEND,5,3,9)",,From Blend Generic,3L,M,FROM.TANKS,From tank blend generic,,,
FT.BL.SRC,I,,"SUBR(""*PZZI211"",'SUBSTR>',MFBLEND,8,3,10)",,From Blend Source,3L,M,FROM.TANKS,From tank blend source,,,
FT.BL.VAR,I,,"SUBR(""*PZZI211"",'SUBSTR>',MFBLEND,5,3,10)",,From Blend Variety,3L,M,FROM.TANKS,From tank blend variety,,,
FT.VAL.LTR,I,,"SUBR(SUBR.PENBW:'PBWI1184',RAISE(BWOP$REC),MFTANK,MFBLEND,'F')",MD40P,From Val/ Litre,7R,M,FROM.TANKS,From tank value per litre,,,
FTANK,I,,"TRANS(BWALLOC.OPSMOVE,MCNOTE,'FTANK','X')",,Alloc From Tank,6L,M,ALLOC.FTANK,Alloc From tank numbers,,,
FTB4.STD.TOT.CST,I,,"RAISE(TRANS(BW.STD.CST.OPS,MCNOTE,FTB4.STD.TOT.CST,'X'))",MD40P,From Tank Standard Total Cost,7R,M,FROM.TANKS,From tank standard total cost per litre before the operation,,,
FTB4.STD.VAR.CST,I,,"RAISE(TRANS(BW.STD.CST.OPS,MCNOTE,FTB4.STD.VAR.CST,'X'))",MD40P,From Tank Standard Variable Cost,7R,M,FROM.TANKS,From tank standard variable cost per litre before the operation,,,
FTVOLM.TOT,I,,SUM(FTVOLM),MD00P,Total Vol Moved Out,10R,S,,Total volume moved out of from tanks,,,
FVARSRC,I,,"SUBR(""*PZZI211"",'SUBSTR',MFBLEND,5,6,'')",,From blend variety & source,6L,M,FROM.TANKS,Variety and source concatenated together,,,
GAIN.LOSS,I,,MTVOLA - MTVOL;IF MOPCD = 'STMN' THEN MTRLITRES ELSE @;MFVOL - MFVOLA;SUM(@2)-SUM(@),MD00P,GAIN/LOSS,9R,S,,Volume moved in,,,
GENERIC.CODE,I,,"SUBR(""*FIND.OPSMOVE.GENERIC.CODE"",@ID)",,GEN CODE,3L,S,,Generic Code of chit,,,
GL.DESC,I,,"TRANS(GL.REASONS,GL.CODE,DESC,'X')",,,30L,M,GL.DETS,Gain/Loss code description,,,
GL.DESCP,I,,"SUBR(""*PBWZ403"",MFTANK,MTTANK);TRANS(MOPS,MOPCD,ODESCP,'X');IF @1 = 1 THEN 'S/W - ':@2 ELSE 'B/W - ':@2",,DESCRIPTION,36L,S,,Look up of op description from ops master,,,
GL.PCT,I,,MFVOL - MFVOLA;SUM(@) ;IF MOPCD MATCHES OP.OFF.TRK THEN MTRLITRES ELSE @;SUM(@);MTVOLA - MTVOL; IF MOPCD MATCHES OPT.TRK.BOT THEN MTRLITRES ELSE @;SUM(@);TOTAL(@4);TOTAL(@7);IF @8+0 # 0 THEN (@9/@8)*100 ELSE 100,MD10P,G/L %,6R,S,,Volume moved out,,,
GL.REASON.CHECK,I,,"SUBR(""*PZZI211"",""CC"",GL.REASON,'','','')",,GL.REASON.ERR,1L,S,,Check if invalid characters in GL.REASON,,,
GRDOCKET.TONNAGE,I,,"TRANS(GRDOCKET,@ID,TOTALQTY,'X')",MD10P,GRDOCKET TONNAGE,9R,,,GRDOCKET TOTAL TONNAGE,,,
GRP.CODE,I,,"@ID[1,3]",,GRP CODE,5L,S,,Work Group from OPSMOVE id,,,
GRPYR,I,,"@ID[1,5]",,GROUP YEAR,5L,S,,Group Code:Year,,,
IGV.TANK,I,,"SUBR('!CATS',REUSE(MOPCD:'*'),MTTANK)",,,10L,M,,,,,
LALS.GL,I,,SUM(MTLALS) - SUM(MFLALS),MD10P,L/G LALS,8R,S,,Loss/Gain LALS,,,
LALSGL.20,I,,SUM(MTLALS20)-SUM(MFLALS20),,LALS GL @20,12R,S,,LALS GL @ 20,,,
LEN.MATIME,I,,LEN(MATIME),,LEN MATIME,2R,,,,,,
LIND,I,,"TRANS(CHEM,MTCHEMNO,'LIND','X')",,L,1R,M,TO.TANKS,"Linked Indicator, null=linked / 1=unlinked / 2=unlinked after linked readings entered",,,
LINE.ITEM,I,,"TRANS(PODETAIL,SEL.PODETAIL.ID,'LINE.ITEM','X')",,Line Item,5R,M,PURWINE,Line item from SAP,,,
LITRE.YIELD,I,,MOVEMENT.TO / TONNAGE,MD10P,YEILD LIT/TON,6R,S,,,,,
LOCAL,I,,"TRANS(OPSMOVE,@ID,@ID,'X')",,LOCAL,10L,S,,,,,
LOGNAME,I,,"TRANS(SHORTIDS,SHORTID,'LOGNAME','X')",,@LOGNAME,10L,S,,,,,
LOT.TRACED,I,,"TRANS(MADD,MADDCD,'LOT.TRACED','X')",,Lot Trace,1L,M,ADD.QTY.UOM,'Y' if the additive is lot traced,,,
MACTIV.DESC,I,,IF MACTIV = 'R' THEN 'REQUESTED' ELSE 'COMPLETED',,CHIT STATUS DESCRIPTION,9L,S,,Chit status description,,,
MADDCD.DESC,I,,"TRANS(MADD,MADDCD,DESC,'X')",,,30L,M,ADD.QTY.UOM,Additive code description,,,
MADESCP.CNT,I,,"DCOUNT(MADESCP,@VM)",,Inst. Count,2R,M,MADESCP,Number of Instructions,,,
MAMTH2,I,,"OCONV(MADATE,'D2/')[4,2]",,MA Month,2R,S,,2 DIGIT MA MONTH,,,
MAN.BY.ACCT,I,,"TRANS(WINERY.LOCATION,WINERY.LOCATION,MAN.BY.ACCT,'X')",,Man By Acct,4L,S,,Managed by account,,,
MAYEAR,I,,"OCONV(MADATE,'D2/')[2]",,YEAR,2R,S,,Year actual action started,,,
MAYEAR4,I,,"OCONV(MADATE,'D4/')[4]",,MA Year,4R,S,,4 DIGIT MA YEAR,,,
MBTYPECODE,I,,"FIELD(MFBLEND,@VM,1);TRANS(MBLEND,@1,BTYPECODE,'X')",,BLEND TYPE,5T,S,,Blend type group code,,,
MCOMMENT10,I,,"MCOMMENT[1,10]",,COMMENT,10L,S,,,,,
MCUSTL,I,,MCUST,,CUST,40L,S,,LONGER MCUST,,,
MF.CORRLIT,I,,"SUBR(""*PBWZ383"",MFVOLA,MFTEMP,MFSTR)",MD20P,FROM TANK CORR LIT,10R,S,,MFVOL corrected to 20 degrees,,,
MF.MOPCD,I,,"TRANS(OPSMOVE,MFCNOTE,MOPCD,'X')",,FROM OPCODE,4T,M,FROM.TANKS,Look up from tank previous chit opcode,,,
MF.ODESCP,I,,"TRANS(MOPS,MF.MOPCD,ODESCP,'X')",,DESCRIPTION,30T,M,FROM.TANKS,Look up of op description from ops master,,,
MFBATCH.1CHAR,I,,"MFBATCH ;@[1,1]",,FROM BATCH,1L,S,,From Batch/Group Number - 1st character,,,
MFBATCH.DESC,I,,"TRANS(MBATCH,MFBATCH,BATCH.DESC,'X')",,FROM Batch Description,30L,M,FROM.TANKS,FROM tank Batch description,,,
MFBLEND.DESC,I,,"TRANS(MBLEND,MFBLEND,BLENDESCP,'X')",,Blend Description,30L,M,,From Tank Blend Description,,,
MFBLENDESC,I,,"TRANS(MBLEND,MFBLEND,BLENDESCP,'X')",,From Blend,30L,M,FROM.TANKS,From Blend description,,,
MFLALS20,I,,(MF.CORRLIT*MFSTR)/100,,From LALs @ 20oC,12R,M,FROM.TANKS,CALCULATED LALS USING MF.CORRLIT AND MFSTR,,,
MFLALUSED.VAL,I,,MFLALUSED * FTB4.STD.TOT.CST,MD20P,LALS USED VALUE,10R,M,FROM.TANKS,MFLALUSED * FTB4.STD.TOT.CST,,,
MFPROD.STATUS,I,,"TRANS(ITEM.MSTR,MFPRODS,STATUS.CODE,'X')",,FROM STATUS,6R,M,,From Tank Financial Product Status Code,,,
MFPRODS,I,,MFBLEND,,FROM TANK PROD #,8L,M,,From Tank Financial Product Number Against The From Blend Code,,,
MFSTATUS.DESC,I,,"TRANS(WINE.STATUS,MFSTATUS,DESC,'X')",,,30L,S,,From Tank status code description,,,
MFSTYLE,I,,"MFBLEND[4,1]",,FROM STYLE,1L,M,,,,,
MFTANK.2,I,,"MFTANK[1,2]",,F/T,2T,S,,,,,
MFTANK.CNT,I,,"DCOUNT(MFTANK,@VM)",,Tank Count,2R,M,MFTANK,Number of From Tanks,,,
MFTANK.F,I,,"SUBR('*PZZI211','SUBSTI',MFTANK,'SW*':@VM:'*PURCH','SW*':@VM:'PUR*','1,3')",,From Tank,10L,M,FROM.TANKS,Formatted From Tank Used by PBWR511 - don't change,,,
MFTANKUSE,I,,"TRANS(MTANK,MFTANK,TANK.USE,'X')",,USE,1R,S,,TANK USE FOR MFTANK,,,
MFTPFIX,I,,"SUBR('*PZZI211','SUBSTR', MFTANK,1,1, '')",,From Tank Prefix,1L,M,FROM.TANKS,From tank Prefixes,,,
MFTPFIX2,I,,"SUBR('*PZZI211','SUBSTR', MFTANK,1,2, '')",,From Tank Prefix 2 chars,2L,M,,From tank Prefixesof 2 chars,,,
MFVINTAGE,I,,"MFBLEND[2,2]",,VINT YEAR,2L,S,,Vintage Year,,,
MFVOL.TOT,I,,SUM(MFVOL),,TOTAL FROM TANK B4 VOL,8R,S,,,,,
MFVOLA.I,I,,MFVOLA+0,MD10P,From Tank After Vol,8R,M,FROM.TANKS,MFVOLA + 0,,,
MFVOLA.TOT,I,,SUM(MFVOLA),MD10P,TOTAL TO TANKS VOLUMES,10R,S,,,,,
MFVOLA0,I,,MFVOLA+0,MD10P,MFVOLA,10R,M,FROM.TANKS,,,,
MFVOLAFT,I,,"SUBR('!ADDS',MFVOLA,REUSE('0'))",,FROM TANK VOL AFT,8R,M,FROM.TANKS,From Tank Volume of After Dip,,,
MFVOLMOV,I,,"SUBR('*PZZI211','MSM',MFVOL,MFVOLA,'','')",MD10P,Volume Moved Out of Tank,10R,M,FROM.TANKS,Volume moved out of FROM tank,,,
MFVYR,I,,"SUBR('!SUBSTRINGS',MFBLEND,2,2)",,From Blend Vintage Year,2L,M,FROM.TANKS,From tank blends vintage year,,,
MONTH2,I,,"OCONV(MADATE,'DYM')[6,2]",,Actual Month,2R,S,,Month Number MADATE,,,
MOPCD.DESC,I,,"TRANS(MOPS,MOPCD,ODESCP,'X')",,Operation Description,30L,S,,,,,
MOPCD.PMDREQ,I,,"MOPCD ; IF @ THEN @ ELSE TRANS(CHIT,@ID,MOPCD,'X')",,OPERATION CODE,14L,S,,Operation identification code,,,
MOPS.OASTAT,I,,"TRANS(MOPS,MOPCD,OASTAT,'X')",,AFT STATUS,6R,M,,MOPS after status,,,
MOPS.OASTAT1,I,,"FIELD(TRANS(MOPS,MOPCD,OASTAT,'X'),@SM,1)",,AFT STATUS 1,6R,M,,MOPS after status field 1,,,
MOPS.OBSTAT,I,,"TRANS(MOPS,MOPCD,OBSTAT,'X')",,B4 STATUS,6R,M,,MOPS before status,,,
MOVE.CHIT.TYPE,I,,IF TYPE.CODE = 2 THEN 'DESP' ELSE IF UPDATE.CODE = 3 THEN 'RCPT' ELSE '',,MOVE TYPE,4L,S,,MOVE chit type (despatch or receipt),,,
MOVE.IFACE.NO.DESC,I,,IF MOVE.IFACE.NO = 1 THEN 'Created by grange' ELSE IF MOVE.IFACE.NO = 2 THEN 'Created by MOVE' ELSE IF MOVE.IFACE.NO = 3 THEN 'Updated by MOVE' ELSE IF MOVE.IFACE.NO = 4 THEN 'Completed in MOVE' ELSE '',,MOVE I/Face Desc,18L,S,,MOVE interface number description,,,
MOVE.LITRES,I,,"IF MADDCD[4] = 'NOTE' THEN FIELD(D.R.LITR.NOTE,@VM,1,COUNT(D.R.LITR.NOTE,@VM)) ELSE D.R.LITR.NOTE;SUM(@1)",MD10P,MOVE Litres,10R,S,,,,,
MOVE.MTRBLEND,I,,"MTRBLEND<1,1>",,MOVE Blend,12L,S,,Truck blend for project MOVE use. (First 1 ),,,
MOVE.MTRUCKNO,I,,"SUBR('*CONVERTS',MTRUCKNO,@VM,'~');@1[1,13]",,MOVE Trucks,13L,S,,Trucks for project MOVE use. (First 2),,,
MOVE.TANKS,I,,"IF MFTANK # '' THEN MFTANK ELSE MTTANK;SUBR('*CONVERTS',@1,@VM,'~');@2[1,17]",,MOVE Tanks,17L,S,,"Tanks, either From or To for project MOVE use. (First 3)",,,
MOVE.TYPE.CODE,I,,"RAISE(TRANS(CONTROL,'WINERY.CATEGORY',1, 'X')); RAISE(TRANS(CONTROL,'WINERY.CATEGORY',4, 'X')); SUBR('*PZZI211','LOCPOS',WINERY.CAT.CODE,@1,'',''); @2<1,@3>; IF WINERY.CAT.CODE # '' THEN @4 ELSE ' '",,Movement Type Code,2L,S,,Movement Type Code,,,
MOVE.TYPE.DESC,I,,"RAISE(TRANS(CONTROL,'WINERY.CATEGORY',1, 'X')); RAISE(TRANS(CONTROL,'WINERY.CATEGORY',5, 'X')); SUBR('*PZZI211','LOCPOS',WINERY.CAT.CODE,@1,'',''); @2<1,@3>; IF WINERY.CAT.CODE # '' THEN @4 ELSE ' '",,Movement Type Description,25L,S,,Movement Type Description,,,
MOVE.TYPE.SDESC,I,,"RAISE(TRANS(CONTROL,'WINERY.CATEGORY',1, 'X')); RAISE(TRANS(CONTROL,'WINERY.CATEGORY',6, 'X')); SUBR('*PZZI211','LOCPOS',WINERY.CAT.CODE,@1,'',''); @2<1,@3>; IF WINERY.CAT.CODE # '' THEN @4 ELSE ' '",,Movement Type Short Desc,10L,S,,Movement Type Short Description,,,
MOVEMENT,I,,MTVOLA.TOT - MFVOLA.TOT,MD10P,MOVEMENT VOLUME,10R,S,,,,,
MOVEMENT.FROM,I,,MFVOLA.TOT - MFVOL.TOT,MD10P,FROM MOVEMENT VOLUME,10R,S,,,,,
MOVEMENT.TO,I,,MTVOLA.TOT - MTVOL.TOT,MD10P,TO MOVEMENT VOLUME,10R,S,,,,,
MRDATE.PMDREQ,I,,"MRDATE ; IF @ THEN @ ELSE TRANS(CHIT,@ID,MRDATE,'X') ; IF @2 THEN @2 ELSE TRANS(CHIT,@ID,MADATE,'X')",D2/,REQUIRED DATE,8R,S,,Date request made for operations,,,
MT.MOPCD,I,,"TRANS(OPSMOVE,MTCNOTE,MOPCD,'X')",,TO OPCODE,4T,M,TO.TANKS,Look up to tank next chit opcode,,,
MT.ODESCP,I,,"TRANS(MOPS,MT.MOPCD,ODESCP,'X')",,DESCRIPTION,30T,M,TO.TANKS,Look up of op description from ops master,,,
MTBATCH.DESC,I,,"TRANS(MBATCH,MTBATCH,BATCH.DESC,'X')",,Blend Description,12L,M,MTTANK,Move To Tank Blend description,,,
MTBATCH.DESCL,I,,"TRANS(MBATCH,MTBATCH,BATCH.DESC,'X')",,Batch Description,30L,M,MTTANK,Move To Tank Blend description Longer,,,
MTBLEND.DESC,I,,"TRANS(MBLEND,MTBLEND,BLENDESCP,'X')",,Blend Description,12L,M,MTTANK,Move To Tank Blend description,,,
MTBLENDESC,I,,"TRANS(MBLEND,MTBLEND,BLENDESCP,'X')",,To Blend,30L,M,TO.TANKS,To Blend description,,,
MTBOTBLEND.DESC,I,,"TRANS(MBLEND,MTBOTBLEND,BLENDESCP,'X')",,Bottled Blend Description,30L,M,BOTTLING,,,,
MTBOTPROD.DESC,I,,"SUBR('!CATS',SUBR('!SUBSTRINGS',TRANS(ITEM.MSTR,MTBOTPROD,PRODNAME,'X'),1,22),' ') ; SUBR('!CATS',@,TRANS(ITEM.MSTR,MTBOTPROD,SDESC,'X'))",,PRODUCT BOTTLED,30L,M,BOTTLING,Financial Product Code Bottled,,,
MTBOTPROD.UNIQUE,I,,"SUBR(""*PZZI211"",'UNIQUE',MTBOTPROD,MTBOTPROD,'','')",,Unique PRODUCT BOTTLED,7L,M,UNIQUE.BOTT LING,Unique bottled product codes,,,
MTHYD2,I,,MTHYD,,Aft Hyd,7R,M,TO.TANKS,MTHYD WITH A DIFFERENT HEADING,,,
MTLALS20,I,,MTLALS.20,,Aft LALs @20,12R,M,TO.TANKS,LONGER VERSION OF MTLALS20,,,
MTOBS2,I,,MTOBS,,Aft Obs,7R,M,TO.TANKS,MTOBS WITH A DIFFERENT HEADING,,,
MTPROD.STATUS,I,,"TRANS(ITEM.MSTR,MTPRODS,STATUS.CODE,'X')",,TO STATUS,6R,M,,To Tank Financial Product Status Code,,,
MTPRODS,I,,MTBLEND,,TO TANK PROD #,8L,M,,To Tank Financial Product Number Against The To Blend Code,,,
MTRANSIN,I,,"SUBR(""*SPPM080"",MCNOTE,""IN"")",MD10P,TRANSFER IN VOL,6R,S,,Group transfer in volume,,,
MTRANSOUT,I,,"SUBR(""*SPPM080"",MCNOTE,""OUT"")",MD10P,TRANFER OUT VOL,6R,S,,Transfer out volume,,,
MTRANSVOL,I,,"SUBR(""*SPPM080"",MCNOTE,""VOL"")",MD10P,VOLUME MOVED,6R,S,,Volume moved in c/note,,,
MTRBLEND.NON.DUP,I,,"SUBR(SUBR.PENBW:'PZZI211','NON-DUPLICATE',MTRBLEND1,MTRBLEND,'','')",,Different Blend,12T,S,,Test for different truck blend,,,
MTRBLEND1,I,,"FIELD(MTRBLEND,@VM,1)",,First Truck blend,12T,S,,Fisrt value of MTRBLEND,,,
MTRBLENDESC,I,,"TRANS(MBLEND,MTRBLEND,BLENDESCP,'X')",,Truck Blend,30L,M,TRUCK.NOS,Truck Blend description,,,
MTRPROD.STATUS,I,,"TRANS(ITEM.MSTR,MTRPRODS,STATUS.CODE,'X')",,TRUCK STATUS,6R,M,,Truck Tank Financial Product Status Code,,,
MTRPRODS,I,,MTRBLEND,,TRUCK PROD #,8L,M,,Truck Tank Financial Product Number Against The Truck Blend Code,,,
MTRSCOST,I,,"TRANS(ITEM.MSTR,MTRBLEND,SCOST.TOT,'X')",MD40P,Truck Standard Cost Total,10R,M,TRUCK.NOS,Truck blend Standard Cost - Total,,,
MTRSCOST.NOUSE,I,,"TRANS(ITEM.MSTR,MTRBLEND,SCOST.TOT,'X')",MD40P,Truck Standard Cost Total,10R,M,TRUCK.NOS,Truck blend Standard Cost - Total,,,
MTRTOTLT,I,,SUM(MTRLITRES),,TOTAL TRUCK LITRES,9R,S,,Total Truck Litres for Stock Movement Note,,,
MTRUCKNO.CNT,I,,"DCOUNT(MTRUCKNO,@VM)",,Truck Count,2R,M,MTRUCKNO,Number of Trucks,,,
MTRUCKNO.MOVE,I,,"SUBR('!FIELDS',MTRUCKNO,'*',1,1)",,TRUCK NOS,6L,M,TRUCK.NOS,Truck Numbers for Stock Movement Notes as sent to MOVE (drops compartment numbers or from tank when filled from multiple),,,
MTSTYLE,I,,"SUBR('!SUBSTRINGS',MTBLEND,4,1)",,TO STYLE,1L,M,TO.TANKS,,,,
MTTANK.CNT,I,,"DCOUNT(MTTANK,@VM)",,Tank Count,2R,M,MTTANK,Number of To Tanks,,,
MTTANK.F,I,,"SUBR('*PZZI211','SUBSTI',MTTANK,'SW*':@VM:'*PURCH','SW*':@VM:'PUR*','1,3')",,To Tank,8L,M,TO.TANKS,Formatted To Tank Used by PBWR511 - don't change,,,
MTTANKUSE,I,,"TRANS(MTANK,MTTANK,TANK.USE,'X')",,USE,1R,S,,TANK USE FOR MTTANK,,,
MTTPFIX,I,,"SUBR('*PZZI211','SUBSTR', MTTANK,1,1, '')",,To Tank Prefix,1L,M,TO.TANKS,To tank Prefixes,,,
MTVINTAGE,I,,"MTBLEND[2,2]",,VINT YEAR,2L,S,,Vintage Year,,,
MTVOL.TOT,I,,SUM(MTVOL),,TOTAL TO TANK B4 VOL,8R,S,,,,,
MTVOL0,I,,MTVOL+0,MD10P,To Tank Vol Before,10R,M,TO.TANKS,,,,
MTVOLA.I,I,,MTVOLA+0,MD10P,To Tank After Vol,8R,M,TO.TANKS,MTVOLA + 0,,,
MTVOLA.TOT,I,,SUM(MTVOLA),,TOTAL TO TANK AFT VOL,8R,S,,,,,
MTVOLMOV,I,,"SUBR('*PZZI211','MSM',MTVOLA,MTVOL,'','')",MD10P,Volume Moved Into Tank,10R,M,TO.TANKS,Volume moved into TO tank,,,
MTVYR,I,,"SUBR('!SUBSTRINGS',MTBLEND,2,2)",,To Blend Vintage Year,2L,M,TO.TANKS,To tank blends vintage year,,,
NAME,I,,"TRANS(DEF.SYS.USERS,UPCASE(USERID),'NAME','X')",,Name,23L,,,User name,,,
NEXT.MADATE,I,,"TRANS(OPSMOVE,MTCNOTE,MADATE,'X')",D2/,Next MAdate,8R,M,TO.TANKS,Next chits MADATE,,,
NEXT.MATIME,I,,"TRANS(OPSMOVE,MTCNOTE,MATIME,'X')",MTS,Next MAtime,10R,M,TO.TANKS,Next chits MATIME,,,
NO.DAYS,I,,"SUBR('*PBWI831',@ID)",,No Days,4R,S,,No of days from filtration process to bottling,,,
NO.DAYS.FERM,I,,"SUBR('*PBWI834',@ID)",,No Days Ferment,4R,S,,No of days from juice drain off to ferment,,,
NO.RECS,I,,1,,NO.,6R,S,,,,,
NOT.TIRAGE,I,,"SUBR(""*PBWZ548"",MOPCD)",,NOT TIRAGE FLAG,1L,S,,Flag indicating if an operation is not a tirage operation,,,
NUM.GL.CODE,I,,"DCOUNT(GL.CODE ,@VM)",,NUM GL CODE,4R,S,,,,,
NUM.ID,I,,IF NUM(@ID) THEN @ID ELSE '',,C/NOTE,6R,S,,,,,
NUM.INSTRUCTIONS,I,,"DCOUNT(MADESCP,@VM)",,# Instructions,4R,M,,,,,
NUM.MTTANKS,I,,"DCOUNT(MTTANK,@VM)",,# To Tanks,4R,M,TO.TANKS,,,,
NUMTRUCKS,I,,"DCOUNT(MTRUCKNO,@VM)",,Number of Trucks,2R,S,,,,,
NXT.MADATE,I,,"TRANS(OPSMOVE,MTCNOTE,MADATE,'X')",D2/,NXT}MADATE,8R,M,TO.TANKS,Completion date of the NEXT chit for this TO tank,,,
NXT.MATIME,I,,"TRANS(OPSMOVE,MTCNOTE,MATIME,'X')",MTS,NXT}MATIME,8R,M,TO.TANKS,Completion time of the NEXT chit for this TO tank,,,
OAKTH,I,,"""""",,Oak Type,10L,S,,OAK TYPE HEADING,,,
ODESCP,I,,"TRANS(MOPS,MOPCD,ODESCP,'X')",,DESCRIPTION,30T,S,,Description of the operation,,,
OFROMT,I,,"TRANS(MOPS,MOPCD,'OFROMT','X')",,FROM TANK,1T,S,,From tanks required (Y/N),,,
ON.OPSUM,I,,"TRANS(ON.OPSUM,@ID,@ID,'X')",,ON OPSUM,13L,,,,,,
OP.NO.CD.DT.TM,I,,"FMT(MCNOTE,'L#14'):FMT(MOPCD,'L#6'):@VM:OCONV(MADATE,'D4/'):FMT( OCONV( MATIME,'MTS'),'R#10')",,Operation No Code Date         Time,20L,M,OP.DATA,"Operation number, code, date and time Used by PBWR511 - don't change",,,
OP.OFF.TRK,I,,OPT.PURC:@VM:OPU.MOVE,,Opcode for FROM Truck,4L,M,OP.OFF.TRK,All operation codes where FROM volume is in truck,,,
OP.TYPE.EXL.REC,I,,"RAISE(TRANS(CONTROL,'OP.TYPE.EXL.REC',1,'X'))",,,2R,M,TYPES,Operation types excluded from recoveries reports,,,
OPID,I,,"MCNOTE[1,3]",,OPID,3L,M,,First three characters of the chit number,,,
OPRNAME,I,,"TRANS(BWOPS.PRODMEAS,MCNOTE,'OPRNAME','X')",,Operator Names,20L,M,OPERATOR,"Operators Names, of Operators who worked on the Operation",,,
OPS.NO,I,,"@ID[6,4]",,OPS NO,5L,S,,Opsmove id no,,,
OPS.SYSTEM,I,,"RAISE( TRANS(CONTROL,'OPS.SYSTEM',4,'X'))",,System OP Codes,4L,M,OPCODES,All system (costing) operation codes,,,
OPSM.ID,I,,"TRANS(OPSMOVE,@ID,'@ID','X')",,,12L,S,,,,,
OPSUM.ID,I,,"TRANS(OPSUM.RECON,@ID,'@ID','X')",,OPSUM ID,13L,S,,,,,
OPT.DESP,I,,"RAISE( TRANS(CONTROL,'OPT.DESP',OPCODES,'X') )",,Despatch OP Codes,4L,M,OPCODES,All despatch operation codes,,,
OPT.PURC,I,,"RAISE( TRANS(CONTROL,'OPT.PURC',OPCODES,'X') )",,Purchase OP Codes,4L,M,OPCODES,All purchase operation codes,,,
OPT.TDI,I,,"RAISE( TRANS(CONTROL,'OPT.TDI',OPCODES,'X') )",,Disgorging OP Codes,4L,M,OPCODES,All tirage disgorging operation codes,,,
OPT.TRK.BOT,I,,OPT.DESP:@VM:OPT.TDI:@VM:OPT.TTB,,Truck or Bot OPcodes,4L,M,OPT.TRK.BOT,All operation codes where TO volume is in truck or bottle,,,
OPT.TTB,I,,"RAISE( TRANS(CONTROL,'OPT.TTB',OPCODES,'X') )",,Tirage tank to bot OP Codes,4L,M,OPCODES,All tirage tank to bottle codes,,,
OPU.CRUSH,I,,"TRANS(CONTROL,'OPU.CRUSH',OPCODES,'X')",,Crushnote OP Codes,4L,M,OPCODES,All crushnote operation codes,,,
OPU.MOVE,I,,"RAISE( TRANS(CONTROL,'OPU.MOVE',OPCODES,'X') )",,Stock movement OP Codes,4L,M,OPCODES,All stock movement operation codes,,,
OPU.SURV,I,,"TRANS(CONTROL,'OPU.SURV',OPCODES,'X')",,Survey OP Codes,4L,M,OPCODES,All survey operation codes,,,
ORD.QTY,I,,"TRANS(PODETAIL,SEL.PODETAIL.ID,'ORD.QTY','X')",,Order Quantity,14R,M,PURWINE,Order Quantity,,,
OTOT,I,,"TRANS(MOPS,MOPCD,'OTOT','X')",,TO TANK,1T,S,,To tanks required (Y/N),,,
OTYPE,I,,"TRANS(MOPS,MOPCD,'OTYPE','X')",,OP TYPE,1T,S,,"Type of operations or addition , O - Operations, A - Additions(including comments)",,,
PBWU912.INCL,I,,IF UPD.BY.PROG = 'PBWM381' AND WM.WOOD.FLAG = 'I' THEN 'Y' ELSE IF UPD.BY.PROG = 'PBWM016' 'PBWM018' 'PBWM452' THEN 'Y' ELSE 'N',,PBWU912 Include Flag,1L,S,,,,,
PCT.GL,I,,MTVOLA - MTVOL;IF MOPCD = 'STMN' THEN MTRLITRES ELSE @;SUM(@);MFVOL - MFVOLA;SUM(@);TOTAL(@3-@5);TOTAL(@5);IF @5 THEN @6*100/@7 ELSE 0,MD10P,% G/L,6R,S,,% gain or loss,,,
PMCHITID,I,,"FIELD(@ID,'-',1)",,Prod Meas Chit ID,10L,S,,Chit ID used to access production measurement inputs (no -n),,,
PMDREQ.TYPE.LIST,I,,"MOPCD ; IF @1 THEN @1 ELSE TRANS(CHIT,@ID,MOPCD,'X') ; TRANS(MOPS,@2,PRODMEAS.TYPE,'X') ; CONVERT(@SM,' ',@3)",,P.M.Types,30L,S,,"The PRODMEAS.TYPE field, with value markers replaced by spaces",,,
PO.NO,I,,IF MPONOS THEN MPONOS ELSE MHCOMMENT,,PO Number,15R,S,,Purchase Order Number,,,
PO.WARN,I,,IF UNCOSTED.RECV + TOTAL.MTRLITRES > ORD.QTY THEN 'This receipt will go over the ordered litres' ELSE ''; IF UNCOSTED.RECV THEN @1 ELSE '',,,50L,,,,,,
PODET.WINCAT,I,,"TRANS(WINERY.LOCATION,PODET.WINLOC,'WINERY.CAT.CODE','X')",,PO Line Winery Category Code,2L,S,,Winery Category Code for PO line item winery location,,,
PODET.WINLOC,I,,"TRANS(PODETAIL,POTRANS.ID,WINERY.LOCATION,'X')",,PO Line Win Loc,2L,S,,Winery location PO line item was purchased into,,,
PODETAIL.ID,I,,"SUBR('*PODETAIL.ID',MPONOS,MTRBLEND<1,1>)",,PODETAIL ID,3R,S,,PODETAIL ID,,,
PRIMARY.SITE.DESC,I,,"TRANS(WINERY.LOCATION,WINERY.LOCATION,'PRIMARY.SITE.DESC','X')",,Primary Site Description,30L,S,,Primary Site Description,,,
PRIMARY.SITE.ID,I,,"TRANS(WINERY.LOCATION,WINERY.LOCATION,'PRIMARY.SITE.ID','X')",,Primary Site ID,2L,S,,Primary Site ID,,,
PRODMEAS.TYPE,I,,"TRANS(MOPS,MOPCD,PRODMEAS.TYPE,'X')",,Prod Meas,14L,M,,The Production Measurement Data Type Code(s),,,
PRODMEAS.TYPE.LIST,I,,"CONVERT(@SM,' ',PRODMEAS.TYPE)",,P.M.Types,30L,S,,"The PRODMEAS.TYPE field, with value markers replaced by spaces",,,
PRODMEAS.TYPE.PMDREQ,I,,"TRANS(MOPS,MOPCD.PMDREQ,PRODMEAS.TYPE,'X')",,Prod Meas,14L,M,,The Production Measurement Data Type Code(s),,,
PRODNO.ST,I,,MTBLEND,,FIN PROD NUMBER,14L,S,,Use with single value to blends for stk take ops (BSTK ops codes),,,
PURBLENDDESC,I,,"TRANS(MBLEND,UPDATED.ITEMNOS,'BLENDESCP','X')",,BLEND DESCRIPTION,30L,M,PURWINE,Purchased blend description,,,
PURCH.BWALLOC.GL,I,,"TRANS(BWALLOC,MTTANK,GRADE.LEVEL,'X')",,GL,2L,M,TO.TANK,Purchasing To Tank BWALLOC GL values,,,
PURCHASE.COST,I,,UNIT.COST*VOL.MOVED,MD20P,Purchase Cost,14R,S,,Purchase Cost,,,
PURVAL,I,,MPLIT*MTVOLA,MD20P,Purchased Wine Value,10R,S,,$ value of litres purchased note MTVOLA is single valued on a purchase,,,
R.VOL,I,,"TRANS(OPSUM.RECON,@ID,'R.VOL','X')",MD10P,R.VOL,S,,,,,,
REC.QTY,I,,"TRANS(PODETAIL,SEL.PODETAIL.ID,'REC.QTY','X')",,Received Qty,14R,M,PURWINE,Received Quantity,,,
RECEIPT.CHIT,I,,IF MOPCD MATCHES OPU.MOVE THEN 'Y' ELSE 'N',,Receipt Chit,1L,S,,To identify RECEIPT chits,,,
RLTD.D.R.NOTE,I,,D.R.LITR.NOTE[10],,Related Note Number,10L,S,,Related despatch or receipt note number,,,
RUNOFFD,I,,""" """,,Run Off Date,10L,S,,RUN OFF DATE HEADING,,,
SALE.WH,I,,"FIELD(MCOMMENT,' ',1)",,Sale WH,2L,S,,The warehouse of a sale chit,,,
SAP.ACCT,I,,SUBR(SUBR.PENBW:'PBWZ1037'),,SAP Acct,1L,S,,This bulk wine account interfaces to SAP,,,
SCOST.TOT,I,,"TRANS(ITEM.MSTR,MTRBLEND,SCOST.TOT,'X')",MD40P,STANDARD COST TOTAL,10R,M,TRUCK.NOS,Standard Cost - Total,,,
SCOST.TOT.ST,I,,"FIELD(SUBR(SUBR.PENBW:'PBWZ787','CHIT.TO',@ID,'','','','','','','' ),@SM,2)",MD40P,Standard Total Cost,10R,S,,Get standard total cost for stktake,,,
SCOST.TOT.ST.OLD,I,,"TRANS(ITEM.MSTR,PRODNO.ST,SCOST.TOT,'X')",MD40P,Standard Total Cost,10R,M,,Get standard total cost for stktake,,,
SCOST.VAL.ST,I,,MGAINLOSS * SCOST.TOT.ST,MD20P,Std Total Loss/Gain Value,12R,S,,Standard Total Value LOSS/GAIN value for stktakes,,,
SCOST.VAL.ST.OLD,I,,MGAINLOSS * SCOST.TOT.ST,MD20P,Std Total Loss/Gain Value,12R,M,,Standard Total Value LOSS/GAIN value for stktakes,,,
SCR.FT.CNT,I,,"'[':DCOUNT(MFTANK,@VM):']'",,,6L,S,,Count of number of from tanks used on DEFINE screens,,,
SCR.TT.CNT,I,,"'[':DCOUNT(MTTANK,@VM):']'",,,6L,S,,Count of number of TO tanks used on DEFINE screens,,,
SCR.V.CNT,I,,"'[':DCOUNT(MVAR,@VM):']'",,,6L,S,,Count of number of varieties in composition used on DEFINE screens,,,
SEQ,I,,"TRANS(BWRS.PARMS,WINERY.LOCATION:'*':MTBLEND<1,1>[1,1]:'*',22,'X');TRANS(BWRS.PARMS, WINERY.LOCATION:'*':MTRBLEND<1,1>[1,1]:'*',22,'X');MFBLEND<1,1>;IF @1 # '' THEN @1 ELSE IF @2 # '' THEN @2 ELSE IF @3 = ""MT"" THEN 0 ELSE TRANS(BWRS.PARMS,WINERY.LOCATION:'*':MFBLEND<1,1>[1,1]:'*',22,'X')",,SEQ,3R,S,,,,,
SEQ.OLD,I,,"TRANS(BWRS.PARAMS,MTBLEND[1,1],22,'X'); IF @ # '' THEN @ ELSE TRANS(BWRS.PARAMS,MTRBLEND[1,1],22,'X'); IF @ # '' THEN @ ELSE 0",,SEQ,3R,S,,"Invalid, as BWRS.PARAMS file not in use anymore",,,
SHORTID,I,,"@ID[1,3]",,Short Id,3L,S,,Short id of user,,,
SOLD.COSTS,I,,"TRANS(SOLD.COSTS,@ID,@RECORD,'X')",,SOLD.COSTS record,30L,S,,SOLD.COSTS record,,,
SPI.NO,I,,"IF @ID[1,3]='SPI' THEN 0+FIELD(@ID,'-',1)[5] ELSE 0",,,7R,S,,SPI Spirit based number,,,
START.DATE,I,,"TRANS(BWOPS.PRODMEAS,PMCHITID,START.DATE,'X')",D2/,START DATE,8L,S,,START DATE,,,
STYLE,I,,"MTBLEND<1,1>[4,1];MTRBLEND<1,1>[4,1];MFBLEND<1,1>; IF @1 # '' THEN @1 ELSE IF @2 THEN @2 ELSE IF @3 = ""MT"" THEN """" ELSE MFBLEND<1,1>[4,1]",,STYLE,1L,S,,,,,
STYLE.DESC,I,,"TRANS(BW.STYLE,WINETYPE,'STYLE.DESC','X')",,Style Description,30L,S,,Style description,,,
SUGARH,I,,"""""",,Sugar,10L,S,,SUGAR HEADING,,,
SUM.CHIT.QTY,I,,SUM(CHIT.QTY),,,10R,M,PURWINE,,,,
SUMTRKLTS,I,,SUM(MTRLITRES)+0,MD10P,Total Truck Litres,10R,S,,Sum of truck litres,,,
SW.CHECK,I,,"SUBR(""*PBWZ403"",MFTANK,MTTANK); IF @ = 1 THEN 'S/W' ELSE 'B/W'",,SW.CHECK,10L,S,,Test to see if operation is movement into or out of small wood,,,
T.DIP.VOL,I,,"SUBR(""*PBWZ171"",TOTTBL,MTDIPAFT,""V"")+0",MD10P,To Volume After,9R,M,TO.TANKS,Subroutine call for calculation of Volume from Dip,,,
T.GRADE.LEVEL,I,,"RAISE(TRANS(BWALLOC.OPSMOVE,@ID,TQUALITY,'X'))",,Alloc To GL,2L,M,ALLOC.TTANK,Grade level of the TO tank,,,
T.UNCO,I,,"TRANS(WINERY.LOCATION,DE.TLOCN,'UNCOSTED','X')",,,1L,S,,Y/'' to indicate the winery location is an 'uncosted' location,,,
TA.ADDITIVE,I,,"'ACT':';':CONVERT(@VM,';',MFTANK); TRIM(SUBR(""*PBWI823"",@))",,From tank Acid,5R,M,,LIST OF SELECTED ADDITIVE TO FROM TANKS,,,
TADESCP,I,,"TRANS(MOPS,MADDCD,ODESCP,'X')",,ADDITIVE DESCRIPTION,30T,M,,Lookup of Additive Description from Mops file,,,
TALLOCAFT,I,,"RAISE(TRANS(BWALLOC.OPSMOVE,@ID,TALLOCAFT,'X'))",,To Tank Generic Litres,3L,M,ALLOC.TTANK,generic litres for 'to tanks',,,
TALLOCAFT.FIRST,I,,"RAISE(TRANS(BWALLOC.OPSMOVE,@ID,TALLOCAFT,'X'));SUBR('*FIRST.SV',@1)",,First To Tank Generic Litres,3L,M,ALLOC.TTANK,First generic litres for 'to tanks',,,
TALLOCAFT.FRST.%,I,,"RAISE(TRANS(BWALLOC.OPSMOVE,@ID,TALLOCAFT,'X'));SUBR('*FIRST.SV',@1);SUBR('*SUM.SV', @1);IF @3 THEN          SUBR('!DIVS',@2,@3)*REUSE(100) ELSE ''",MD00P,First To Tank Generic %,3L,M,ALLOC.TTANK,First generic % of total litres for 'to tanks',,,
TANK,I,,"TRANS(TANK.HIST,@ID,TANK,'X')",,Tank,23L,S,,Tank Code,,,
TANK.HIST,I,,"TRANS(TANK.HIST,TANK,TANK,'X')",,TANK,20L,S,,Tank,,,
TANK.ST,I,,IF MFBLEND = '' THEN 'B4 MT' ELSE 'AFT MT' ; IF MFBLEND # '' AND MTVOLA # 0 THEN '' ELSE @1,,Tk St,6L,S,,,,,
TANK.WINERY.ACCT,I,,"IF INDEX(MFTANK,'-',1) OR MFTANK='' THEN '' ELSE MFTANK ; IF MTTANK='' THEN '' ELSE MTTANK ; IF @1 AND @2 THEN @1:@VM:@2 ELSE IF NOT(@1) AND @2 THEN @2 ELSE IF @1 AND NOT(@2) THEN @1 ELSE '' ; TRANS(MTANK,@3,WINERY.LOCATION,'X') ; TRANS(WINERY.LOCATION,@4,WINERY.ACCT,'X'):TRANS(WINERY.LOCATION,@4,MAN.BY.ACCT,'X')",,Winery Account,10L,M,,,,,
TANKS,I,,"SUBR(""!CATS"",REUSE(""FROM TANK ""),MFTANK):@VM:SUBR(""!CATS"",REUSE(""TO TANK ""),MTTANK)",,TANK NOS.,25T,M,TOT.MOVE,Tanks,,,
TAREA,I,,"SUBR(""*PZZI211"",'SUBSTR',MTBLEND,8,3,'')",,TO BLEND AREA,3L,M,TO.TANKS,,,,
TAVGCOST,I,,"TRANS(MASTER.BLEND,MTBLEND,AVGCOST,""X"")",,TO AVG COST,8R,M,,Get the Averae Cost per Litre for the To Blends,,,
TBATCH.DESC,I,,"TRANS(MBATCH,MTBATCH,BATCH.DESC,'X')",,TO TANKS BATCH DESCRIPTON,30L,M,,Batch description for TTTANK,,,
TCOMMENT,I,,"TRANS(MTANK,FIRST.MTTANK,TCOMMENT,'X')",,Comment,20L,S,,User available comment,,,
TEST,I,,@WHO,,@WHO,6R,S,,,,,
TGENERIC,I,,"RAISE(TRANS(BWALLOC.OPSMOVE,@ID,TGENERIC,'X'))",,To Tank Generic,3L,M,ALLOC.TTANK,Generic code for 'to tanks',,,
TGENERIC.FIRST,I,,"RAISE(TRANS(BWALLOC.OPSMOVE,@ID,TGENERIC,'X'));SUBR('*FIRST.SV',@1)",,First To Tank Generic,3L,M,ALLOC.TTANK,First generic code for 'to tanks',,,
TIR.DESP.REC,I,,"TRANS(MOPS,MOPCD,'TIR.DESP.REC','X')",,,1L,S,,'Y' if a Despatch or receipt is a tirage operation,,,
TO.FREIGHT.DESC,I,,"TRANS(WINERY.LOCATION,DE.TLOCN,FREIGHT.AREA,'X'); TRANS(FREIGHT.AREA,@,DESC,'X')",,From Location,20L,S,,From location description,,,
TO.ILEV.SEQ,I,,"TRANS(BWRS.PARMS, SUBR('!CATS',REUSE(@WHO:'*'),TO.ILEVEL), SORT.SEQ,'X')",,To Ilev. Seq.,2R,M,TO.TANKS,To inventory level sort sequence,,,
TO.ILEVEL,I,,"SUBR('!SUBSTRINGS',MTBLEND,1,1)",,To Ilevels,1L,M,TO.TANKS,To blends inventory level,,,
TODESCP,I,,"TRANS(MOPS,MOPCD,ODESCP,'X')",,DESCRIPTION,30T,S,,Look up of op description from ops master,,,
TODESCP.PROD,I,,"TRANS(MOPS,MOPCD,PRODMEAS.TYPE,'X') ; TRANS(MOPS,MOPCD,ODESCP,'X') ; IF @1 THEN @2:' (Production Input Reqd.)' ELSE @2",,DESCRIPTION,30T,S,,Look up of op description from ops master,,,
TODESCP1,I,,"TRANS(MOPS,@ID,ODESCP,'X')",,DESCRIPTION,30T,S,,Look up of op description from ops master,,,
TONNAGE,I,,"SUBR(""*TONNAGE.CALC"",MFBLEND)",MD10P,TONNAGE,6R,S,,,,,
TOT.CHIT.VOL.SALVAGE,I,,SUM(CHIT.VOLUME.SALVAGED),MD10P,Volume Salvaged from Original Bottling Chit,9R,M,SALV,Total Volume Salvaged from Original Bottling Chit,,,
TOT.VOL.IN,I,,SUM(MTVOLA) - SUM(MTVOL),MD00P,TOTAL VOLUME IN,8R,S,IN,Total Volume In,,,
TOTAL.FTVOLM,I,,SUM(FTVOLM),,Total From Vol Moved,8R,M,FROM.TANKS,,,,
TOTAL.MTRLITRES,I,,SUM(MTRLITRES),,Total To Vol Moved,8R,M,TO.TANKS,,,,
TOTAL.TTVOLM,I,,SUM(TTVOLM),,Total To Vol Moved,8R,M,TO.TANKS,,,,
TOTAL.VOL.IN,I,,MTVOLA - MTVOL; IF MOPCD MATCHES OPT.TRK.BOT THEN MTRLITRES ELSE @;SUM(@),MD00P,VOLUME IN,9R,S,,Volume moved in,,,
TOTAL.VOL.OUT,I,,MFVOL - MFVOLA; SUM(@); IF MOPCD MATCHES OP.OFF.TRK THEN MTRLITRES ELSE    @;SUM(@),MD00P,VOLUME OUT,9R,S,,Volume moved out,,,
TOTAL.VOLUME.SALVAGE,I,,SUM(VOLUME.SALVAGED),MD10P,Volume Salvaged from Original Bottling Chit,9R,M,SALV,Total Volume Salvaged from Original Bottling Chit,,,
TOTTBL,I,,"TRANS(MTANK,MTTANK,TTABLE,'X')",,DIP TABLE,8L,M,TO.TANKS,To Tank Size Dip Table,,,
TQUALITY,I,,"RAISE(TRANS(BWALLOC.OPSMOVE,@ID,TQUALITY,'X'))",,Grade Level,2L,M,ALLOC.TTANK,Grade Level of the TO tank,,,
TR.BL.GEN,I,,"SUBR(""*PZZI211"",'SUBSTR<',MTRBLEND,5,3,9)",,Truck Blend Generic,3L,M,TRUCK.NOS,Truck blend generic,,,
TR.BL.SRC,I,,"SUBR(""*PZZI211"",'SUBSTR>',MTRBLEND,8,3,10)",,Truck Blend Source,3L,M,TRUCK.NOS,Truck blend source,,,
TR.BL.VAR,I,,"SUBR(""*PZZI211"",'SUBSTR>',MTRBLEND,5,3,10)",,Truck Blend Variety,3L,M,TRUCK.NOS,Truck blend variety,,,
TRKTNKLITS,I,,"SUBR('*PZZI211','MVSVI1',MTRUCKNO,RC.LITRES,'','')",MD10P,Tanker To Tank Litres,10R,M,TRUCK.NOS,Litres into each to tank from each truck,,,
TRKTNKS,I,,"SUBR('*PZZI211','MVSVI2',MTRUCKNO,RC.LITRES,MTTANK,'')",,Tanks Filled By Truck,5L,M,TRUCK.NOS,Which To tanks were filled from each truck,,,
TRUCK.BAT.DESC,I,,"TRANS(MBATCH,TRUCK.BATCH,BATCH.DESC,'X')",,Truck batch desc.,30L,M,TRUCK.NOS,Batch Description,,,
TRUCK.ILEVEL,I,,"SUBR('!SUBSTRINGS',MTRBLEND,1,1)",,Truck Ilevels,1L,M,TRUCK.NOS,Truck blends inventory level,,,
TRUCK.STD.COSTS,I,,"CONVERT(@SM,'*',TRUCKS.STD.COSTS)",,Truck Standard Costs,20L,M,TRUCK.NOS,Truck Standard Costs,,,
TRUCK.STD.TOT.COST,I,,"FIELDS(TRUCK.STD.COSTS,'*',2)",MD40P,Truck Standard Cost Total,10R,M,TRUCK.NOS,Truck blend Standard Cost - Total,,,
TRUCK.STD.VAR.COST,I,,"FIELDS(TRUCK.STD.COSTS,'*',1)",MD40P,Truck Standard Cost Variable,10R,M,TRUCK.NOS,Truck blend Standard Cost - Variable,,,
TRUCKS.STD.COSTS,I,,"SUBR(SUBR.PENBW:'PBWZ787','CHIT.TRUCKS',@ID,'','','','','',@RECORD,'' )",,Trucks Standard Costs,20L,M,TRUCK.NOS,All Trucks blend Standard Costs,,,
TT.VAL.LTR,I,,"SUBR(SUBR.PENBW:'PBWI1184',RAISE(BWOP$REC),MTTANK,MTBLEND,'T')",MD40P,To Val/ Litre,7R,M,TO.TANKS,To tank value per litre,,,
TTANK,I,,"TRANS(BWALLOC.OPSMOVE,MCNOTE,'TTANK','X')",,Alloc To Tank,6L,M,ALLOC.TTANK,Alloc To tank numbers,,,
TTANK.ALC,I,,"SUBR('*PBWI821',MTCHEMNO,'5')",,TO TANK ALC,5T,M,TO.TANKS,Get alc from 'To' tanks,,,
TTANK.ALLOC,I,,"TRANS(BWALLOC,MTTANK,GENERIC,'X'); CONVERT(@SM,' ',@)",,To Tank Alloc,4T,M,TO.TANKS,To tank allocation codes from BWALLOC file,,,
TTANK.BA,I,,"SUBR('*PBWI821',MTCHEMNO,'2')",,TO TANK BAUME,6R,M,TO.TANKS,Get baume from 'To' tanks,,,
TTANK.CAP,I,,"TRANS(MTANK,MTTANK,TTABLE,'X');TRANS(DIPTABLE,@,DCAP,'X')",MD10P,To Tanks Capacity,10R,M,TO.TANKS,Capacity of To Tanks,,,
TTANK.MALATE,I,,"SUBR('*PBWI821',MTCHEMNO,'47')",,TO TANK MALATE,5T,M,TO.TANKS,Get malate from 'To' tanks,,,
TTANK.PH,I,,"SUBR('*PBWI821',MTCHEMNO,'11')",,TO TANK pH,5T,M,TO.TANKS,Get pH from 'To' tanks,,,
TTANK.RS,I,,"SUBR('*PBWI821',MTCHEMNO,'12')",,TO TANK RS,5T,M,TO.TANKS,Get residual sugar from 'To' tanks,,,
TTANK.TA,I,,"SUBR('*PBWI821',MTCHEMNO,'9')",,TO TANK TA,5T,M,TO.TANKS,Get TA from 'To' tanks,,,
TTANK.TS02,I,,"SUBR('*PBWI821',MTCHEMNO,'6')",,TO TANK TS02,5T,M,TO.TANKS,Get ts02 from 'To' tanks,,,
TTANK.ULLAGE,I,,"TRANS(MTANK,MTTANK,TTABLE,'X');TRANS(DIPTABLE,@,DCAP,'X');@ - MTVOLA",MD10P,To Tank Ullage,10R,M,TO.TANKS,To tank ullage,,,
TTANK.VA,I,,"SUBR('*PBWI821',MTCHEMNO,'10')",,TO TANK VA,5T,M,TO.TANKS,Get va from 'To' tanks,,,
TTVOLM.TOT,I,,SUM(TTVOLM),MD00P,Total vol Moved In,10R,S,,Total volume moved to TO tanks,,,
TVARIETY,I,,"SUBR(""*PZZI211"",'SUBSTR',MTBLEND,5,3,'')",,TO BLEND VARIETY,3L,M,TO.TANKS,,,,
TVARSRC,I,,"SUBR(""*PZZI211"",'SUBSTR',MTBLEND,5,6,'')",,To blend variety & source,6L,M,TO.TANKS,Variety and source concatenated together,,,
TYPE.CODE,I,,"TRANS(MOPS,MOPCD,TYPE.CODE,'X')",,Type,2R,S,,Operation code type,,,
TYPE.CODE.NEW,I,,"TRANS(MOPS,MOPCD,TYPE.CODE,'X') ; TRANS(MOPS.DEL,MOPCD,TYPE.CODE,'X') ; IF @1 THEN @1 ELSE @2",,Type,2R,S,,Operation code type,,,
TYPE.IN,I,,"MTBLEND;IF MOPCD = 'STMN' THEN MTRBLEND ELSE @;TRANS(MBLEND,@,BTYPECODE,'X')",,TO TYPE CODES,8T,M,IN,To type codes,,,
TYPE.OUT,I,,"MFBLEND;TRANS(MBLEND,@,BTYPECODE,'X')",,FROM TYPE CODES,8T,M,OUT,From blend types,,,
TYPE4.MTBLEND,I,,"IF TYPE.CODE='4' THEN TRANS(OPSMOVE,FIELD(@ID,'-',1),MTBLEND,'X') ELSE ''",,TO BLEND CODES,12T,M,TO.TANKS,,,,
UID.SID,I,,"TRANS(USERS.DEFAULTS,USERID,'LASTVAL','X'); @1<1,1,1>",,User ID Short ID,3L,,,UserID SortID,,,
UNCOSTED.RECV,I,,SUM(CHIT.QTY) - REC.QTY,,,10R,M,PURWINE,QTY received from uncosted,,,
UNIT.COST,I,,"TRANS(PODETAIL,PODETAIL.ID,UNIT.COST,'X')",MD40P,Unit Cost,14R,S,,Unit cost,,,
UPDATE.CODE,I,,"TRANS(MOPS,MOPCD,UPDATE.CODE,'X')",,Upd,1R,S,,Operation update code - used for screen validations/updates,,,
UPDATE.CODE.NEW,I,,"TRANS(MOPS,MOPCD,UPDATE.CODE,'X') ; TRANS(MOPS.DEL,MOPCD,UPDATE.CODE,'X') ; IF @1 THEN @1 ELSE @2",,Upd,1R,S,,Operation update code - used for screen validations/updates,,,
UV.ACCOUNT,I,,"TRANS(BW.STD.CST.OPS,@ID,'UV.ACCOUNT','X')",,Universe Account,15L,S,,Universe account that chit was completed in,,,
VAR.SRC,I,,"MVAR[1,3]:'/':MVAR[5,3]",,VARIETY / REGION,7L,S,,Variety:source,,,
VENDOR.NAME,I,,"TRANS(POHEADER,MPONOS,VENDOR.NAME,'X')",,VENDOR NAME,40L,M,PURWINE,VENDOR NAME FROM POHEADER,,,
VOL.MOVED,I,,IF SUM(MTRLITRES) > 0 THEN SUM(MTRLITRES) ELSE IF SUM(MTVOLA) - SUM(MTVOL) > 0 THEN SUM(MTVOLA) - SUM(MTVOL) ELSE SUM(MFVOL) - SUM(MFVOLA),MD00P,Total Vol Moved,10R,S,,Total volume moved,,,
VOL.MOVED.IN,I,,SUM(MTVOLA) - SUM(MTVOL),MD00P,Total Vol Moved In,10R,S,,Total volume moved IN,,,
VOL.MOVED.OUT,I,,SUM(MFVOL) - SUM(MFVOLA),MD00P,Total Vol Moved Out,10R,S,,Total volume moved OUT,,,
VOLUME,I,,MFVOLA - MFVOL;MTVOLA - MTVOL;IF MOPCD = 'STMN' THEN MTRLITRES ELSE @;@1:@VM:@,MD00P,VOLUME MOVED,9R,M,TOT.MOVE,Volume moved,,,
VOLUME.FROM,I,,MFVOL - MFVOLA,MD00P,VOLUME FROM,7R,M,OUT,Volume from,,,
VOLUME.IN,I,,MTVOLA - MTVOL;IF MOPCD = 'STMN' THEN MTRLITRES ELSE @,MD00P,VOLUME IN,7R,M,IN,Volume moved in,,,
VOLUME.LOST,I,,MTVOLA - MTVOL;IF MOPCD = 'STMN' THEN MTRLITRES ELSE @;MFVOL - MFVOLA;SUM(@2)-SUM(@),MD00P,GAIN (LOSS),9R,,,Volume lost on cellar note,,,
VOLUME.OUT,I,,MFVOL - MFVOLA,MD00P,VOLUME OUT,7R,M,OUT,Volume moved out,,,
VOLUME.TO,I,,MTVOLA - MTVOL;IF MOPCD = 'STMN' THEN MTRLITRES ELSE @,MD00P,VOLUME TO,7R,M,IN,Volume to,,,
WARNING.MESSAGE,I,,"TRANS(WARNING.MESSAGES,WARNING.NO,DESC,'X')",,WARNING MESSAGE,30L,S,,Description of Warning Message,,,
WHO,I,,@WHO,,WHO,8L,S,,,,,
WINERY.ACCT,I,,"TRANS(WINERY.LOCATION,WINERY.LOCATION,WINERY.ACCT,'X')",,Winery Acct,4L,S,,Winery account,,,
WINERY.CAT.CODE,I,,"TRANS(WINERY.LOCATION,WINERY.LOCATION,'WINERY.CAT.CODE','X')",,Winery Category Code,2L,S,,Winery Category Code,,,
WINERY.CAT.DESC,I,,"RAISE(TRANS(CONTROL,'WINERY.CATEGORY',1, 'X')); RAISE(TRANS(CONTROL,'WINERY.CATEGORY',2, 'X')); SUBR('*PZZI211','LOCPOS',WINERY.CAT.CODE,@1,'',''); @2<1,@3>; IF WINERY.CAT.CODE # '' THEN @4 ELSE ' '",,Winery Category Description,25L,S,,Winery Category Description,,,
WINERY.CAT.SDESC,I,,"RAISE(TRANS(CONTROL,'WINERY.CATEGORY',1, 'X')); RAISE(TRANS(CONTROL,'WINERY.CATEGORY',3, 'X')); SUBR('*PZZI211','LOCPOS',WINERY.CAT.CODE,@1,'',''); @2<1,@3>; IF WINERY.CAT.CODE # '' THEN @4 ELSE ' '",,Winery Category Short Desc,10L,S,,Winery Category Short Description,,,
WINERY.CODE,I,,@WHO[2],,Winery Code,2L,S,,,,,
WINERY.LOCATION,I,,"SUBR(SUBR.PENBW:'FIND.WIN.LOC',@RECORD,MFTANK,MTTANK)",,Win Loc,2L,S,,Winery Location of tanks on chit,,,
WINERY.LOCN,I,,"SUBR(SUBR.PENBW:'PBWI1103',@RECORD)",,Win Loc,2L,S,,Winery Location of tanks on chit,,,
WINETYPE,I,,"TRANS(GENERIC.FILE,MOVE.MPF,'WINETYPE','X')",,Wine Type,1L,S,,"Wine type (R, Red, W, White, etc) same as style in bulk wine system (must be on BW.STYLE file)",,,
WK.ORDER.CNT,I,,"DCOUNT(WK.ORDER,@VM)",,Process Order Count,2R,M,,Number of Process Orders,,,
WM.WOOD.FLAG,I,,"TRANS(MOPS,MOPCD,WM.WOOD.FLAG,'X')",,Wood Matur. Flag,1L,S,,,,,
WTO.FT.QUALITY,I,,"TRANS(BWALLOC,MFTANK,'GRADE.LEVEL','X');SUBR('!SUBSTRINGS',@1,1,1); SUBR(SUBR.PENBW:'WTO.QUALITY',@2)",,From WTO Quality,1R,M,FROM.TANKS,From tank quality for wine tank optimisation,,,
WTO.LEAD.DAYS,I,,ORIG.MRDATE - CREATE.DATE,,Lead Days,3R,S,,Number of days before due date that chit was written,,,
WTO.MACTIV.ORIG,I,,"TRANS(WTO.CHITS.ORIG,@ID,'MACTIV','X')",,Active,2L,S,,"MACTIV value on WTO.CHITS.ORIG file, used to check if on file",,,
WTO.STATUS.DESC,I,,"SUBR('*PZZI415',WTO.STATUS,'OPT.STATUS',1,2)",,WTO Status,9L,S,,WTO.STATUS description,,,
WTO.TRUCK.QUALITY,I,,"TRANS(BWALLOC,BWALLOC.ID,'GRADE.LEVEL','X');SUBR('!SUBSTRINGS',@1,1,1); SUBR(SUBR.PENBW:'WTO.QUALITY',@2)",,WTO Quality,1R,M,TRUCK.NOS,Truck quality for wine tank optimisation,,,
YEAR,I,,"@ID[4,2]",,YR,2L,S,,Chit year,,,
YEILD,I,,MOVEMENT / SUM(MFBLEND),MD10P,YEILD LIT/TON,6R,S,,,,,
YESTERDAY,I,,DATE()-1,D2/,Yesterday,8R,S,,Yesterday's day,,,
@ENTRO,PH,,@ID MACTIV MRDATE MRTIME MADATE MOPCD MATIME,,,,,,FOR ENTRO DEFAULT FIELD LIST CREATED 16:25:47 25 FEB 1985,,,
@REVISE,PH,,@ID MACTIV MRDATE MRTIME MADATE MOPCD10 MADDCD MAQTYISS MAUOMISS MAUDVOL,,,,,,for REVISE default field list created Tue Jul 14 11:59:02 2009,,,
ADD.QTY.UOM,PH,,MASTATUS MADDCD MADESCP MAQTYISS MAUOMISS,,,,,,Association for additives data,,,
AUD.ALL,PH,,AUD.SEQNO AUD.DATE AUD.TIME AUD.KEY AUD.DESC AUD.BREAK ID.SUP,,,,,,All parts of Audit Key,,,
CORTANKS,PH,,MOPCD MFTANK MFBLEND MFCNOTE MTTANK MTBLEND MTCNOTE,,,,,,,,,
FROM.TANKS,PH,,MFTANK MFCNOTE MFBLEND MFBATCH MFSTATUS MFDIPB4 MFDIPAFT MFVOL MFTSTAT MFOPCTR MFOPCD MFCLASS MFLITREQ MFSTR MFLALS MFLITUSED MFLALUSED  MFVOLA MFSWQTY MFSWSTORE MFSWFROMTO,,,,,,"Association for data relating to the ""From"" tanks",,,
IN.TANKS,PH,,PRODNO.IN TYPE.IN BLEND.IN.TYPE BLEND.IN VOLUME.IN,,,,,,In tanks,,,
OUT,PH,,PRODNO.OUT TYPE.OUT BLEND.OUT.TYPE BLEND.OUT VOLUME.OUT,,,,,,Out tanks,,,
TO.TANKS,PH,,MTTANK MTCNOTE MTBLEND MTBATCH MTSTATUS MTDIPB4 MTDIPAFT MTVOL MTCOMMENT MTCHEMNO MTTSTAT MTOPCTR MTOPCD MTINITBE MTINITVV MTFRUITBE MTFINALBE MTFINALVV MTVOLA MTSWQTY MTSWSTORE MTSWFROMTO VOLUME.IN,,,,,,"Association for data relating to the ""To"" tanks",,,
TOT.MOVE,PH,,ALL.PRODNO ALL.BLEND TANKS VOLUME,,,,,,,,,
TRUCK.NOS,PH,,MTRUCKNO MTRBLEND MTRLITRES IMTLEVEL,,,,,,Phrase for Truck Number Association for Stock Movement Notes,,,
DEFINE.NEXT.ATTR,X,,227,,,,,,,,,
