# Grange file: SUMCOMP.TANK,source: winemaking.xlsm/SCT,downloaded: 2025-12-16
Field Name,Type,Field No,Field Definition,Conversion Code,Column Heading,Output Format,Depth,Assoc,DESC,Key,Examples,Comment
@ID,D,0,,,SUMCOMP.TANK,10L,S,,Default record ID for RetrieVe,,,
RTANK,D,0,,,TANK NO,6R,S,,Tank Number,,,
TANK,D,0,,,TANK NO.,15T,S,,,,,
TBLEND,D,1,,,BLEND,12T,S,,Current Blend in Tank,,,
TBATCHNO,D,2,,,BATCH NO,7T,S,,Current Batch no.,,,
PARTANK,D,3,,,CURR TANK,8L,S,,CURRENT TANK,,,
PKEY,D,4,,,PARENT KEY,12L,S,,PARENT KEY,,,
SLITRES,D,5,,MD10P,SOURCE VOLUME,10R,M,LASTCALC,Source volume of grapes or juice,,,
SVOL0DEC,D,5,,MD00P,Volume,10R,M,LASTCALC,Source volume of grapes or juice,,,
SVOLUME,D,5,,MD10P,SOURCE VOLUME,10R,M,LASTCALC,Source volume of grapes or juice,,,
TIR.SVOLUME,D,5,,MD30P,SOURCE VOLUME,10R,M,LASTCALC,Source volume of grapes or juice,,,
STONNES,D,6,,MD20P,TONNES SOURCE,10R,M,LASTCALC,Source grapes tonnes,,,
SBLEND,D,7,,,SOURCE BLEND,12T,M,LASTCALC,Source blend or variety/source/quality,,,
TVOLUME,D,8,,MD20P,CURRENT TANK VOLUME,8R,S,,Current Tank volume,,,
TCOST,D,9,,MD20P,COST,8R,S,,Current tank dollar value,,,
AVOLUME,D,10,,MD10P,ACCEPTED VOLUME,8R,M,LASTACCEPT,Summary volume - last accepted,,,
CCBLEND,D,10,,,CUR BLEND,8L,S,,CUR BLEND,,,
ATONNES,D,11,,MD20P,ACCEPTED TONNES,8R,M,LASTACCEPT,Summary tonnes - last accepted,,,
CNOTE,D,11,,,CUR NOTE,6R,S,,CUR C/NOTE,,,
ABLEND,D,12,,,ACCEPTED BLEND,12T,M,LASTACCEPT,Variety/quality/area - last accepted,,,
PNOTE,D,12,,,PAR C/NOTE,6R,S,,PARENT C/NOTE,,,
UPDATE,D,13,,,UPDATE,1T,S,,Flag indicating calculation done since last acceptance,,,
ADD.CODE,D,14,,,ADDITIVE CODE,8L,M,ADD,Additive Code in Summary Composition,,,
CMADDCD,D,14,,,ADDITIVE CODE,8L,M,CMADDCD,Additive Code in Summary Composition,,,
ADD.QTY,D,15,,MD40P,ADDITIVE QUANTITY,12R,M,ADD,Additive Qty in Summary Composition,,,
ADD.QTY.2D,D,15,,MD40P,ADDITIVE QUANTITY,12R,M,ADD,Additive Qty in Summary Composition,,,
CMAQTYISS,D,15,,MD40P,ADDITIVE QUANTITY,12R,M,CMADDCD,Additive Qty in Summary Composition,,,
MADATE,D,16,,D2/,DATE UPDATED,8R,S,,Date Cellar Note Updated,,,
SCARTVAL,D,17,,MD20P,CARRIERS PAYMENTS,9R,M,LASTCALC,Carriers payments,,,
LASTCNOTE,D,18,,,LAST CNOTE,12L,S,,Last Cellar Note to be processed by Summary Composition Update,,,
ADD.LOT,D,19,,,Additive Lot nos,8R,M,ADD.LOT,additive lot numbers,,,
CADD.LOT,D,19,,,Additive Lot nos,8R,M,CADD.LOT,additive lot numbers,,,
MAST.PHIST.KEY,D,20,,,,15L,M,MAST,Process history key of Master Opcode:'*':Date:'*':Time,,,
MAST.VOL,D,21,,MD10P,,8R,M,MAST,Process history volume,,,
ADD.LOT.QTY,D,22,,MD40P,Add Lot Qty,12R,M,ADD.LOT,Additive lot quantity,,,
CADD.LOT.QTY,D,22,,MD40P,Add Lot Qty,12R,M,CADD.LOT,Additive lot quantity,,,
SWA.LITRES,D,23,,MD10P,,10R,S,,Sustainable Wine Australia litres,,,
ACCOUNT,I,,@WHO,,ACCOUNT,5L,S,,,,,
ADD.AUOMISS,I,,"TRANS(MADD,ADD.CODE,'AUOMISS','X')",,ISS UOM,6L,M,ADD,Issuing unit of measure,,,
ADD.BATCH.DESC,I,,"TRANS(MBATCH,ADD.CODE,""BATCH.DESC"",'X');TRANS(MBATCH.HIST,ADD.CODE,""BATCH.DESC"",'X') ;                      IFS(EQS(@1,REUSE('')),@2,@1)",,Additive YST batch description,30L,M,,Additive Description when additive is a yeast batch,,,
ADD.OR.BATCH,I,,"IFS(GTS(LENS(ADD.CODE),REUSE(4)),BATCH.DESC,ADDESCP)",,Additive Description,30L,M,ADD,Additive or batch description,,,
ADDESCP,I,,"TRANS(MADD,ADD.CODE,ADDESCP,'X')",,DESCRIPTION,30L,M,ADD,Additive description,,,
ADW,I,,SUM(STONNES),MD20P,,10R,S,,,,,
ALGEN.DESC,I,,"SUBR(""*PZZI211"",""SELINS"",DESC,FLAG,'N':@VM:'V',"""")",,Allergen Description,30L,M,ALGEN.LOTS,Allergen descriptions,,,
ALGEN.FLAG,I,,"SUBR(""*PZZI211"",""SELINS"",FLAG,FLAG,'N':@VM:'V',"""")",,Allergen Flag,1L,M,ALGEN.LOTS,Allergen flags,,,
ALGEN.ITEM,I,,"SUBR(""*PZZI211"",""SELINS"",ITEM,FLAG,'N':@VM:'V',"""")",,Allergen Item,6L,M,ALGEN.LOTS,Allergen items,,,
ALGEN.LOTS,I,,"SUBR(""*PZZI211"",""SELINS"",ADD.LOT,FLAG,'N':@VM:'V',"""")",,Allergen Lots,8R,M,ALGEN.LOTS,Allergen lots,,,
ALL.ADD.CODE,I,,"SUBR(""*GBWZ191"",ADD.CODE,ADD.QTY,ADD.LOT,ADD.LOT.QTY,'A',TANK.VOLUME)",,Allergen Codes,6L,M,ALL,Allergen additive codes,,,
ALL.ADD.DESC,I,,"SUBR(""*GBWZ191"",ADD.CODE,ADD.QTY,ADD.LOT,ADD.LOT.QTY,'D',TANK.VOLUME)",,Allergen Description,30L,M,ALL,Allergen additive descriptions,,,
ALL.ADD.QTY,I,,"SUBR(""*GBWZ191"",ADD.CODE,ADD.QTY,ADD.LOT,ADD.LOT.QTY,'Q',TANK.VOLUME)",MD40P,Allergen Quantity,10R,M,ALL,Allergen additive quantity,,,
AUOMISS,I,,"TRANS(MADD,ADD.CODE,'AUOMISS','X')",,ISS UOM,6L,M,ADD,Issuing unit of measure,,,
AUOMSTK,I,,"TRANS(MADD,ADD.CODE,AUOMSTK,'X')",,STOCK UOM,6L,M,ADD,Stocking unit of measure,,,
AVE.AGE.2020,I,,"SUBR('*AVG.AGE.2020',SBLEND,SVOLUME)",MD20P,AVG AGE,5R,S,,average age of blend - Grange 2020 version (E dates),,,
AVG.AGE,I,,"SUBR(SUBR.PENBW:'AVG.AGE',SBLEND,SVOLUME)",MD20P,AVG AGE,5R,S,,average age of blend,,,
AVG.COST.LTR,I,,"SUBR(""*PBWI627"",VALUE,SVOLUME)",MD30P,AVG COST LITRE,6R,M,LASTCALC,,,,
AVG.COST.LTR2,I,,"SUBR(""*PBWI617"",SVOLUME,VALUE)",MD30P,AVG COST LITRE,6R,M,,to calculate the average price for multi valued lines,,,
BATCH.DESC,I,,"TRANS(MBATCH,TBATCHNO,""BATCH.DESC"",'X')",,Batch Description,30L,,,Batch Description,,,
BDESCP,I,,"TRANS(MTANK,@ID,TBLEND,'X');TRANS(MBLEND,@,BTYPECODE,'X');TRANS(MBLENDGP,@,BDESCP,'X ')",,TYPE,25T,S,,,,,
BTYPECODE,I,,"TRANS(MTANK,@ID,TBLEND,'X');TRANS(MBLEND,@,BTYPECODE,'X')",,TYPE CODE,5T,S,,,,,
CADD.LOT.DESC,I,,"TRANS(LOT,ADD.LOT,'DESC','X')",,Description,40L,M,CADD.LOT,Lot description,,,
CLIMATE,I,,"TRANS(SOURCE,SOURCE,CLIMATE,'X')",,,3L,M,LASTCALC,Climate,,,
CLIMATE.DESCP,I,,"TRANS(SOURCE,CLIMATE,DESCP,'X')",,Climate,30L,M,LASTCALC,,,,
CMADDCD.DESC,I,,"TRANS(MBATCH,ADD.CODE,""BATCH.DESC"",'X');TRANS(MBATCH.HIST,ADD.CODE,""BATCH.DESC"",'X') ;                      IFS(EQS(@1,REUSE('')),@2,@1); IFS(GTS(LENS(ADD.CODE),REUSE(4)),@3,ADDESCP)",,Additive Description,30L,M,CMADDCD,Additive or batch description,,,
CMAUOMISS,I,,"TRANS(MADD,ADD.CODE,'AUOMISS','X'); IFS(GTS(LENS(ADD.CODE),REUSE(4)),REUSE('LT'),@1)",,ISS UOM,6L,M,CMADDCD,Issuing unit of measure,,,
COMPS,I,,"DCOUNT(SBLEND,@VM)",,Number of Components,3R,S,,Number of components,,,
CTRL.WINERY,I,,"TRANS(CONTROL,TRANS(CONTROL,LIT.MASTER.ACCOUNT,1,'X'),'CODE','X')",,Winery,1L,M,WINERY,Winery code from master CONTROL record,,,
CTRL.WTO,I,,"TRANS(CONTROL,TRANS(CONTROL,LIT.MASTER.ACCOUNT,1,'X'),'WTO.ACCOUNT','X')",,WTO,1L,M,WINERY,WTO flag from master CONTROL record,,,
DESC,I,,"TRANS(LOT,ADD.LOT,'DESC','X')",,Description,40L,M,ADD.LOT,Item description,,,
DESCP,I,,"TRANS(MBLEND,TANK.BLEND,BLENDESCP,'X')",,BLEND DESCRIPTION,30T,S,,,,,
DESCP.01,I,,"TRANS(MBLEND,TBLEND,BLENDESCP,'X')",,BLEND DESCRIPTION,30T,S,,8-09-93 : Now uses TANK.BLEND instead of TBLEND,,,
DIFF.VOLUME,I,,TOT.SVOLUME - TANK.VOLUME,MD10P,DIFFERENCE VOLUME,9R,S,,Difference between Summary Composition Volume & Tank Volume,,,
FLAG,I,,"TRANS(LOT,ADD.LOT,'FLAG','X')",,Active,1L,M,ADD.LOT,'A' if active,,,
FULL.VINTYEAR,I,,"SUBR('*PBWI806',FIELDS(SBLEND,'*',2))",NC,Vint Year,4R,M,LASTCALC,,,,
GEN.DESC,I,,"TRANS(GENERIC.FILE,GENERIC,NAME,'X')",,GENERIC NAME,30L,M,ALLOC,Generic code description,,,
GENERIC,I,,"TRANS(BWALLOC,@ID,GENERIC,'X')",,Gen Code,3L,M,ALLOC,Generic codes allocated,,,
GENLITRES,I,,"TRANS(BWALLOC,@ID,LITRES,'X')",MD00P,Litres Allocated,7R,M,ALLOC,Litres allocated to each code,,,
GI.DESC,I,,"TRANS(GI.FILE,GI.REGION,'GI.DESC','X')",,GI Description,40L,M,LASTCALC,GI Full Description,,,
GI.REGION,I,,"SUBR(SUBR.PENBW:'GI.LEVELS',SOURCE,'REG')",,GI Region,3L,M,LASTCALC,GI Region,,,
GI.REGION.DESC,I,,"SUBR(SUBR.PENBW:'GI.LEVELS',SOURCE,'REG') ; TRANS('GI.FILE',@,'GI.SDESC','X')",,GI Region Description,15L,M,LASTCALC,GI Region Description,,,
GI.SDESC,I,,"TRANS(GI.FILE,GI.REGION,'GI.SDESC','X')",,GI Desc,15L,M,LASTCALC,GI Short description,,,
GI.STATE,I,,"SUBR(SUBR.PENBW:'GI.LEVELS',SOURCE,'STA')",,GI State,3L,M,LASTCALC,GI State,,,
GI.STATE.DESC,I,,"SUBR(SUBR.PENBW:'GI.LEVELS',SOURCE,'STA') ; TRANS('GI.FILE',@,'GI.SDESC','X')",,GI State Description,15L,M,LASTCALC,GI State Description,,,
GI.SUBREGION,I,,"SUBR(SUBR.PENBW:'GI.LEVELS',SOURCE,'SUB')",,GI Subregion,3L,M,LASTCALC,GI Subregion,,,
GI.SUBREGION.DESC,I,,"SUBR(SUBR.PENBW:'GI.LEVELS',SOURCE,'SUB') ; TRANS('GI.FILE',@,'GI.SDESC','X')",,GI Subregion Description,15L,M,LASTCALC,GI Subregion Description,,,
GI.SUPERZONE,I,,"SUBR(SUBR.PENBW:'GI.LEVELS',SOURCE,'SUP')",,GI SuperZone,3L,M,LASTCALC,GI Superzone,,,
GI.SUPERZONE.DESC,I,,"SUBR(SUBR.PENBW:'GI.LEVELS',SOURCE,'SUP') ; TRANS('GI.FILE',@,'GI.SDESC','X')",,GI Superzone Description,15L,M,LASTCALC,GI Superzone Description,,,
GI.ZONE,I,,"SUBR(SUBR.PENBW:'GI.LEVELS',SOURCE,'ZON')",,GI Zone,3L,M,LASTCALC,GI Zone,,,
GI.ZONE.DESC,I,,"SUBR(SUBR.PENBW:'GI.LEVELS',SOURCE,'ZON') ; TRANS('GI.FILE',@,'GI.SDESC','X')",,GI Zone Description,15L,M,LASTCALC,GI Zone Description,,,
GRADE,I,,"GRADE.LEVEL[1,1]",,Grade,1L,S,,,,,
GRADE.LEVEL,I,,"TRANS(BWALLOC,TANK,GRADE.LEVEL,'X')",,Grade Level,2L,S,,Grade level for the Tank,,,
GRD2,I,,"TRANS(TANK.ORIGIN,@ID,WNOTE,'X');SUBSTRINGS(@1,3,99); LOWER(@2) ;TRANS(I.GRDOCKET,@3,MCNOTE,'X');RAISE(@4);RAISE(@5)",,Crush Note,15R,M,XX1,GL 13.01.94 To return the gr docket numbers for a tank (The convert is to fix a universe format bug),,,
GRDOCKETS,I,,"TRANS(TANK.ORIGIN,@ID,WNOTE,'X');SUBSTRINGS(@1,3,99); LOWER(@2) ;TRANS(I.GRDOCKET,@3,MCNOTE,'X');CATS(REUSE('| '),@4);RAISE(@5);RAISE(@6)",,Crush Notes,15R,M,,GL 13.01.94 To return the gr docket numbers for a tank (The convert is to fix a universe format bug),,,
INTRANSIT.TANK,I,,"IF @ID[2,1] = '#' THEN 1 ELSE ''",,Intransit,1L,S,,Intransit Tank Flag,,,
ITEM,I,,"TRANS(LOT,ADD.LOT,'ITEM','X')",,JDE Item,10L,M,ADD.LOT,JDE item number,,,
JDE.ITEM.CODE,I,,"TRANS(MADD,ADD.CODE,'PRODNO','X')",,JDE ITEM CODE,10L,M,ADD,Financial Product Number,,,
LEN.SVINTYR,I,,"SUBR(""!LENS"",SVINTYR)",,Len VY,2R,M,LASTCALC,,,,
LIT.MASTER.ACCOUNT,I,,"""MASTER.ACCOUNT""",,,14L,S,,,,,
LITRES,I,,"TRANS(BWALLOC,@ID,LITRES,'X')",MD00P,Litres Allocated,7R,M,ALLOC,Litres allocated to each code,,,
LOT.DESC,I,,"TRANS(LOT,ADD.LOT,'DESC','X')",,Description,40L,M,ADD.LOT,Item description,,,
LOT.ITEM,I,,"TRANS(LOT,ADD.LOT,'ITEM','X')",,JDE Item,10L,M,ADD.LOT,JDE item number,,,
MAST.DATE,I,,"SUBR('!FIELDS',MAST.PHIST.KEY,'*',2)",D2/,,8R,M,MAST,Master operation date,,,
MAST.OPCD,I,,"SUBR('!FIELDS',MAST.PHIST.KEY,'*',1)",,,3R,M,,Master operation codes,,,
MAST.TIME,I,,"SUBR('!FIELDS',MAST.PHIST.KEY,'*',3)",MT,,5R,M,MAST,Master operation time,,,
MFBATCH,I,,"TRANS(MTANK,@ID,TBATCHNO,'X')",,BATCH,12L,M,MFTANK,Tank batch,,,
MFBLEND,I,,"TRANS(MTANK,@ID,TBLEND,'X')",,BLEND CODE,12L,M,MFTANK,Tank blend,,,
MFBLEND.DESC,I,,"TRANS(MBLEND,MFBLEND,'BLENDESCP','X')",,BLEND DESCRIPTION,30L,M,MFTANK,Blend description,,,
MFDIPB4,I,,"TRANS(MTANK,@ID,TDIP,'X')",MD20P,DIP,8R,M,MFTANK,,,,
MFVOL,I,,"SUBR(""*GBWZ171"",TTABLE,TDIP,""V"")+0",MD10P,VOLUME,9R,M,MFTANK,Subroutine call for calculation of Volume from Dip,,,
MVOLUME,I,,"SUBR(""*PBWZ171"",TTABLE,TDIP,""V"")",MD20P,TANK FILE VOLUME,9R,S,,,,,
NONVAR,I,,"SUBR(SUBR.PENBW:'PBWI1067',VAR)",,Non Var,1L,M,LASTCALC,Variety code is a non varietal,,,
ORIGIN,I,,"TRANS(SOURCE,SOURCE,ORIGIN,'X')",,,3L,M,LASTCALC,Origin,,,
ORIGIN.DESCP,I,,"TRANS(SOURCE,ORIGIN,DESCP,'X')",,Origin,30L,M,LASTCALC,,,,
OSCPERC,I,,"IF TANK.VOLUME THEN SUBR('!DIVS',SLITRES,REUSE(TANK.VOLUME)) ELSE 0;SUBR('!MULS',@1,REUSE(100))",MD20P,,6R,M,OCOMP,,,,
OSRC,I,,"SUBR('!SUBSTRINGS',SBLEND,5,3)",,,3L,M,OCOMP,,,,
OSRC.DOC.CRCTN,I,,"SUBR('*ISRCDOCS',TANK,'1*')",,Source Document,12L,M,OSRC.DOC,Document number of the product source (either a weighnote or purchase chit number),,,
OSRC.DOC.LITRES,I,,"SUBR('*ISRCDOCS',TANK,'2')",MD10P,Litres,10R,M,OSRC.DOC,The number of litres (in this tank or on this chit) that are attributable to this (weighnote or purchase chit).,,,
OSRC.DOC.PERC,I,,"SUBR('*ISRCDOCS',TANK,'4')",MD20P,,6R,M,OSRC.DOC,,,,
OSRC.DOC.TONNES,I,,"SUBR('*ISRCDOCS',TANK,'3')",MD20P,Tons,10R,M,OSRC.DOC,The number of tons (from the weighnote) that are attributable to this (destination tank or destination chit).,,,
OSRCDESC,I,,"SUBR('*GBWI928',OSRC )",,,30L,M,OCOMP,,,,
OSWA.LITRES,I,,SWA.LITRES,MD10P,,10R,S,,,,,
OSWA.PERC,I,,IF TANK.VOLUME THEN SWA.LITRES/TANK.VOLUME*100 ELSE 0,MD20P,,6R,S,,,,,
OVAR,I,,"SUBR('!SUBSTRINGS',SBLEND,1,3)",,,3L,M,OCOMP,,,,
OVARDESC,I,,"SUBR('*GBWI927',OVAR)",,,20L,M,OCOMP,,,,
OVYR,I,,"SUBR('!SUBSTRINGS',SBLEND,9,2);SUBR('!FMTS',@1,'R%2')",NC,,2R,M,OCOMP,,,,
PCNT,I,,"SUBR(""!MULS"",SVOLUME,REUSE(100));SUBR(""!DIVS"",@1,REUSE(SUM(SVOLUME)))",MD20P,PERCENT OF TOTAL,6R,M,LASTCALC,Percent of total composition,,,
PCNT.ALB,I,,"SUBR(SUBR.PENBW:""PBWI998"",SVOLUME,VAR,'ALB')",MD20P,ALB %,6R,S,,ALB %,,,
PCNT.ARA,I,,"SUBR(SUBR.PENBW:""PBWI998"",SVOLUME,VAR,'ARA')",MD20P,ARA %,6R,S,,ARA %,,,
PCNT.ARN,I,,"SUBR(SUBR.PENBW:""PBWI998"",SVOLUME,VAR,'ARN')",MD20P,ARN %,6R,S,,ARN %,,,
PCNT.BAR,I,,"SUBR(SUBR.PENBW:""PBWI998"",SVOLUME,VAR,'BAR')",MD20P,BAR %,6R,S,,BAR %,,,
PCNT.BAS,I,,"SUBR(SUBR.PENBW:""PBWI998"",SVOLUME,VAR,'BAS')",MD20P,BAS %,6R,S,,BAS %,,,
PCNT.BDA,I,,"SUBR(SUBR.PENBW:""PBWI998"",SVOLUME,VAR,'BDA')",MD20P,BDA %,6R,S,,BDA %,,,
PCNT.BIA,I,,"SUBR(SUBR.PENBW:""PBWI998"",SVOLUME,VAR,'BIA')",MD20P,BIA %,6R,S,,BIA %,,,
PCNT.BVI,I,,"SUBR(SUBR.PENBW:""PBWI998"",SVOLUME,SVINTYR,VINTYR)",MD20P,Blend Vint %,6R,S,,Percentage of blend vintage,,,
PCNT.CAF,I,,"SUBR(SUBR.PENBW:""PBWI998"",SVOLUME,VAR,'CAF')",MD20P,CAF %,6R,S,,CAF %,,,
PCNT.CAM,I,,"SUBR(SUBR.PENBW:""PBWI998"",SVOLUME,VAR,'CAM')",MD20P,CAM %,6R,S,,CAM %,,,
PCNT.CAN,I,,"SUBR(SUBR.PENBW:""PBWI998"",SVOLUME,VAR,'CAN')",MD20P,CAN %,6R,S,,CAN %,,,
PCNT.CAP,I,,"SUBR(SUBR.PENBW:""PBWI998"",SVOLUME,VAR,'CAP')",MD20P,CAP %,6R,S,,CAP %,,,
PCNT.CAS,I,,"SUBR(SUBR.PENBW:""PBWI998"",SVOLUME,VAR,'CAS')",MD20P,CAS %,6R,S,,CAS %,,,
PCNT.CBM,I,,"SUBR(SUBR.PENBW:""PBWI998"",SVOLUME,VAR,'CBM')",MD20P,CBM %,6R,S,,CBM %,,,
PCNT.CCB,I,,"SUBR(SUBR.PENBW:""PBWI998"",SVOLUME,VAR,'CCB')",MD20P,CCB %,6R,S,,CCB %,,,
PCNT.CHB,I,,"SUBR(SUBR.PENBW:""PBWI998"",SVOLUME,VAR,'CHB')",MD20P,CHB %,6R,S,,CHB %,,,
PCNT.CHM,I,,"SUBR(SUBR.PENBW:""PBWI998"",SVOLUME,VAR,'CHM')",MD20P,CHM %,6R,S,,CHM %,,,
PCNT.CHR,I,,"SUBR(SUBR.PENBW:""PBWI998"",SVOLUME,VAR,'CHR')",MD20P,CHR %,6R,S,,CHR %,,,
PCNT.CHS,I,,"SUBR(SUBR.PENBW:""PBWI998"",SVOLUME,VAR,'CHS')",MD20P,CHS %,6R,S,,CHS %,,,
PCNT.CIN,I,,"SUBR(SUBR.PENBW:""PBWI998"",SVOLUME,VAR,'CIN')",MD20P,CIN %,6R,S,,CIN %,,,
PCNT.CLR,I,,"SUBR(SUBR.PENBW:""PBWI998"",SVOLUME,VAR,'CLR')",MD20P,CLR %,6R,S,,CLR %,,,
PCNT.COL,I,,"SUBR(SUBR.PENBW:""PBWI998"",SVOLUME,VAR,'COL')",MD20P,COL %,6R,S,,COL %,,,
PCNT.CRA,I,,"SUBR(SUBR.PENBW:""PBWI998"",SVOLUME,VAR,'CRA')",MD20P,CRA %,6R,S,,CRA %,,,
PCNT.CRG,I,,"SUBR(SUBR.PENBW:""PBWI998"",SVOLUME,VAR,'CRG')",MD20P,CRG %,6R,S,,CRG %,,,
PCNT.CRO,I,,"SUBR(SUBR.PENBW:""PBWI998"",SVOLUME,VAR,'CRO')",MD20P,CRO %,6R,S,,CRO %,,,
PCNT.CSE,I,,"SUBR(SUBR.PENBW:""PBWI998"",SVOLUME,VAR,'CSE')",MD20P,CSE %,6R,S,,CSE %,,,
PCNT.CSM,I,,"SUBR(SUBR.PENBW:""PBWI998"",SVOLUME,VAR,'CSM')",MD20P,CSM %,6R,S,,CSM %,,,
PCNT.CSS,I,,"SUBR(SUBR.PENBW:""PBWI998"",SVOLUME,VAR,'CSS')",MD20P,CSS %,6R,S,,CSS %,,,
PCNT.CUR,I,,"SUBR(SUBR.PENBW:""PBWI998"",SVOLUME,VAR,'CUR')",MD20P,CUR %,6R,S,,CUR %,,,
PCNT.CVI,I,,"SUBR(SUBR.PENBW:""PBWI998"",SVOLUME,SVINTYR,VIYEAR[2])",MD20P,Curr Vint %,6R,S,,Percentage of current vintage,,,
PCNT.CVI-1,I,,"VIYEAR-1;@1[2]; SUBR(SUBR.PENBW:""PBWI998"",SVOLUME,SVINTYR,@2)",MD20P,Curr-1 Vint %,6R,S,,Percentage of current vintage - 1,,,
PCNT.CVI-2,I,,"VIYEAR-2;@1[2]; SUBR(SUBR.PENBW:""PBWI998"",SVOLUME,SVINTYR,@2)",MD20P,Curr-2 Vint %,6R,S,,Percentage of current vintage - 2,,,
PCNT.CVI-3,I,,"VIYEAR-3;@1[2]; SUBR(SUBR.PENBW:""PBWI998"",SVOLUME,SVINTYR,@2)",MD20P,Curr-3 Vint %,6R,S,,Percentage of current vintage - 3,,,
PCNT.CVI-4,I,,"VIYEAR-4;@1[2]; SUBR(SUBR.PENBW:""PBWI998"",SVOLUME,SVINTYR,@2)",MD20P,Curr-4 Vint %,6R,S,,Percentage of current vintage - 4,,,
PCNT.CVS,I,,"SUBR(SUBR.PENBW:""PBWI998"",SVOLUME,VAR,'CVS')",MD20P,CVS %,6R,S,,CVS %,,,
PCNT.DIR,I,,"SUBR(SUBR.PENBW:""PBWI998"",SVOLUME,VAR,'DIR')",MD20P,DIR %,6R,S,,DIR %,,,
PCNT.DIW,I,,"SUBR(SUBR.PENBW:""PBWI998"",SVOLUME,VAR,'DIW')",MD20P,DIW %,6R,S,,DIW %,,,
PCNT.DOL,I,,"SUBR(SUBR.PENBW:""PBWI998"",SVOLUME,VAR,'DOL')",MD20P,DOL %,6R,S,,DOL %,,,
PCNT.DOR,I,,"SUBR(SUBR.PENBW:""PBWI998"",SVOLUME,VAR,'DOR')",MD20P,DOR %,6R,S,,DOR %,,,
PCNT.DUR,I,,"SUBR(SUBR.PENBW:""PBWI998"",SVOLUME,VAR,'DUR')",MD20P,DUR %,6R,S,,DUR %,,,
PCNT.EMR,I,,"SUBR(SUBR.PENBW:""PBWI998"",SVOLUME,VAR,'EMR')",MD20P,EMR %,6R,S,,EMR %,,,
PCNT.FAR,I,,"SUBR(SUBR.PENBW:""PBWI998"",SVOLUME,VAR,'FAR')",MD20P,FAR %,6R,S,,FAR %,,,
PCNT.FEP,I,,"SUBR(SUBR.PENBW:""PBWI998"",SVOLUME,VAR,'FEP')",MD20P,FEP %,6R,S,,FEP %,,,
PCNT.GAM,I,,"SUBR(SUBR.PENBW:""PBWI998"",SVOLUME,VAR,'GAM')",MD20P,GAM %,6R,S,,GAM %,,,
PCNT.GGR,I,,"SUBR(SUBR.PENBW:""PBWI998"",SVOLUME,VAR,'GGR')",MD20P,GGR %,6R,S,,GGR %,,,
PCNT.GOM,I,,"SUBR(SUBR.PENBW:""PBWI998"",SVOLUME,VAR,'GOM')",MD20P,GOM %,6R,S,,GOM %,,,
PCNT.GOR,I,,"SUBR(SUBR.PENBW:""PBWI998"",SVOLUME,VAR,'GOR')",MD20P,GOR %,6R,S,,GOR %,,,
PCNT.GRE,I,,"SUBR(SUBR.PENBW:""PBWI998"",SVOLUME,VAR,'GRE')",MD20P,GRE %,6R,S,,GRE %,,,
PCNT.GRM,I,,"SUBR(SUBR.PENBW:""PBWI998"",SVOLUME,VAR,'GRM')",MD20P,GRM %,6R,S,,GRM %,,,
PCNT.GRS,I,,"SUBR(SUBR.PENBW:""PBWI998"",SVOLUME,VAR,'GRS')",MD20P,GRS %,6R,S,,GRS %,,,
PCNT.GSH,I,,"SUBR(SUBR.PENBW:""PBWI998"",SVOLUME,VAR,'GSH')",MD20P,GSH %,6R,S,,GSH %,,,
PCNT.GSM,I,,"SUBR(SUBR.PENBW:""PBWI998"",SVOLUME,VAR,'GSM')",MD20P,GSM %,6R,S,,GSM %,,,
PCNT.HIN,I,,"SUBR(SUBR.PENBW:""PBWI998"",SVOLUME,VAR,'HIN')",MD20P,HIN %,6R,S,,HIN %,,,
PCNT.ITA,I,,"SUBR(SUBR.PENBW:""PBWI998"",SVOLUME,VAR,'ITA')",MD20P,ITA %,6R,S,,ITA %,,,
PCNT.KER,I,,"SUBR(SUBR.PENBW:""PBWI998"",SVOLUME,VAR,'KER')",MD20P,KER %,6R,S,,KER %,,,
PCNT.MAR,I,,"SUBR(SUBR.PENBW:""PBWI998"",SVOLUME,VAR,'MAR')",MD20P,MAR %,6R,S,,MAR %,,,
PCNT.MAT,I,,"SUBR(SUBR.PENBW:""PBWI998"",SVOLUME,VAR,'MAT')",MD20P,MAT %,6R,S,,MAT %,,,
PCNT.MER,I,,"SUBR(SUBR.PENBW:""PBWI998"",SVOLUME,VAR,'MER')",MD20P,MER %,6R,S,,MER %,,,
PCNT.MES,I,,"SUBR(SUBR.PENBW:""PBWI998"",SVOLUME,VAR,'MES')",MD20P,MES %,6R,S,,MES %,,,
PCNT.MEU,I,,"SUBR(SUBR.PENBW:""PBWI998"",SVOLUME,VAR,'MEU')",MD20P,MEU %,6R,S,,MEU %,,,
PCNT.MLB,I,,"SUBR(SUBR.PENBW:""PBWI998"",SVOLUME,VAR,'MLB')",MD20P,MLB %,6R,S,,MLB %,,,
PCNT.MLG,I,,"SUBR(SUBR.PENBW:""PBWI998"",SVOLUME,VAR,'MLG')",MD20P,MLG %,6R,S,,MLG %,,,
PCNT.MLN,I,,"SUBR(SUBR.PENBW:""PBWI998"",SVOLUME,VAR,'MLN')",MD20P,MLN %,6R,S,,MLN %,,,
PCNT.MON,I,,"SUBR(SUBR.PENBW:""PBWI998"",SVOLUME,VAR,'MON')",MD20P,MON %,6R,S,,MON %,,,
PCNT.MOR,I,,"SUBR(SUBR.PENBW:""PBWI998"",SVOLUME,VAR,'MOR')",MD20P,MOR %,6R,S,,MOR %,,,
PCNT.MTL,I,,"SUBR(SUBR.PENBW:""PBWI998"",SVOLUME,VAR,'MTL')",MD20P,MTL %,6R,S,,MTL %,,,
PCNT.MUB,I,,"SUBR(SUBR.PENBW:""PBWI998"",SVOLUME,VAR,'MUB')",MD20P,MUB %,6R,S,,MUB %,,,
PCNT.MUD,I,,"SUBR(SUBR.PENBW:""PBWI998"",SVOLUME,VAR,'MUD')",MD20P,MUD %,6R,S,,MUD %,,,
PCNT.MUT,I,,"SUBR(SUBR.PENBW:""PBWI998"",SVOLUME,VAR,'MUT')",MD20P,MUT %,6R,S,,MUT %,,,
PCNT.NEB,I,,"SUBR(SUBR.PENBW:""PBWI998"",SVOLUME,VAR,'NEB')",MD20P,NEB %,6R,S,,NEB %,,,
PCNT.NER,I,,"SUBR(SUBR.PENBW:""PBWI998"",SVOLUME,VAR,'NER')",MD20P,NER %,6R,S,,NER %,,,
PCNT.NEW,I,,"SUBR(SUBR.PENBW:""PBWI998"",SVOLUME,VAR,'NEW')",MD20P,NEW %,6R,S,,NEW %,,,
PCNT.OHA,I,,"SUBR(SUBR.PENBW:""PBWI998"",SVOLUME,VAR,'OHA')",MD20P,OHA %,6R,S,,OHA %,,,
PCNT.OND,I,,"SUBR(SUBR.PENBW:""PBWI998"",SVOLUME,VAR,'OND')",MD20P,OND %,6R,S,,OND %,,,
PCNT.PAL,I,,"SUBR(SUBR.PENBW:""PBWI998"",SVOLUME,VAR,'PAL')",MD20P,PAL %,6R,S,,PAL %,,,
PCNT.PAP,I,,"SUBR(SUBR.PENBW:""PBWI998"",SVOLUME,VAR,'PAP')",MD20P,PAP %,6R,S,,PAP %,,,
PCNT.PED,I,,"SUBR(SUBR.PENBW:""PBWI998"",SVOLUME,VAR,'PED')",MD20P,PED %,6R,S,,PED %,,,
PCNT.PER,I,,"SUBR(SUBR.PENBW:""PBWI998"",SVOLUME,VAR,'PER')",MD20P,PER %,6R,S,,PER %,,,
PCNT.PEV,I,,"SUBR(SUBR.PENBW:""PBWI998"",SVOLUME,VAR,'PEV')",MD20P,PEV %,6R,S,,PEV %,,,
PCNT.PIB,I,,"SUBR(SUBR.PENBW:""PBWI998"",SVOLUME,VAR,'PIB')",MD20P,PIB %,6R,S,,PIB %,,,
PCNT.PIN,I,,"SUBR(SUBR.PENBW:""PBWI998"",SVOLUME,VAR,'PIN')",MD20P,PIN %,6R,S,,PIN %,,,
PCNT.PNG,I,,"SUBR(SUBR.PENBW:""PBWI998"",SVOLUME,VAR,'PNG')",MD20P,PNG %,6R,S,,PNG %,,,
PCNT.PRR,I,,"SUBR(SUBR.PENBW:""PBWI998"",SVOLUME,VAR,'PRR')",MD20P,PRR %,6R,S,,PRR %,,,
PCNT.PTG,I,,"SUBR(SUBR.PENBW:""PBWI998"",SVOLUME,VAR,'PTG')",MD20P,PTG %,6R,S,,PTG %,,,
PCNT.PUC,I,,"SUBR(SUBR.PENBW:""PBWI998"",SVOLUME,VAR,'PUC')",MD20P,PUC %,6R,S,,PUC %,,,
PCNT.RED,I,,"SUBR(SUBR.PENBW:""PBWI998"",SVOLUME,VAR,'RED')",MD20P,RED %,6R,S,,RED %,,,
PCNT.REE,I,,"SUBR(SUBR.PENBW:""PBWI998"",SVOLUME,VAR,'REE')",MD20P,REE %,6R,S,,REE %,,,
PCNT.REF,I,,"SUBR(SUBR.PENBW:""PBWI998"",SVOLUME,VAR,'REF')",MD20P,REF %,6R,S,,REF %,,,
PCNT.RFV,I,,"SUBR(SUBR.PENBW:""PBWI998"",SVOLUME,VAR,'RFV')",MD20P,RFV %,6R,S,,RFV %,,,
PCNT.RIB,I,,"SUBR(SUBR.PENBW:""PBWI998"",SVOLUME,VAR,'RIB')",MD20P,RIB %,6R,S,,RIB %,,,
PCNT.RIE,I,,"SUBR(SUBR.PENBW:""PBWI998"",SVOLUME,VAR,'RIE')",MD20P,RIE %,6R,S,,RIE %,,,
PCNT.RKA,I,,"SUBR(SUBR.PENBW:""PBWI998"",SVOLUME,VAR,'RKA')",MD20P,RKA %,6R,S,,RKA %,,,
PCNT.ROU,I,,"SUBR(SUBR.PENBW:""PBWI998"",SVOLUME,VAR,'ROU')",MD20P,ROU %,6R,S,,ROU %,,,
PCNT.ROX,I,,"SUBR(SUBR.PENBW:""PBWI998"",SVOLUME,VAR,'ROX')",MD20P,ROX %,6R,S,,ROX %,,,
PCNT.RSU,I,,"SUBR(SUBR.PENBW:""PBWI998"",SVOLUME,VAR,'RSU')",MD20P,RSU %,6R,S,,RSU %,,,
PCNT.RUC,I,,"SUBR(SUBR.PENBW:""PBWI998"",SVOLUME,VAR,'RUC')",MD20P,RUC %,6R,S,,RUC %,,,
PCNT.RUR,I,,"SUBR(SUBR.PENBW:""PBWI998"",SVOLUME,VAR,'RUR')",MD20P,RUR %,6R,S,,RUR %,,,
PCNT.RUS,I,,"SUBR(SUBR.PENBW:""PBWI998"",SVOLUME,VAR,'RUS')",MD20P,RUS %,6R,S,,RUS %,,,
PCNT.SAB,I,,"SUBR(SUBR.PENBW:""PBWI998"",SVOLUME,VAR,'SAB')",MD20P,SAB %,6R,S,,SAB %,,,
PCNT.SAM,I,,"SUBR(SUBR.PENBW:""PBWI998"",SVOLUME,VAR,'SAM')",MD20P,SAM %,6R,S,,SAM %,,,
PCNT.SAN,I,,"SUBR(SUBR.PENBW:""PBWI998"",SVOLUME,VAR,'SAN')",MD20P,SAN %,6R,S,,SAN %,,,
PCNT.SCH,I,,"SUBR(SUBR.PENBW:""PBWI998"",SVOLUME,VAR,'SCH')",MD20P,SCH %,6R,S,,SCH %,,,
PCNT.SCS,I,,"SUBR(SUBR.PENBW:""PBWI998"",SVOLUME,VAR,'SCS')",MD20P,SCS %,6R,S,,SCS %,,,
PCNT.SEM,I,,"SUBR(SUBR.PENBW:""PBWI998"",SVOLUME,VAR,'SEM')",MD20P,SEM %,6R,S,,SEM %,,,
PCNT.SGR,I,,"SUBR(SUBR.PENBW:""PBWI998"",SVOLUME,VAR,'SGR')",MD20P,SGR %,6R,S,,SGR %,,,
PCNT.SHC,I,,"SUBR(SUBR.PENBW:""PBWI998"",SVOLUME,VAR,'SHC')",MD20P,SHC %,6R,S,,SHC %,,,
PCNT.SHI,I,,"SUBR(SUBR.PENBW:""PBWI998"",SVOLUME,VAR,'SHI')",MD20P,SHI %,6R,S,,SHI %,,,
PCNT.SMB,I,,"SUBR(SUBR.PENBW:""PBWI998"",SVOLUME,VAR,'SMB')",MD20P,SMB %,6R,S,,SMB %,,,
PCNT.SMG,I,,"SUBR(SUBR.PENBW:""PBWI998"",SVOLUME,VAR,'SMG')",MD20P,SMG %,6R,S,,SMG %,,,
PCNT.SOZ,I,,"SUBR(SUBR.PENBW:""PBWI998"",SVOLUME,VAR,'SOZ')",MD20P,SOZ %,6R,S,,SOZ %,,,
PCNT.SSB,I,,"SUBR(SUBR.PENBW:""PBWI998"",SVOLUME,VAR,'SSB')",MD20P,SSB %,6R,S,,SSB %,,,
PCNT.STK,I,,"SUBR(SUBR.PENBW:""PBWI998"",SVOLUME,VAR,'STK')",MD20P,STK %,6R,S,,STK %,,,
PCNT.SUL,I,,"SUBR(SUBR.PENBW:""PBWI998"",SVOLUME,VAR,'SUL')",MD20P,SUL %,6R,S,,SUL %,,,
PCNT.SUM,I,,"SUBR(SUBR.PENBW:""PBWI998"",SVOLUME,VAR,'SUM')",MD20P,SUM %,6R,S,,SUM %,,,
PCNT.SYL,I,,"SUBR(SUBR.PENBW:""PBWI998"",SVOLUME,VAR,'SYL')",MD20P,SYL %,6R,S,,SYL %,,,
PCNT.TAM,I,,"SUBR(SUBR.PENBW:""PBWI998"",SVOLUME,VAR,'TAM')",MD20P,TAM %,6R,S,,TAM %,,,
PCNT.TAN,I,,"SUBR(SUBR.PENBW:""PBWI998"",SVOLUME,VAR,'TAN')",MD20P,TAN %,6R,S,,TAN %,,,
PCNT.TAR,I,,"SUBR(SUBR.PENBW:""PBWI998"",SVOLUME,VAR,'TAR')",MD20P,TAR %,6R,S,,TAR %,,,
PCNT.TDR,I,,"SUBR(SUBR.PENBW:""PBWI998"",SVOLUME,VAR,'TDR')",MD20P,TDR %,6R,S,,TDR %,,,
PCNT.TEM,I,,"SUBR(SUBR.PENBW:""PBWI998"",SVOLUME,VAR,'TEM')",MD20P,TEM %,6R,S,,TEM %,,,
PCNT.TIA,I,,"SUBR(SUBR.PENBW:""PBWI998"",SVOLUME,VAR,'TIA')",MD20P,TIA %,6R,S,,TIA %,,,
PCNT.TIM,I,,"SUBR(SUBR.PENBW:""PBWI998"",SVOLUME,VAR,'TIM')",MD20P,TIM %,6R,S,,TIM %,,,
PCNT.TOU,I,,"SUBR(SUBR.PENBW:""PBWI998"",SVOLUME,VAR,'TOU')",MD20P,TOU %,6R,S,,TOU %,,,
PCNT.TRB,I,,"SUBR(SUBR.PENBW:""PBWI998"",SVOLUME,VAR,'TRB')",MD20P,TRB %,6R,S,,TRB %,,,
PCNT.TRM,I,,"SUBR(SUBR.PENBW:""PBWI998"",SVOLUME,VAR,'TRM')",MD20P,TRM %,6R,S,,TRM %,,,
PCNT.TRN,I,,"SUBR(SUBR.PENBW:""PBWI998"",SVOLUME,VAR,'TRN')",MD20P,TRN %,6R,S,,TRN %,,,
PCNT.TRR,I,,"SUBR(SUBR.PENBW:""PBWI998"",SVOLUME,VAR,'TRR')",MD20P,TRR %,6R,S,,TRR %,,,
PCNT.TTB,I,,"SUBR(SUBR.PENBW:""PBWI998"",SVOLUME,VAR,'TTB')",MD20P,TTB %,6R,S,,TTB %,,,
PCNT.TTC,I,,"SUBR(SUBR.PENBW:""PBWI998"",SVOLUME,VAR,'TTC')",MD20P,TTC %,6R,S,,TTC %,,,
PCNT.TTM,I,,"SUBR(SUBR.PENBW:""PBWI998"",SVOLUME,VAR,'TTM')",MD20P,TTM %,6R,S,,TTM %,,,
PCNT.TUL,I,,"SUBR(SUBR.PENBW:""PBWI998"",SVOLUME,VAR,'TUL')",MD20P,TUL %,6R,S,,TUL %,,,
PCNT.VAL,I,,"SUBR(SUBR.PENBW:""PBWI998"",SVOLUME,VAR,'VAL')",MD20P,VAL %,6R,S,,VAL %,,,
PCNT.VER,I,,"SUBR(SUBR.PENBW:""PBWI998"",SVOLUME,VAR,'VER')",MD20P,VER %,6R,S,,VER %,,,
PCNT.VIO,I,,"SUBR(SUBR.PENBW:""PBWI998"",SVOLUME,VAR,'VIO')",MD20P,VIO %,6R,S,,VIO %,,,
PCNT.WAC,I,,"SUBR(SUBR.PENBW:""PBWI998"",SVOLUME,VAR,'WAC')",MD20P,WAC %,6R,S,,WAC %,,,
PCNT.WHF,I,,"SUBR(SUBR.PENBW:""PBWI998"",SVOLUME,VAR,'WHF')",MD20P,WHF %,6R,S,,WHF %,,,
PCNT.WHI,I,,"SUBR(SUBR.PENBW:""PBWI998"",SVOLUME,VAR,'WHI')",MD20P,WHI %,6R,S,,WHI %,,,
PCNT.ZIN,I,,"SUBR(SUBR.PENBW:""PBWI998"",SVOLUME,VAR,'ZIN')",MD20P,ZIN %,6R,S,,ZIN %,,,
PCT,I,,"SUBR(""*PZZI211"",""MMSDS"",SVOLUME,100,SUM(SVOLUME),'')",MD20P,PERCENT OF TOTAL,6R,M,LASTCALC,Percent of total composition,,,
PLEVEL,I,,"FIELD(@ID,'*',2)",,PARENT LEVEL,2R,S,,PARENT LEVEL,,,
PRICECD,I,,"SUBR(""*ITYPE.EXT"",SBLEND,4,1)",,PRICE CODE,1L,M,LASTCALC,,,,
PRODNO,I,,"TRANS(MADD,ADD.CODE,'PRODNO','X')",,PRODUCT NUMBER,10L,M,ADD,Financial Product Number,,,
PTANK,I,,"FIELD(@ID,'*',1)",,PARENT TANK,8L,S,,PARENT TANK,,,
RATE,I,,"TRANS(VINT.VARPRICE,SBLEND,RATE,'X')",MD20P,RATE,9R,M,LASTCALC,,,,
RECSIZE,I,,LEN(@RECORD),,Record Size,6R,S,,Record size,,,
SCW.OWN.ALLOC,I,,"TRANS(GENERIC.FILE,TRANS(BWALLOC,@ID,GENERIC,'X'),SCW.ACCT,'X')",,SCW Owned Alloc.,1L,S,,SCW owned generic code,,,
SCW.OWN.BLEND,I,,IF LEN(TBLEND) LE 7 THEN 'Y' ELSE IF TBLEND[1] = 'X' THEN 'N' ELSE 'Y',,SCW Owned Blend,1L,S,,Blend id owned by SCW,,,
SDISTRICT,I,,"TRANS(SOURCE,SOURCE,SDISTRICT,'X')",,,3L,M,LASTCALC,Style District,,,
SDISTRICT.DESCP,I,,"TRANS(SOURCE,SDISTRICT,DESCP,'X')",,Style District,30L,M,LASTCALC,,,,
SOURCE,I,,"SUBR(""!FIELDS"",SUBR(""!FIELDS"",SBLEND,'*',1,1),'-',2,1)",,SOURCE,3L,M,LASTCALC,,,,
SOURCE.DESC,I,,"TRANS(SOURCE,SOURCE,SOURCE.DESC,'X')",,Source Description,15L,M,LASTCALC,15 Character Description,,,
SPERCENT,I,,"SUBR(""*PZZI211"",""MMSDS"",SVOLUME,100,SUM(SVOLUME),'')",MD20P,PERCENT OF TOTAL,6R,M,LASTCALC,Percent of total composition,,,
STATE,I,,"TRANS(SOURCE,SOURCE,'STATE','X')",,State,3L,M,LASTCALC,State in Australia,,,
SUM.COMP.LEVEL,I,,"TRANS(GENERIC.FILE,GENERIC,SUM.COMP.LEVEL,'X')",,Sum Comp Level,2R,M,ALLOC,Summary composition consolidation level,,,
SUM.PERC,I,,IF TANK.VOLUME+0 = 0 THEN 0 ELSE 100 * TOT.SVOLUME / TANK.VOLUME,MD20P,% Comp,6R,S,,Percentage of Tank composition known,,,
SVINTYR,I,,"FIELDS(SBLEND,'*',2)",,Source Blend Vintage,2R,M,,,,,
SVINTYR4,I,,"FIELDS(SBLEND,'*',2)",,Source Blend Vintage,4R,M,LASTCALC,,,,
SW,I,,"FIELD(@ID,'*',1)",,SW,2T,S,,,,,
SW.TANK.ACC,I,,"TRANS(DP,FIELD(@ID,'*',2),CNOTES,'X') ; IF @1 = '' THEN TRANS(DP.FORT,FIELD(@ID,'*',2),CNOTES,'X') ELSE @1 ; IF @2 THEN ACCOUNT    ELSE ''",,S/W  Tank Account,4L,S,,,,,
SWA.PERC,I,,IF TANK.VOLUME THEN SWA.LITRES/TANK.VOLUME*100 ELSE 0,MD20P,,6R,S,,Sustainable Wine Australia percentage,,,
TANK.ACC,I,,"IF FIELD(@ID,'*',1) # 'SW' THEN TRANS(FIN.WH.CODE,@ID[1,1],ACC,'X') ELSE   ''",,Tank Account,4L,S,,1st Character of tank code denotes its account,,,
TANK.BATCH,I,,"TRANS(MTANK,@ID,TBATCHNO,'X')",,BATCH NO,7R,S,,Current Batch Number,,,
TANK.BLEND,I,,"TRANS(MTANK,@ID,TBLEND,'X')",,BLEND CODE,12T,S,,Tank blend,,,
TANK.PREFIX,I,,"@ID[1,1]",,Tank Prefix,1L,S,,,,,
TANK.SORT,I,,"@ID;   @ID[1,1];   IF @ID[2,1]>9 THEN @ID[2,1] ELSE IF @ID[2,1]<0 THEN 9 ELSE 1; IF @ID[3,1]>9 THEN IF   @ID[2,1]>9 THEN @ID[3,1] ELSE 0 ELSE 1;   IF @ID[4,1]>9 THEN IF @ID[3,1]>9 THEN @ID[4,1] ELSE 0 ELSE 1; IF @ID[5,1]>9 THEN IF @ID[4,1]>9 THEN @ID[5,1] ELSE 0 ELSE 1; IF @ID[6,1]>9 THEN @ID[6,1] ELSE 1; LEN(@1); IF TANK.TYPE = ""W"" or TTABLE = ""BG"" THEN 2 ELSE IF TTABLE = ""SW"" THEN 3 ELSE  IF TTABLE = ""TIR"" THEN 4 ELSE   IF @1[2,1]<0 THEN 5 ELSE IF @1[1,1]<""0"" THEN 6 ELSE 1; IF @9 NE 3 THEN @9:@2:@3:@4:@5:@6:@7:@8:@1 ELSE     @9:@1",,Tank       Sort,22L,S,,Sort Tanks alpha num on SUMCOMP.TANK,,,
TANK.TYPE,I,,"TRANS(MTANK,TANK,'TANK.TYPE','X')",,Tank Type,1L,S,,Tank Type,,,
TANK.VOLUME,I,,"SUBR(""*GBWZ171"",TTABLE,TDIP,""V"")",MD10P,VOLUME,9R,S,,Subroutine call for calculation of Volume from Dip,,,
TDIP,I,,"TRANS(MTANK,@ID,TDIP,'X')",MD20P,DIP,8R,S,,,,,
TOT.CVOL,I,,SUM(TVOLUME),MD00P,TOT VOL,9R,S,,Total volume,,,
TOT.PCNT,I,,"SUBR(""!MULS"",SVOLUME,REUSE(100));SUBR(""!DIVS"",@1,REUSE(TANK.VOLUME));SUM(@2)",MD20P,Total %,6R,S,,,,,
TOT.SVOLUME,I,,SUM(SVOLUME)+0,MD10P,TOTAL BLEND VOLUME,9R,S,,,,,
TOT.TVOLUME,I,,SUM(TVOLUME),MD00P,TOT VOL,9R,S,,Total volume,,,
TPERC,I,,"SUBR(""*SFLL113"",TVOLUME,SVOLUME)",MD20P,% age,6R,M,TT,Calculation of percentage of total,,,
TSTATUS,I,,"TRANS(MTANK,@ID,TSTATUS,'X')",,STAT,3T,S,,Blend status after operation is completed,,,
TTABLE,I,,"TRANS(MTANK,@ID,TTABLE,'X')",,TTABLE,3T,S,,,,,
VALUE,I,,STONNES * RATE,MD20P,VALUE,10R,M,LASTCALC,,,,
VAR,I,,"SUBR(""*ITYPE.EXT"",SBLEND,1,3)",,VARIETY,3L,M,LASTCALC,,,,
VAR.NONVAR.DESC,I,,"SUBR('*GBWI927',VAR)",,Variety description,20L,M,LASTCALC,Variety or non varietal description,,,
VARCD,I,,"SUBR('-SUBSTRINGS',SBLEND,1,3)",,VARIETY,3L,M,TT,,,,
VARDESC,I,,"TRANS(MVARIETY,VAR,VARDESCP,'X')",,VARIETY DESCRIPTION,20T,M,LASTCALC,Variety Descritpion,,,
VARIETY,I,,"TBLEND[5,3]",,Blend Variety,3L,,,,,,
VARIETY.OLD,I,,"SUBR('-SUBSTRINGS',SBLEND,1,3)",,VARIETY,3L,M,TT,,,,
VINTYEAR,I,,"FIELDS(SBLEND,'*',2)",NC,VINT YEAR,2R,M,LASTCALC,Vintage Year,,,
VINTYR,I,,"TBLEND[2,2]",,VINTAGE YEAR,2R,S,,,,,
VIYEAR,I,,"TRANS(CONTROL,'VIYEAR',1,'X')",,Curr Vint,4R,S,,Current vintage year,,,
VOL.BVI,I,,"SUBR(SUBR.PENBW:""PBWI1007"",SVOLUME,SVINTYR,VINTYR)",MD10P,Blend Vint Vol,10R,S,,Volume of blend vintage,,,
VOL.CVI,I,,"SUBR(SUBR.PENBW:""PBWI1007"",SVOLUME,SVINTYR,VIYEAR[2])",MD10P,Curr Vint Vol,10R,S,,Volume of current vintage,,,
WINE.STYLE,I,,"TBLEND[4,1]",,Wine Style,1L,S,,,,,
WINERY.LOCATION,I,,"TRANS(MTANK,@ID,'WINERY.LOCATION','X')",,Winery Location,2L,S,,Winery Location,,,
WNOTES,I,,"TRANS(TANK.ORIGIN,@ID,WNOTE,'X')",,Weighnote,11L,M,,,,,
WTO.WINERY,I,,"SUBR('*PZZI211','LOCPOS',WINERY.LOCATION,RAISE(CTRL.WINERY),'',''); IF @1 THEN CTRL.WTO<1,1,@1> ELSE ''",,WTO  Winery,1L,S,,If the winery location is interfaced to Wine Tank Optimisation value  is Y otherwise null,,,
XX,I,,"IFS(GTS(SVOLUME,REUSE(0)) , IFS(GTS(VALUE,REUSE(0)),DIVS(SVOLUME,VALUE),REUSE('B')) , REUSE('C'))",,AVG COST  LITRE,6R,M,LASTCALC,to calculate the average price for multi valued lines,,,
YEAST.BATCH,I,,"IFS(GTS(LENS(ADD.CODE),REUSE(4)),ADD.CODE,'')",,Yeast Batch,7L,M,ADD,Yeast batch,,,
YEAST.BATCH.DESC,I,,"IFS(GTS(LENS(ADD.CODE),REUSE(4)),BATCH.DESC,'')",,Yeast batch Description,30L,M,ADD,Yeast batch description,,,
YIELD,I,,TOTAL(SUM(SVOLUME));TOTAL(SUM(STONNES));IF @ > 0 THEN @1/@ ELSE 0,MD10P,YIELD,7R,S,,To give a yield for multi values,,,
YIELD2,I,,"SUBR(""*PBWI618"",SVOLUME,STONNES)",MD10P,YIELD,7R,M,,To give a yield for individual lines of data,,,
YY,I,,"SUBR(""*YY"",SVOLUME,VALUE)",,AVG COST LITRE,6R,M,LASTCALC,to calculate the average price for multi valued lines,,,
@ENTRO,PH,,TANK TBLEND TBATCHNO   SVOLUME STONNES SBLEND TVOLUME TCOST,,,,,,FOR ENTRO DEFAULT FIELD LIST CREATED 10:18:39 11 MAY 1987,,,
LASTCALC,PH,,SVOLUME STONNES SBLEND YY,,,,,,,,,
MV,PH,,CTANK CBLEND CVOL,,MV,,,,ASSOCIATION OF M/VALUES,,,
TT,PH,,SVOLUME STONNES SBLEND,,,,,,,,,
