# Grange file: TANK.HIST,source: winemaking.xlsm/TH,downloaded: 2025-06-04
Field Name,Type,Field No,Field Definition,Conversion Code,Column Heading,Output Format,Depth,Assoc,DESC,Key,Examples,Comment
@ID,D,0,,,TANK.HIST,10L,S,,Default record ID for RetrieVe,,,
ID1,D,0,,,TANK NO,17R,S,,Tank Number,,,
TANK,D,0,,,Tank,23L,S,,Tank Code,,,
CNOTE,D,1,,,Chits,13L,M,CNOTE,Cellar note number (chit no.) that tank appears on,,,
GL.CNOTE,D,1,,,Chits,13L,M,GL.CNOTE,Cellar note number (chit no.) that tank appears on,,,
ACCOUNT,I,,@WHO,,ACCOUNT,5L,S,,,,,
BWCODE,I,,@WHO[2],,ACCOUNT,5L,S,,,,,
DEL.FLAG,I,,"TRANS(WINERY.LOCATION,WINERY.LOCATION,'DEL.FLAG','X')",Deletion Flag,,1L,S,,,,,
EVAL25212.59,I,,"SUBR(SUBR.PENBW:'PBWI934',@ID);RAISE(TRANS(BWALLOC,@1,GENERIC,'X'))",,"SUBR(SUBR.PENBW:'PBW I934',@ID);RAISE(TRA NS(BWALLOC,@1,GENERI C,'X'))",1L,S,,,,,
FALLOCAFT,I,,"TRANS(BWALLOC.OPSMOVE,CNOTE,'FALLOCAFT','X')",MD10P,From Tank Alloc Aft,6R,M,CNOTE,"From tanks allocated litres after operation (subvalued, corresponds with generic codes in FGENERIC)",,,
FALLOCB4,I,,"TRANS(BWALLOC.OPSMOVE,CNOTE,'FALLOCB4','X')",MD10P,From Tank Alloc B4,6R,M,CNOTE,"From tanks allocated litres before operation (subvalued, corresponds with generic codes in FGENERIC)",,,
FALLOCVINT,I,,"IFS(SUBR('*GBWI1045',WINERY.LOCATION,GL.CNOTE,'U3\65\11'), TRANS(BWALLOC.OPSMOVE,CNOTE,'FVINT','X'),      REUSE(''))",,From Tank  Alloc Vint,4R,M,CNOTE,"From tanks allocations VINTAGE - subvalued, corresponds with  subvalues in FALLOCB4 and FALLOCAFT",,,
FGENERIC,I,,"IFS(SUBR('*GBWI1045',WINERY.LOCATION,GL.CNOTE,'U3\65\11'), TRANS(BWALLOC.OPSMOVE,CNOTE,'FGENERIC','X'),      REUSE(''))",,From Tank  Generic,3L,M,CNOTE,"From tanks generic codes (allocations) - subvalued, corresponds with  subvalues in FALLOCB4 and FALLOCAFT",,,
FMPF.TRUCK,I,,"IFS(SUBR('*GBWI1045',WINERY.LOCATION,GL.CNOTE,65), TRANS(BWALLOC.OPSMOVE,CNOTE,'FGENERIC','X'), REUSE(''))",,From Tank  Generic,3L,M,CNOTE,"From tanks generic codes (allocations) - subvalued, corresponds with  subvalues in FALLOCB4 and FALLOCAFT",,,
FVINT,I,,"TRANS(BWALLOC.OPSMOVE,CNOTE,'FVINT','X')",,From Vint,4R,M,CNOTE,From Tanks allocation Vintage year - subvalued,,,
GBW10,I,,"SUBR('*GZZI500',UV.ACCOUNT,GL.CNOTE)",,,1L,M,GL.CNOTE,"CHIT exists, can use GBW10",,,
GEN.TANK.ACC,I,,"TRANS(DP,FIELD(@ID,'*',2),CNOTES,'X') ; IF @1 = '' THEN TRANS(DP.FORT,FIELD(@ID,'*',2),CNOTES,'X') ELSE @1[2] ; IF @2 THEN ACCOUNT[2] ELSE IF FIELD(@ID,'*',1) = 'SW' THEN TRANS(MBATCH,FIELD(@ID,'/',2),WINERYCD,'X')<1,1,1> ELSE IF FIELD(@ID,'*',1) # 'SW' THEN TRANS(FIN.WH.CODE,@ID[1,1],ACC,'X')[2] ELSE ''",,Tank    Account,10L,S,,Tank Account for ordinary and small wood tanks,,,
GL.@ID,I,,"SUBR('*GBWI1045',WINERY.LOCATION,GL.CNOTE,0)",,OPSMOVE,12L,M,GL.CNOTE,Default record ID for RetrieVe,,,
GL.ACT.CHIPS.COST,I,,"SUBR('*GBWI1045',WINERY.LOCATION,GL.CNOTE,131)",MD40P,Actual Chips Cost,7R,M,GL.CNOTE,Actual Chips cost per litre,,,
GL.ACT.TOT.OH.COST,I,,"SUBR('*GBWI1045',WINERY.LOCATION,GL.CNOTE,133)",MD40P,Actual Total OH.Cost,7R,M,GL.CNOTE,Actual Total Overhead cost per litre,,,
GL.ACT.VAR.OH.COST,I,,"SUBR('*GBWI1045',WINERY.LOCATION,GL.CNOTE,132)",MD40P,Actual Variable OH.Cost,7R,M,GL.CNOTE,Actual Variable Overhead cost per litre,,,
GL.ACT.WOOD.COST,I,,"SUBR('*GBWI1045',WINERY.LOCATION,GL.CNOTE,130)",MD40P,Actual Wood Cost,7R,M,GL.CNOTE,Actual Wood cost per litre,,,
GL.ADD.LOT,I,,"SUBR('*GBWI1045',WINERY.LOCATION,GL.CNOTE,156)",,Additive Lot No.,8R,M,GL.CNOTE,Additive lot number,,,
GL.ADD.LOT.QTY,I,,"SUBR('*GBWI1045',WINERY.LOCATION,GL.CNOTE,212)",MD40P,Add Lot Qty,9R,M,GL.CNOTE,Additive lot quantity on purchase and summary comp correction operations (on actual additive notices MAQTYISS is used),,,
GL.ADD.LOT.QTY.JDE,I,,"SUBR('*GBWI1045',WINERY.LOCATION,GL.CNOTE,172)",MD30P,Lot Qty JDE,9R,M,GL.CNOTE,The quantity of the additive lot sent to JDE as consumption,,,
GL.ADD.LOT.UOM.JDE,I,,"SUBR('*GBWI1045',WINERY.LOCATION,GL.CNOTE,173)",,Lot UOM JDE,6L,M,GL.CNOTE,The unit of measure for the lot quantity that updated JDE,,,
GL.ADDN.NOTICE,I,,"SUBR('*GBWI1045',WINERY.LOCATION,GL.CNOTE,102)",,Addn Chit,9L,M,GL.CNOTE,Linked Additions notice Id,,,
GL.ADDOP.MAINT.ID,I,,"SUBR('*GBWI1045',WINERY.LOCATION,GL.CNOTE,158)",,,8R,M,GL.CNOTE,Multivalued list of @IDS to the ADDOP.MAINT file generated by additive lot maintenance,,,
GL.ADDQTY,I,,"SUBR('*GBWI1045',WINERY.LOCATION,GL.CNOTE,103)",,ADDITIVE QUANTITY,9R,M,GL.CNOTE,Additive quantity as entered on a chit,,,
GL.ADDRATE,I,,"SUBR('*GBWI1045',WINERY.LOCATION,GL.CNOTE,124)",,RATE ADDED,9R,M,GL.CNOTE,Rate of additive addition,,,
GL.ADDS.CORRECTED,I,,"SUBR('*GBWI1045',WINERY.LOCATION,GL.CNOTE,230)",FLAG,,1L,M,GL.CNOTE,Additions and additive lots have been corrected. (includes cleared),,,
GL.AOUMEAS,I,,"SUBR('*GBWI1045',WINERY.LOCATION,GL.CNOTE,125)",,UNIT OF MEASURE,6T,M,GL.CNOTE,Unit of measure for additive,,,
GL.BARREL.SOURCE,I,,"SUBR('*GBWI1045',WINERY.LOCATION,GL.CNOTE,126)",,Barrel Source,14L,M,GL.CNOTE,ID to BARREL.REGISTER where barrels come FROM,,,
GL.BLEND.COST.CODE,I,,"SUBR('*GBWI1045',WINERY.LOCATION,GL.CNOTE,120)",,Cost Code,3L,M,GL.CNOTE,Tank blend cost code,,,
GL.BLEND.COST.LTRS,I,,"SUBR('*GBWI1045',WINERY.LOCATION,GL.CNOTE,121)",MD4,Cost/Ltr,7R,M,GL.CNOTE,Blend costs/litre,,,
GL.BLEND.COST.VAR.LTRS,I,,"SUBR('*GBWI1045',WINERY.LOCATION,GL.CNOTE,129)",MD4,Var. Cost/Ltr,7R,M,GL.CNOTE,Blend Variable cost/litre,,,
GL.BLEND.OUT,I,,"SUBR('*GBWI1045',WINERY.LOCATION,GL.CNOTE,13)",,FROM BLEND CODE,12T,M,GL.CNOTE,From Blend Code,,,
GL.BSTK.REAS,I,,"SUBR('*GBWI1045',WINERY.LOCATION,GL.CNOTE,128)",,Stock Adjustment Reason,40L,M,GL.CNOTE,Reason for bulk wine stocktake adjustment,,,
GL.CHIT.VOLUME.SALVAGED,I,,"SUBR('*GBWI1045',WINERY.LOCATION,GL.CNOTE,153)",MD10P,Volume Salvaged From CHIT,9R,M,GL.CNOTE,Volume salvaged from CHIT,,,
GL.CIR.NUMBER,I,,"SUBR('*GBWI1045',WINERY.LOCATION,GL.CNOTE,205)",,,8L,M,GL.CNOTE,CIR number,,,
GL.CONF.SPEC.BY,I,,"SUBR('*GBWI1045',WINERY.LOCATION,GL.CNOTE,111)",,SPECIFICATIONS CONFIRMED BY,20L,M,GL.CNOTE,Specification Confirmed By,,,
GL.CONF.SPEC.REF,I,,"SUBR('*GBWI1045',WINERY.LOCATION,GL.CNOTE,110)",,SPECIFIC CONFIRMED,10L,M,GL.CNOTE,Specifications Confirmed Reference,,,
GL.CONTRACT.LTRS,I,,"SUBR('*GBWI1045',WINERY.LOCATION,GL.CNOTE,168)",MD10P,,10R,M,GL.CNOTE,Contract litres placed into To tanks (SV),,,
GL.CONTRACT.TONNES,I,,"SUBR('*GBWI1045',WINERY.LOCATION,GL.CNOTE,169)",MD20P,,8R,M,GL.CNOTE,Contract tonnes against To tanks (SV),,,
GL.CONTRACT.UNMAPPED,I,,"SUBR('*GBWI1045',WINERY.LOCATION,GL.CNOTE,170)",,,1L,M,GL.CNOTE,Set to 1 if the To tank Contract weigh note has not been mapped to a grange weigh note (SV),,,
GL.CONTRACT.WNFLAG,I,,"SUBR('*GBWI1045',WINERY.LOCATION,GL.CNOTE,171)",,,1L,M,GL.CNOTE,Status of contract weigh notes against To tanks on a receipt chit of '' - no details 'P' partial details or 'C' complete,,,
GL.CONTRACT.WNOTES,I,,"SUBR('*GBWI1045',WINERY.LOCATION,GL.CNOTE,167)",,,10L,M,GL.CNOTE,Contract weigh notes against To tanks (SV),,,
GL.CREATE.DATE,I,,"SUBR('*GBWI1045',WINERY.LOCATION,GL.CNOTE,182)",D2/,Creation Date,8R,M,GL.CNOTE,Opsmove creation date,,,
GL.CRSLOT,I,,"SUBR('*GBWI1045',WINERY.LOCATION,GL.CNOTE,88)",,Crush Slot,5R,M,GL.CNOTE,Crush slot number (key to crushplan),,,
GL.CRUSH.TONNES,I,,"SUBR('*GBWI1045',WINERY.LOCATION,GL.CNOTE,13)",MD20P,Crush Tonnes,7R,M,GL.CNOTE,Tonnes processed - only applies to crush notes,,,
GL.D.R.LITR.NOTE,I,,"SUBR('*GBWI1045',WINERY.LOCATION,GL.CNOTE,7)",,Litres or Note,10L,M,GL.CNOTE,Despatch or receipt note litres or note,,,
GL.D.R.LITR.NOTE.HD,I,,"SUBR('*GBWI1045',WINERY.LOCATION,GL.CNOTE,6)",,D.R Head,5L,M,GL.CNOTE,Heading for D.R.LITR.NOTE field,,,
GL.DATE.FINISHED,I,,"SUBR('*GBWI1045',WINERY.LOCATION,GL.CNOTE,208)",D4/,,10R,M,GL.CNOTE,Date finished,,,
GL.DATE.STARTED,I,,"SUBR('*GBWI1045',WINERY.LOCATION,GL.CNOTE,206)",D4/,,10R,M,GL.CNOTE,Date started,,,
GL.DATE.UPDATED,I,,"SUBR('*GBWI1045',WINERY.LOCATION,GL.CNOTE,225)",D2/,Date updated,8R,M,GL.CNOTE,Date operation updated,,,
GL.DATES.PRINTED,I,,"SUBR('*GBWI1045',WINERY.LOCATION,GL.CNOTE,185)",D2/,Dates Chit Printed,8R,M,GL.CNOTE,Dates the chit has been printed (MV),,,
GL.DE.CONS,I,,"SUBR('*GBWI1045',WINERY.LOCATION,GL.CNOTE,95)",,Cons No.,14L,M,GL.CNOTE,Despatch consignment number,,,
GL.DE.DATE,I,,"SUBR('*GBWI1045',WINERY.LOCATION,GL.CNOTE,98)",,Despatch Date,8L,M,GL.CNOTE,Despatch Date,,,
GL.DE.FLOCN,I,,"SUBR('*GBWI1045',WINERY.LOCATION,GL.CNOTE,91)",,FL,2L,M,GL.CNOTE,Despatch from sub location,,,
GL.DE.FRT.COST,I,,"SUBR('*GBWI1045',WINERY.LOCATION,GL.CNOTE,113)",MD40P,Freight Cost/ Litre,7R,M,GL.CNOTE,Freight cost per litre for despatch and purchase chits if we are paying for the freight.,,,
GL.DE.FTANK,I,,"SUBR('*GBWI1045',WINERY.LOCATION,GL.CNOTE,99)",,Desp. From Tank,5L,M,GL.CNOTE,From tank numbers which Truck/Line wine blends come from in Despatch notes,,,
GL.DE.FTIRAGE,I,,"SUBR('*GBWI1045',WINERY.LOCATION,GL.CNOTE,154)",,Tirage info,10L,M,GL.CNOTE,Tirage information,,,
GL.DE.HRS,I,,"SUBR('*GBWI1045',WINERY.LOCATION,GL.CNOTE,97)",,T/hrs,5R,M,GL.CNOTE,Despatch est travel hours,,,
GL.DE.INT.TANK,I,,"SUBR('*GBWI1045',WINERY.LOCATION,GL.CNOTE,114)",,Intransit Tanks,5L,M,GL.CNOTE,Intransit tank codes,,,
GL.DE.MOVE.BKNG,I,,"SUBR('*GBWI1045',WINERY.LOCATION,GL.CNOTE,217)",,MOVE Booking,10R,M,GL.CNOTE,MOVE booking number,,,
GL.DE.ORDERNO,I,,"SUBR('*GBWI1045',WINERY.LOCATION,GL.CNOTE,93)",,Order No.,9L,M,GL.CNOTE,Despatch order number,,,
GL.DE.PAY.TYPE,I,,"SUBR('*GBWI1045',WINERY.LOCATION,GL.CNOTE,96)",,Pay,1L,M,GL.CNOTE,Despatch payment type -  (S)tandard / (B)ackload / (H)ourly / (C)ustomer pays,,,
GL.DE.STD.TOT.CST.ADD,I,,"SUBR('*GBWI1045',WINERY.LOCATION,GL.CNOTE,47)",MD40P,Standard  Total Cost Additional,7R,M,GL.CNOTE,Standard total cost per litre to add to existing cost for an intransit tank on a receipt chit,,,
GL.DE.STD.TOT.CST.OVR,I,,"SUBR('*GBWI1045',WINERY.LOCATION,GL.CNOTE,45)",MD40P,Standard  Total Cost Overwrite,7R,M,GL.CNOTE,Standard total cost per litre to overwrite existing cost for an intransit tank on a receipt chit,,,
GL.DE.STD.VAR.CST.ADD,I,,"SUBR('*GBWI1045',WINERY.LOCATION,GL.CNOTE,46)",MD40P,Standard  Variable Cost Additional,7R,M,GL.CNOTE,Standard variable cost per litre to add to existing cost for an intransit tank on a receipt chit,,,
GL.DE.STD.VAR.CST.OVR,I,,"SUBR('*GBWI1045',WINERY.LOCATION,GL.CNOTE,44)",MD40P,Standard  Variable Cost Overwrite,7R,M,GL.CNOTE,Standard variable cost per litre to overwrite existing cost for an intransit tank on a receipt chit,,,
GL.DE.TLOCN,I,,"SUBR('*GBWI1045',WINERY.LOCATION,GL.CNOTE,92)",,TL,2L,M,GL.CNOTE,Despatch to sub location,,,
GL.DE.TRANS,I,,"SUBR('*GBWI1045',WINERY.LOCATION,GL.CNOTE,94)",,Trans Co.,8L,M,GL.CNOTE,Despatch transport company,,,
GL.DE.TYPE,I,,"SUBR('*GBWI1045',WINERY.LOCATION,GL.CNOTE,90)",,Type,3L,M,GL.CNOTE,Despatch transaction type,,,
GL.DIST.FROM,I,,"SUBR('*GBWI1045',WINERY.LOCATION,GL.CNOTE,10)",,DIST FROM,4L,M,GL.CNOTE,Distilled from Description ie. MARC or WINE,,,
GL.ENTERED.VV,I,,"SUBR('*GBWI1045',WINERY.LOCATION,GL.CNOTE,165)",,Entered % Alcohol by volume,6R,M,GL.CNOTE,Enter % alcohol by volume,,,
GL.FG.CODE.DATE,I,,"SUBR('*GBWI1045',WINERY.LOCATION,GL.CNOTE,152)",,Finished/WIP Code of Salvaged Item Bottling Chits,20L,M,GL.CNOTE,Finished Goods Code * Original Production Date,,,
GL.FIN.GOODS.CODE,I,,"SUBR('*GBWI1045',WINERY.LOCATION,GL.CNOTE,119)",,FIN GOODS CODE,7L,M,GL.CNOTE,Finished Goods Code referencing ORDERS file (att 29),,,
GL.FROM.IBM,I,,"SUBR('*GBWI1045',WINERY.LOCATION,GL.CNOTE,84)",,FROM I.B.M. FILE(S),8L,M,GL.CNOTE,List of I.B.M. files that this record was made up of,,,
GL.FT.GL.AFT,I,,"SUBR('*GBWI1045',WINERY.LOCATION,GL.CNOTE,146)",,From Tank Grade Level After,2L,M,GL.CNOTE,From Tank Grade Level After,,,
GL.FT.GL.B4,I,,"SUBR('*GBWI1045',WINERY.LOCATION,GL.CNOTE,145)",,From Tank Grade Level Before,2L,M,GL.CNOTE,From Tank Grade Level B4,,,
GL.FTANK.PREV.CNOTE,I,,"SUBR('*GBWI1045',WINERY.LOCATION,GL.CNOTE,12)",,FROM TANK PREV CELLAR NOTE,13L,M,GL.CNOTE,From Tank previous Operation Note number,,,
GL.FTVOLM,I,,"SUBR('*GBWI1045',WINERY.LOCATION,GL.CNOTE,86)",,From Vol Moved,8R,M,GL.CNOTE,Volume moved from FROM tank,,,
GL.GL.CODE,I,,"SUBR('*GBWI1045',WINERY.LOCATION,GL.CNOTE,204)",,,4L,M,GL.CNOTE,Gain/Loss reason code,,,
GL.GL.INIT.PRG,I,,"SUBR('*GBWI1045',WINERY.LOCATION,GL.CNOTE,80)",,INITS,8L,M,GL.CNOTE,Initials of Person or program name Who Entered Loss/Gain Reason,,,
GL.GL.INITS,I,,"SUBR('*GBWI1045',WINERY.LOCATION,GL.CNOTE,80)",,INITS,3L,M,GL.CNOTE,Initials of Person Who Entered Loss/Gain Reason,,,
GL.GL.REASON,I,,"SUBR('*GBWI1045',WINERY.LOCATION,GL.CNOTE,79)",,LOSS/GAIN REASON,40L,M,GL.CNOTE,Loss/Gain Reason Why,,,
GL.GL.VIYEAR,I,,"SUBR('*GBWI1045',WINERY.LOCATION,GL.CNOTE,144)",,Grade Level Vintage,4R,M,GL.CNOTE,Grade Level Vintage Year,,,
GL.IFLEVEL,I,,"SUBR('*GBWI1045',WINERY.LOCATION,GL.CNOTE,82)",,FROM INV LEVEL,3L,M,GL.CNOTE,From Inventory Level,,,
GL.IGL.COMMENT,I,,"SUBR('*GBWI1045',WINERY.LOCATION,GL.CNOTE,34)",,IGL Comment,30L,M,GL.CNOTE,IGL comment,,,
GL.IMTLEVEL,I,,"SUBR('*GBWI1045',WINERY.LOCATION,GL.CNOTE,85)",,TR INV LEVEL,3L,M,GL.CNOTE,Truck Inventory level,,,
GL.ITLEVEL,I,,"SUBR('*GBWI1045',WINERY.LOCATION,GL.CNOTE,83)",,TO INV LEVEL,3L,M,GL.CNOTE,To Inventory Level,,,
GL.MACTIV,I,,"SUBR('*GBWI1045',WINERY.LOCATION,GL.CNOTE,1)",,REC    ACT,1T,M,GL.CNOTE,"Record activity code ,  R = requested ops, S = operation started but not yet completed,  N = completed ops but not yet checked, A = completed & checked ops  NOTE - This file contains requested cellar notes & completed notes and current active notes",,,
GL.MADATE,I,,"SUBR('*GBWI1045',WINERY.LOCATION,GL.CNOTE,4)",D2/,COMPLETE DATE,8R,M,GL.CNOTE,System completion date,,,
GL.MADATE.E,I,,"SUBR('*GBWI1045',WINERY.LOCATION,GL.CNOTE,4)",D4/E,COMPLETE DATE,10R,M,GL.CNOTE,System completion date,,,
GL.MADATE.I,I,,"SUBR('*GBWI1045',WINERY.LOCATION,GL.CNOTE,4)",,ACTUAL DATE,5R,M,GL.CNOTE,Date actual action started (no output conv),,,
GL.MADATE.UN,I,,"SUBR('*GBWI1045',WINERY.LOCATION,GL.CNOTE,4)",,ACTUAL DATE,8R,M,GL.CNOTE,Date actual action started,,,
GL.MADDCD,I,,"SUBR('*GBWI1045',WINERY.LOCATION,GL.CNOTE,6)",,ADD CODE,4T,M,GL.CNOTE,Additive identification code,,,
GL.MADESCP,I,,"SUBR('*GBWI1045',WINERY.LOCATION,GL.CNOTE,34)",,ADDITIONS DESCRIPTION,72T,M,GL.CNOTE,Additions description,,,
GL.MAMONTH,I,,"SUBR('*GBWI1045',WINERY.LOCATION,GL.CNOTE,4)","DYM[2,2] MCN",Actual Month,4R,M,GL.CNOTE,Month Number MADATE,,,
GL.MAQTYISS,I,,"SUBR('*GBWI1045',WINERY.LOCATION,GL.CNOTE,7)",MD40P,ADDITIVE QUANTITY ISSUED,9R,M,GL.CNOTE,Additive quantity issued,,,
GL.MASTATUS,I,,"SUBR('*GBWI1045',WINERY.LOCATION,GL.CNOTE,36)",,ADD STAT,2T,M,GL.CNOTE,Additive status,,,
GL.MATIME,I,,"SUBR('*GBWI1045',WINERY.LOCATION,GL.CNOTE,68)",MTS,COMPLETE TIME,9R,M,GL.CNOTE,System Completion Time,,,
GL.MATIME.SHT,I,,"SUBR('*GBWI1045',WINERY.LOCATION,GL.CNOTE,68)",MT,Time,5R,M,GL.CNOTE,Actual Time of Operation Completion Short version,,,
GL.MAUDVOL,I,,"SUBR('*GBWI1045',WINERY.LOCATION,GL.CNOTE,9)",,U/D TANK VOL,1T,M,GL.CNOTE,Update tank volume (Y/N),,,
GL.MAUOMISS,I,,"SUBR('*GBWI1045',WINERY.LOCATION,GL.CNOTE,8)",,ADDITIVE UNIT MEASURE ISSUED,12T,M,GL.CNOTE,Additive unit of measure as issued,,,
GL.MCNOTE,I,,"SUBR('*GBWI1045',WINERY.LOCATION,GL.CNOTE,0)",,Cellar Note,13L,M,GL.CNOTE,Cellar note number - AAAyynnnn for user AAA / year yy / number nnnn,,,
GL.MCOMMENT,I,,"SUBR('*GBWI1045',WINERY.LOCATION,GL.CNOTE,10)",,COMMENT FOR FOOT OF CELLAR NOTE,30T,M,GL.CNOTE,User comment for foot of cellar note. For MOVE despatch and receipt  chits this is entered in MOVE.,,,
GL.MCUST,I,,"SUBR('*GBWI1045',WINERY.LOCATION,GL.CNOTE,27)",,CUST,9L,M,GL.CNOTE,Assigned customer,,,
GL.MCUST.OLD,I,,"SUBR('*GBWI1045',WINERY.LOCATION,GL.CNOTE,27)",,CUST,3T,M,GL.CNOTE,Assigned customer,,,
GL.MEDATE,I,,"SUBR('*GBWI1045',WINERY.LOCATION,GL.CNOTE,29)",D2/,Entered Date Completed,8R,M,GL.CNOTE,Entered Date completed - used by addition notices,,,
GL.MFALLOCLITRES,I,,"SUBR('*GBWI1045',WINERY.LOCATION,GL.CNOTE,191)",,Litres Allocated,9R,M,GL.CNOTE,From Tank Allocated Litres,,,
GL.MFALLOCPERC,I,,"SUBR('*GBWI1045',WINERY.LOCATION,GL.CNOTE,198)",MD20P,Allocated Percentage,10R,M,GL.CNOTE,'From' tank allocation percentage this volume,,,
GL.MFALLOCVINT,I,,"SUBR('*GBWI1045',WINERY.LOCATION,GL.CNOTE,190)",,Vint,4R,M,GL.CNOTE,From Tank Allocation Vintage,,,
GL.MFBATCH,I,,"SUBR('*GBWI1045',WINERY.LOCATION,GL.CNOTE,55)",,FROM BATCH,7L,M,GL.CNOTE,From Batch/Group Number,,,
GL.MFBLEND,I,,"SUBR('*GBWI1045',WINERY.LOCATION,GL.CNOTE,13)",,FROM BLEND CODE,12T,M,GL.CNOTE,From Blend Code,,,
GL.MFBLEND10,I,,"SUBR('*GBWI1045',WINERY.LOCATION,GL.CNOTE,13)",,FROM BLEND,10T,M,GL.CNOTE,From Blend Code,,,
GL.MFCHEMNO,I,,"SUBR('*GBWI1045',WINERY.LOCATION,GL.CNOTE,211)",,From Tank Chem Req.,10L,M,GL.CNOTE,Chemistry request number associated with FROM tanks,,,
GL.MFCLASS,I,,"SUBR('*GBWI1045',WINERY.LOCATION,GL.CNOTE,49)",,CLASS,4T,M,GL.CNOTE,Spirit Tanks Class,,,
GL.MFCNOTE,I,,"SUBR('*GBWI1045',WINERY.LOCATION,GL.CNOTE,12)",,F/CELLAR NOTE NO,13L,M,GL.CNOTE,From Cellar note no. or delivery docket/date no.- series of sub values,,,
GL.MFDATEIN,I,,"SUBR('*GBWI1045',WINERY.LOCATION,GL.CNOTE,63)",D2/,SENT INTO DIST DATE,8R,M,GL.CNOTE,Date Sent into Distillation,,,
GL.MFDCNOTE,I,,"SUBR('*GBWI1045',WINERY.LOCATION,GL.CNOTE,62)",,FROM DIST CELLAR NO,7R,M,GL.CNOTE,From Distillation Cellar Note no.,,,
GL.MFDIPAFT,I,,"SUBR('*GBWI1045',WINERY.LOCATION,GL.CNOTE,16)",,F/TANK AFT DIP,7R1,M,GL.CNOTE,From Tank after dip,,,
GL.MFDIPB4,I,,"SUBR('*GBWI1045',WINERY.LOCATION,GL.CNOTE,15)",,F/TANK B4 DIP,7R1,M,GL.CNOTE,From Tank B4 dip,,,
GL.MFDVOL,I,,"SUBR('*GBWI1045',WINERY.LOCATION,GL.CNOTE,61)",,FROM DIST VOLUME,8R,M,GL.CNOTE,From Distillation Volume,,,
GL.MFGENERIC,I,,"SUBR('*GBWI1045',WINERY.LOCATION,GL.CNOTE,189)",,From Tank Generic Code,3L,M,GL.CNOTE,From Tank Generic Code,,,
GL.MFHYD,I,,"SUBR('*GBWI1045',WINERY.LOCATION,GL.CNOTE,159)",,From Obscuration Reading,7R,M,GL.CNOTE,From Tank Obscuration Reading,,,
GL.MFLALS,I,,"SUBR('*GBWI1045',WINERY.LOCATION,GL.CNOTE,52)",,FROM LALS,8R,M,GL.CNOTE,Spirit Tanks Spirit LALS,,,
GL.MFLALS.20,I,,"SUBR('*GBWI1045',WINERY.LOCATION,GL.CNOTE,161)",,From LALs @ 20oC,7R,M,GL.CNOTE,From LALs @ 20oC,,,
GL.MFLALUSED,I,,"SUBR('*GBWI1045',WINERY.LOCATION,GL.CNOTE,54)",,LALS USED,8R,M,GL.CNOTE,Spirit Tanks Spirit LALS Used,,,
GL.MFLITREQ,I,,"SUBR('*GBWI1045',WINERY.LOCATION,GL.CNOTE,50)",,LITRES REQUIRED,8R,M,GL.CNOTE,Spirit Tanks Litres Required of Spirit,,,
GL.MFLITUSED,I,,"SUBR('*GBWI1045',WINERY.LOCATION,GL.CNOTE,53)",,LITRES USED,8R,M,GL.CNOTE,Spirit Tanks Spirit Litres Used,,,
GL.MFLOW,I,,"SUBR('*GBWI1045',WINERY.LOCATION,GL.CNOTE,28)",,FLOW NOTE,1T,M,GL.CNOTE,"Cellar note was raise as part of a flow series - ""F"" , otherwise null",,,
GL.MFOBS,I,,"SUBR('*GBWI1045',WINERY.LOCATION,GL.CNOTE,160)",,From Obscuration Reading,7R,M,GL.CNOTE,From Tank Obscuration Reading,,,
GL.MFOPCD,I,,"SUBR('*GBWI1045',WINERY.LOCATION,GL.CNOTE,39)",,F/OP CODE,4T,M,GL.CNOTE,Operation Code,,,
GL.MFOPCTR,I,,"SUBR('*GBWI1045',WINERY.LOCATION,GL.CNOTE,38)",,F/OP CNTR,4T,M,GL.CNOTE,Operation Centre,,,
GL.MFRCNOTE,I,,"SUBR('*GBWI1045',WINERY.LOCATION,GL.CNOTE,32)",,FROM REL C/NOTE #,7R,M,GL.CNOTE,Related from Cellar Note No.,,,
GL.MFSELNOS,I,,"SUBR('*GBWI1045',WINERY.LOCATION,GL.CNOTE,64)",,DIST NOS,4R,M,GL.CNOTE,Distillation Selected Lines numbers,,,
GL.MFSTATUS,I,,"SUBR('*GBWI1045',WINERY.LOCATION,GL.CNOTE,14)",,FROM BLEND STATUS,3T,M,GL.CNOTE,From Blend Status,,,
GL.MFSTR,I,,"SUBR('*GBWI1045',WINERY.LOCATION,GL.CNOTE,51)",,STR,4R,M,GL.CNOTE,Spirit Tanks Spirit Strength,,,
GL.MFSWFROMTO,I,,"SUBR('*GBWI1045',WINERY.LOCATION,GL.CNOTE,64)",,FROM/TO CASKS,8L,M,GL.CNOTE,Small Wood From/To - To Tanks,,,
GL.MFSWQTY,I,,"SUBR('*GBWI1045',WINERY.LOCATION,GL.CNOTE,59)",,S/WOOD FROM QTY,7R,M,GL.CNOTE,From tanks Small Wood Qty,,,
GL.MFSWSTORE,I,,"SUBR('*GBWI1045',WINERY.LOCATION,GL.CNOTE,62)",,STORE/ STACK,6L,M,GL.CNOTE,Small Wood Store - From,,,
GL.MFSWSTORE12,I,,"SUBR('*GBWI1045',WINERY.LOCATION,GL.CNOTE,62)",,FROM STORE /STACK,12T,M,GL.CNOTE,Small Wood Store - From,,,
GL.MFTANK,I,,"SUBR('*GBWI1045',WINERY.LOCATION,GL.CNOTE,11)",,FROM TANK NO,6L,M,GL.CNOTE,From Tank No,,,
GL.MFTANK15,I,,"SUBR('*GBWI1045',WINERY.LOCATION,GL.CNOTE,11)",,BLEND/GROUP,15L,M,GL.CNOTE,From Tank No,,,
GL.MFTEMP,I,,"SUBR('*GBWI1045',WINERY.LOCATION,GL.CNOTE,59)",,FROM TEMP,7R,M,GL.CNOTE,From Temperature Distillation/Spirit,,,
GL.MFTIRBOT,I,,"SUBR('*GBWI1045',WINERY.LOCATION,GL.CNOTE,59)",,FROM TIRAGE BOTTLES,7R,M,GL.CNOTE,From Tirage Bottles Qty,,,
GL.MFTIRSTORE,I,,"SUBR('*GBWI1045',WINERY.LOCATION,GL.CNOTE,62)",,FROM TIRAGE BOTTLES STORAGE,10L,M,GL.CNOTE,From Tirage Bottles Storage,,,
GL.MFTSTAT,I,,"SUBR('*GBWI1045',WINERY.LOCATION,GL.CNOTE,30)",,F/T STAT,2T,M,GL.CNOTE,"From Tank status "" "" on action yet, S-started, C-completed, M- empty",,,
GL.MFVOL,I,,"SUBR('*GBWI1045',WINERY.LOCATION,GL.CNOTE,17)",,FROM TANK VOL B4,8R,M,GL.CNOTE,From Tank Volume of Before Dip,,,
GL.MFVOLA,I,,"SUBR('*GBWI1045',WINERY.LOCATION,GL.CNOTE,57)",,FROM TANK VOL AFT,8R,M,GL.CNOTE,From Tank Volume of After Dip,,,
GL.MGAINLOSS,I,,"SUBR('*GBWI1045',WINERY.LOCATION,GL.CNOTE,42)",,GAIN/LOSS,8R,M,GL.CNOTE,Gain or Loss Associated with this Cellar Note,,,
GL.MGL,I,,"SUBR('*GBWI1045',WINERY.LOCATION,GL.CNOTE,42)",MD00P,GAIN/LOSS,8R,M,GL.CNOTE,Gain or Loss Associated with this Cellar Note,,,
GL.MHCOMMENT,I,,"SUBR('*GBWI1045',WINERY.LOCATION,GL.CNOTE,35)",,COMMENT FOR HEADING OF CELLAR NOTE,30T,M,GL.CNOTE,User comment for heading of cellar note - U/D in create & update of cellar notes,,,
GL.MLITRES,I,,"SUBR('*GBWI1045',WINERY.LOCATION,GL.CNOTE,70)",,LITRES PURCHASED,8R,M,GL.CNOTE,Litres Purchased,,,
GL.MOPCD,I,,"SUBR('*GBWI1045',WINERY.LOCATION,GL.CNOTE,5)",,OPER CODE,4L,M,GL.CNOTE,Operation identification code,,,
GL.MOPCD.10,I,,"SUBR('*GBWI1045',WINERY.LOCATION,GL.CNOTE,5)",,OP CODE,10L,M,GL.CNOTE,Operation identification code,,,
GL.MOPCD10,I,,"SUBR('*GBWI1045',WINERY.LOCATION,GL.CNOTE,5)",,OPERATION CODE,14L,M,GL.CNOTE,Operation identification code,,,
GL.MOVE.BATCH,I,,"SUBR('*GBWI1045',WINERY.LOCATION,GL.CNOTE,222)",,MOVE Batch,7L,M,GL.CNOTE,MOVE Batch code captured by DEFUSE extract,,,
GL.MOVE.BLEND,I,,"SUBR('*GBWI1045',WINERY.LOCATION,GL.CNOTE,221)",,MOVE Blend,12L,M,GL.CNOTE,MOVE Blend code captured by DEFUSE extract,,,
GL.MOVE.CH.COMM,I,,"SUBR('*GBWI1045',WINERY.LOCATION,GL.CNOTE,224)",,MOVE cellar hand comments,40L,M,GL.CNOTE,MOVE cellar hand comments (from MOVE),,,
GL.MOVE.ERR.TXT,I,,"SUBR('*GBWI1045',WINERY.LOCATION,GL.CNOTE,215)",,Error text for MOVE,60L,M,GL.CNOTE,Error text to be sent via interface to project MOVE,,,
GL.MOVE.IFACE.NO,I,,"SUBR('*GBWI1045',WINERY.LOCATION,GL.CNOTE,218)",,Last MOVE I/Face,1R,M,GL.CNOTE,MOVE Interface number 1 to 4 (5 excluded) to last update CHIT.,,,
GL.MOVE.IFACED,I,,"SUBR('*GBWI1045',WINERY.LOCATION,GL.CNOTE,214)",,MOVE I Faced,1L,M,GL.CNOTE,The chit is interfaced with project MOVE,,,
GL.MOVE.MPF,I,,"SUBR('*GBWI1045',WINERY.LOCATION,GL.CNOTE,219)",,MOVE MPF,3L,M,GL.CNOTE,,,,
GL.MOVE.TRNSPT.REQ,I,,"SUBR('*GBWI1045',WINERY.LOCATION,GL.CNOTE,216)",,MOVE Transport Request,10R,M,GL.CNOTE,MOVE Transport request number,,,
GL.MOVE.VOLUME,I,,"SUBR('*GBWI1045',WINERY.LOCATION,GL.CNOTE,220)",MD00P,MOVE Volume,10R,M,GL.CNOTE,Total volume on MOVE transport request,,,
GL.MOVE.WINE.STATUS,I,,"SUBR('*GBWI1045',WINERY.LOCATION,GL.CNOTE,223)",,MOVE Wine Status,3L,M,GL.CNOTE,MOVE Wine Status captured by DEFUSE extract,,,
GL.MPLIT,I,,"SUBR('*GBWI1045',WINERY.LOCATION,GL.CNOTE,73)",,PRICE/ LITRE,6R,M,GL.CNOTE,Price per Litre Paid for Purchased Wine,,,
GL.MPONOS,I,,"SUBR('*GBWI1045',WINERY.LOCATION,GL.CNOTE,72)",,P/O NOS,10R,M,GL.CNOTE,Purcahse Order Number That Wine was Purchased on,,,
GL.MPRNTFLAG,I,,"SUBR('*GBWI1045',WINERY.LOCATION,GL.CNOTE,37)",,PRNT  FLAG,2T,M,GL.CNOTE,"Print flag for Cellar Operation Notices.  NP = not yet printed, P = printed, M = modified, MN = Modified not yet printed, MP = Modified printed.",,,
GL.MRDATE,I,,"SUBR('*GBWI1045',WINERY.LOCATION,GL.CNOTE,2)",D2/,REQUIRED DATE,8R,M,GL.CNOTE,Date request made for operations,,,
GL.MRTIME,I,,"SUBR('*GBWI1045',WINERY.LOCATION,GL.CNOTE,3)",MTS,REQUIRED TIME,6R,M,GL.CNOTE,Time request made for operation,,,
GL.MT.BARREL.DEST,I,,"SUBR('*GBWI1045',WINERY.LOCATION,GL.CNOTE,127)",,MT Barrel Destination,14L,M,GL.CNOTE,ID to BARREL.REGISTER of where MT barrels go,,,
GL.MTALLOCLITRES,I,,"SUBR('*GBWI1045',WINERY.LOCATION,GL.CNOTE,197)",,Litres Allocated,9R,M,GL.CNOTE,To Tank Allocated Litres,,,
GL.MTALLOCVINT,I,,"SUBR('*GBWI1045',WINERY.LOCATION,GL.CNOTE,196)",,Vint,4R,M,GL.CNOTE,To Tank Allocation Vintage,,,
GL.MTBATCH,I,,"SUBR('*GBWI1045',WINERY.LOCATION,GL.CNOTE,56)",,TO BATCH,7L,M,GL.CNOTE,To Batch/Group Number,,,
GL.MTBLEND,I,,"SUBR('*GBWI1045',WINERY.LOCATION,GL.CNOTE,20)",,TO BLEND CODES,12T,M,GL.CNOTE,To Blend Codes,,,
GL.MTBLEND10,I,,"SUBR('*GBWI1045',WINERY.LOCATION,GL.CNOTE,20)",,TO BLEND,10T,M,GL.CNOTE,To Blend Codes,,,
GL.MTBOTBLEND,I,,"SUBR('*GBWI1045',WINERY.LOCATION,GL.CNOTE,66)",,BLEND BOTTLED,12L,M,GL.CNOTE,Blend Sent for Bottling,,,
GL.MTBOTDATE,I,,"SUBR('*GBWI1045',WINERY.LOCATION,GL.CNOTE,69)",D2/,DATE BOTTLED,8R,M,GL.CNOTE,Date Sent for Bottling,,,
GL.MTBOTDATE.E,I,,"SUBR('*GBWI1045',WINERY.LOCATION,GL.CNOTE,69)",D4/E,DATE BOTTLED,10R,M,GL.CNOTE,Date Sent for Bottling,,,
GL.MTBOTDATE.EP,I,,"SUBR('*GBWI1045',WINERY.LOCATION,GL.CNOTE,69)",,DATE BOTTLED,8R,M,GL.CNOTE,Date Sent for Bottling = no conversion,,,
GL.MTBOTLINE,I,,"SUBR('*GBWI1045',WINERY.LOCATION,GL.CNOTE,65)",,LINE NOS,4R,M,GL.CNOTE,Line Number Bottling Done on for STMN to 'BOT' & DISG notes.,,,
GL.MTBOTLITRES,I,,"SUBR('*GBWI1045',WINERY.LOCATION,GL.CNOTE,67)",,LITRES BOTTLED,9R,M,GL.CNOTE,Litres Sent for Bottling,,,
GL.MTBOTPROD,I,,"SUBR('*GBWI1045',WINERY.LOCATION,GL.CNOTE,70)",,PRODUCT BOTTLED,7L,M,GL.CNOTE,Financial Product Code Bottled,,,
GL.MTCHEMNO,I,,"SUBR('*GBWI1045',WINERY.LOCATION,GL.CNOTE,26)",,TO TANK  CHEM #,12L,M,GL.CNOTE,"To Tank series of ""sub values""  chemistry reference no. performed on these tanks since this operation",,,
GL.MTCLASS,I,,"SUBR('*GBWI1045',WINERY.LOCATION,GL.CNOTE,187)",,To Class,4L,M,GL.CNOTE,Spirit Class - TO,,,
GL.MTCNOTE,I,,"SUBR('*GBWI1045',WINERY.LOCATION,GL.CNOTE,19)",,TO CELLAR NOTE NO,10R,M,GL.CNOTE,To Cellar note no. or despatch/invoice no.- series of sub values,,,
GL.MTCOMMENT,I,,"SUBR('*GBWI1045',WINERY.LOCATION,GL.CNOTE,25)",,TO COMMENTS,20T,M,GL.CNOTE,Comments,,,
GL.MTDIPAFT,I,,"SUBR('*GBWI1045',WINERY.LOCATION,GL.CNOTE,23)",,TO TANK AFT DIPS,7R1,M,GL.CNOTE,To Tank after dips,,,
GL.MTDIPB4,I,,"SUBR('*GBWI1045',WINERY.LOCATION,GL.CNOTE,22)",,TO TANK B4 DIPS,7R1,M,GL.CNOTE,To Tank before dips,,,
GL.MTFINALBE,I,,"SUBR('*GBWI1045',WINERY.LOCATION,GL.CNOTE,47)",,FINAL BE,4R,M,GL.CNOTE,Wine Tanks Final Be,,,
GL.MTFINALVV,I,,"SUBR('*GBWI1045',WINERY.LOCATION,GL.CNOTE,48)",,FINAL V/V,4R,M,GL.CNOTE,Wine Tanks Final Perc V/V,,,
GL.MTFRUITBE,I,,"SUBR('*GBWI1045',WINERY.LOCATION,GL.CNOTE,46)",,FRUIT BE,4R,M,GL.CNOTE,Wine Tanks Fruit Be,,,
GL.MTGENERIC,I,,"SUBR('*GBWI1045',WINERY.LOCATION,GL.CNOTE,195)",,To Tank Generic Code,3L,M,GL.CNOTE,To Tank Generic Code,,,
GL.MTGL,I,,"SUBR('*GBWI1045',WINERY.LOCATION,GL.CNOTE,134)",,GL,2L,M,GL.CNOTE,Grade Level for Tank,,,
GL.MTHYD,I,,"SUBR('*GBWI1045',WINERY.LOCATION,GL.CNOTE,162)",,To Obscuration Reading,7R,M,GL.CNOTE,To Tank Obscuration Reading,,,
GL.MTIGL,I,,"SUBR('*GBWI1045',WINERY.LOCATION,GL.CNOTE,134)",,Init GL,2L,M,GL.CNOTE,Initial Grade Level for Tank,,,
GL.MTIGV,I,,"SUBR('*GBWI1045',WINERY.LOCATION,GL.CNOTE,134)",,Init GV,4R,M,GL.CNOTE,Initial Grape Value for Tank,,,
GL.MTINITBE,I,,"SUBR('*GBWI1045',WINERY.LOCATION,GL.CNOTE,44)",,INIT BE,4R,M,GL.CNOTE,Wine Tank Initial Be,,,
GL.MTINITVV,I,,"SUBR('*GBWI1045',WINERY.LOCATION,GL.CNOTE,45)",,INIT V/V,4R,M,GL.CNOTE,Wine Tanks Initial Perc V/V,,,
GL.MTLALS,I,,"SUBR('*GBWI1045',WINERY.LOCATION,GL.CNOTE,54)",,TO LALS,8R,M,GL.CNOTE,To Spirit Tanks LALS,,,
GL.MTLALS.20,I,,"SUBR('*GBWI1045',WINERY.LOCATION,GL.CNOTE,164)",,To LALs @ 20oC,7R,M,GL.CNOTE,To LALs @ 20oC,,,
GL.MTLALS.IN,I,,"SUBR('*GBWI1045',WINERY.LOCATION,GL.CNOTE,166)",,LALs Moved in,8R,M,GL.CNOTE,LALs moved in,,,
GL.MTOBS,I,,"SUBR('*GBWI1045',WINERY.LOCATION,GL.CNOTE,163)",,To Obscuration Reading,7R,M,GL.CNOTE,To Tank Obscuration Reading,,,
GL.MTOPCD,I,,"SUBR('*GBWI1045',WINERY.LOCATION,GL.CNOTE,41)",,T/OP CODE,4T,M,GL.CNOTE,Operation Code,,,
GL.MTOPCTR,I,,"SUBR('*GBWI1045',WINERY.LOCATION,GL.CNOTE,40)",,T/OP CNTR,4T,M,GL.CNOTE,Operation Centre,,,
GL.MTRALLOCLITRES,I,,"SUBR('*GBWI1045',WINERY.LOCATION,GL.CNOTE,194)",,Litres Allocated,9R,M,GL.CNOTE,To Truck Allocated Litres,,,
GL.MTRALLOCPERC,I,,"SUBR('*GBWI1045',WINERY.LOCATION,GL.CNOTE,199)",MD20P,Allocated Percentage,10R,M,GL.CNOTE,'To' truck allocation percentage this volume,,,
GL.MTRALLOCVINT,I,,"SUBR('*GBWI1045',WINERY.LOCATION,GL.CNOTE,193)",,Vint,4R,M,GL.CNOTE,To Truck Allocation Vintage,,,
GL.MTRBLEND,I,,"SUBR('*GBWI1045',WINERY.LOCATION,GL.CNOTE,66)",,TRUCK BLENDS,12T,M,GL.CNOTE,Truck Blends for Stock Movement Notes,,,
GL.MTRCHEMNO,I,,"SUBR('*GBWI1045',WINERY.LOCATION,GL.CNOTE,203)",,,9L,M,GL.CNOTE,Chemistry request ID`s generated against trucks on a Despatch chit,,,
GL.MTRCNOTE,I,,"SUBR('*GBWI1045',WINERY.LOCATION,GL.CNOTE,33)",,TO REL C/NOTE,7R,M,GL.CNOTE,Related to Cellar Note No.,,,
GL.MTRGENERIC,I,,"SUBR('*GBWI1045',WINERY.LOCATION,GL.CNOTE,192)",,To Truck Generic Code,3L,M,GL.CNOTE,To Truck Generic Code,,,
GL.MTRLITRES,I,,"SUBR('*GBWI1045',WINERY.LOCATION,GL.CNOTE,67)",MD10P,Truck Litres,10R,M,GL.CNOTE,Truck Litres for Stock Movement Notes,,,
GL.MTRUCK.NUM,I,,"SUBR('*GBWI1045',WINERY.LOCATION,GL.CNOTE,155)",,To Tank Truck #,2R,M,GL.CNOTE,Tirage Receival Truck #,,,
GL.MTRUCKNO,I,,"SUBR('*GBWI1045',WINERY.LOCATION,GL.CNOTE,65)",,TRUCK NOS,6T,M,GL.CNOTE,Truck Numbers for Stock Movement Notes,,,
GL.MTSALLINE,I,,"SUBR('*GBWI1045',WINERY.LOCATION,GL.CNOTE,157)",,LINE NOS,4R,M,GL.CNOTE,Line number for 'SAL' sales notes,,,
GL.MTSTATUS,I,,"SUBR('*GBWI1045',WINERY.LOCATION,GL.CNOTE,21)",,TO BLEND STAT,3T,M,GL.CNOTE,To Blend Status,,,
GL.MTSTR,I,,"SUBR('*GBWI1045',WINERY.LOCATION,GL.CNOTE,78)",,TO STR,4R,M,GL.CNOTE,Spirit Tanks Spirit Strength - TO,,,
GL.MTSWFROMTO,I,,"SUBR('*GBWI1045',WINERY.LOCATION,GL.CNOTE,63)",,FROM/TO CASKS,8L,M,GL.CNOTE,Small Wood From/To - To Tanks,,,
GL.MTSWQTY,I,,"SUBR('*GBWI1045',WINERY.LOCATION,GL.CNOTE,60)",,S/WOOD TO QTY,7R,M,GL.CNOTE,To Tanks Small Wood Qty,,,
GL.MTSWSTORE,I,,"SUBR('*GBWI1045',WINERY.LOCATION,GL.CNOTE,61)",,STORE/ STACK,6L,M,GL.CNOTE,Small Wood Store/Stack - To Tanks,,,
GL.MTSWSTORE12,I,,"SUBR('*GBWI1045',WINERY.LOCATION,GL.CNOTE,61)",,TO STORE /STACK,12T,M,GL.CNOTE,Small Wood Store/Stack - To Tanks,,,
GL.MTTANK,I,,"SUBR('*GBWI1045',WINERY.LOCATION,GL.CNOTE,18)",,TO TANK NO,6L,M,GL.CNOTE,To Tank No,,,
GL.MTTANK.USE,I,,"SUBR('*GBWI1045',WINERY.LOCATION,GL.CNOTE,123)",,To Tank Use,1L,M,GL.CNOTE,Usage Type of the TO Tank,,,
GL.MTTANK15,I,,"SUBR('*GBWI1045',WINERY.LOCATION,GL.CNOTE,18)",,BLEND/GROUP,15L,M,GL.CNOTE,To Tank No,,,
GL.MTTEMP,I,,"SUBR('*GBWI1045',WINERY.LOCATION,GL.CNOTE,60)",,TO TEMP,7R,M,GL.CNOTE,To Temperature Distillation/Spirit,,,
GL.MTTIRBOT,I,,"SUBR('*GBWI1045',WINERY.LOCATION,GL.CNOTE,60)",,TO TIRAGE BOTTLES,7R,M,GL.CNOTE,To Tirage Bottles Qty,,,
GL.MTTIRSTORE,I,,"SUBR('*GBWI1045',WINERY.LOCATION,GL.CNOTE,61)",,TO TIRAGE BOTTLES STORAGE,10L,M,GL.CNOTE,To Tirage Bottles Storage,,,
GL.MTTSTAT,I,,"SUBR('*GBWI1045',WINERY.LOCATION,GL.CNOTE,31)",,T/T STAT,2T,M,GL.CNOTE,"To Tanks status  "" ""-no action yet, S-started, C-completed, M-empty",,,
GL.MTVOL,I,,"SUBR('*GBWI1045',WINERY.LOCATION,GL.CNOTE,24)",,TO TANK VOL B4,8R,M,GL.CNOTE,To Tank Volume of Dip Before,,,
GL.MTVOLA,I,,"SUBR('*GBWI1045',WINERY.LOCATION,GL.CNOTE,58)",MD10P,TO TANK VOL AFT,11R,M,GL.CNOTE,To Tanks Volume of After Dip,,,
GL.MVAR,I,,"SUBR('*GBWI1045',WINERY.LOCATION,GL.CNOTE,69)",,VARIETY,6L,M,GL.CNOTE,Grape Variety:Price Code:Source Code of Wine Purchased,,,
GL.MVENDOR,I,,"SUBR('*GBWI1045',WINERY.LOCATION,GL.CNOTE,71)",,VENDOR,10L,M,GL.CNOTE,Vendor Number of Who Wine was Purchased From,,,
GL.OBC.DWLP,I,,"SUBR('*GBWI1045',WINERY.LOCATION,GL.CNOTE,151)",,"Original Bottling Chit bottling Date, Wharehouse, Bottling Line Bottled Product",10L,M,GL.CNOTE,Original Bottling chit data*whse*bottling line line*product,,,
GL.OPNOTE,I,,"SUBR('*GBWI1045',WINERY.LOCATION,GL.CNOTE,0)",,Operation,13L,M,GL.CNOTE,Operation note number - AAAyynnnnn for user AAA / year yy / number nnnnn (for multiple operations generated from one may have -n suffix.),,,
GL.ORIG.BOTTLING.CHIT,I,,"SUBR('*GBWI1045',WINERY.LOCATION,GL.CNOTE,149)",,Original Bottling Chit,12L,M,GL.CNOTE,Original Bottling chit for Salvage Decant,,,
GL.ORIG.FILE.IND,I,,"SUBR('*GBWI1045',WINERY.LOCATION,GL.CNOTE,38)",,,1L,M,GL.CNOTE,"Original file the record came from of O=OPSMOVE, A=ADD.NOTICE and any other value including null = CHIT",,,
GL.ORIG.MRDATE,I,,"SUBR('*GBWI1045',WINERY.LOCATION,GL.CNOTE,178)",D2/,Original Reqd Date,8R,M,GL.CNOTE,Original required completion date as entered by winemaker,,,
GL.ORIG.MRTIME,I,,"SUBR('*GBWI1045',WINERY.LOCATION,GL.CNOTE,179)",MTS,Original Reqd Time,8R,M,GL.CNOTE,Original required completion time as entered by winemaker,,,
GL.OW.FROM.FREIGHT.AREA,I,,"SUBR('*GBWI1045',WINERY.LOCATION,GL.CNOTE,188)",,Over Written From Freight Area,2L,M,GL.CNOTE,Overwritten from freight area,,,
GL.POTRANS.ID,I,,"SUBR('*GBWI1045',WINERY.LOCATION,GL.CNOTE,109)",,POTRANS ID,10L,M,GL.CNOTE,POTRANS ID which contains From Blend Code,,,
GL.PR.ORDNO,I,,"SUBR('*GBWI1045',WINERY.LOCATION,GL.CNOTE,117)",,Process Order No.,12L,M,GL.CNOTE,Process Order Number,,,
GL.PRINTED,I,,"SUBR('*GBWI1045',WINERY.LOCATION,GL.CNOTE,184)",,Chit Printed,1L,M,GL.CNOTE,Chit has been printed,,,
GL.PROD.ID,I,,"SUBR('*GBWI1045',WINERY.LOCATION,GL.CNOTE,118)",,PROD ID,15L,M,GL.CNOTE,Work Order Production ID,,,
GL.PURCH.GL,I,,"SUBR('*GBWI1045',WINERY.LOCATION,GL.CNOTE,141)",,GL,2L,M,GL.CNOTE,Purchasing Grade Level assigned to To Tank,,,
GL.PURCH.PCNT,I,,"SUBR('*GBWI1045',WINERY.LOCATION,GL.CNOTE,108)",,PURCH PCNT,3R,M,GL.CNOTE,Percentage of each component of the Total,,,
GL.RC.LITRES,I,,"SUBR('*GBWI1045',WINERY.LOCATION,GL.CNOTE,100)",MD10P,Received Litres From Trucks,8R,M,GL.CNOTE,Litres received into To tank from each Truck/Compartment (Receipt notes only),,,
GL.SALES.ITEM.TEXT,I,,"SUBR('*GBWI1045',WINERY.LOCATION,GL.CNOTE,177)",,,50L,M,GL.CNOTE,Free form text that can be used for tracking sales items,,,
GL.SAVE.DE.FLOCN,I,,"SUBR('*GBWI1045',WINERY.LOCATION,GL.CNOTE,142)",,FL,2L,M,GL.CNOTE,Old Sub-location prior to conversion to Winery Location,,,
GL.SAVE.DE.TLOCN,I,,"SUBR('*GBWI1045',WINERY.LOCATION,GL.CNOTE,143)",,TL,2L,M,GL.CNOTE,Old Sub-location prior to conversion to Winery Location,,,
GL.SCLITRES,I,,"SUBR('*GBWI1045',WINERY.LOCATION,GL.CNOTE,70)",,SUM COMP LITRES,8R,M,GL.CNOTE,Summary Composition Litres,,,
GL.SCOMP.CORRECTED,I,,"SUBR('*GBWI1045',WINERY.LOCATION,GL.CNOTE,229)",FLAG,,1L,M,GL.CNOTE,Summary comp has been corrected.,,,
GL.SCREASON,I,,"SUBR('*GBWI1045',WINERY.LOCATION,GL.CNOTE,35)",,REASON FOR CORRECTION,30L,M,GL.CNOTE,Reason for Summary Composition Correction,,,
GL.SCTONNES,I,,"SUBR('*GBWI1045',WINERY.LOCATION,GL.CNOTE,101)",MD20P,SUM COMP TONNES,8R,M,GL.CNOTE,Summary Composition Tonnes,,,
GL.SCVAR,I,,"SUBR('*GBWI1045',WINERY.LOCATION,GL.CNOTE,69)",,SUM COMP VARIETY,19L,M,GL.CNOTE,Grape Variety:Price Code:Source*Vintage year,,,
GL.SEL.PODETAIL.ID,I,,"SUBR('*GBWI1045',WINERY.LOCATION,GL.CNOTE,202)",,PODETAIL ID,5R,M,GL.CNOTE,Selected PODETAIL Id,,,
GL.SRC.DOC.CRCTN,I,,"SUBR('*GBWI1045',WINERY.LOCATION,GL.CNOTE,174)",,Source Document Correction,13L,M,GL.CNOTE,Composition correction - source document (purchase chit or weigh note),,,
GL.SRC.DOC.LITRES,I,,"SUBR('*GBWI1045',WINERY.LOCATION,GL.CNOTE,175)",MD10P,Source Document Litres,10R,M,GL.CNOTE,Litres associated with source document,,,
GL.SRC.DOC.TONNES,I,,"SUBR('*GBWI1045',WINERY.LOCATION,GL.CNOTE,176)",MD10P,Source Document Tonnes,8R,M,GL.CNOTE,Tonnes associated with source document,,,
GL.SRCDOCS.CORRECTED,I,,"SUBR('*GBWI1045',WINERY.LOCATION,GL.CNOTE,231)",FLAG,,1L,M,GL.CNOTE,Source documents have been corrected. (includes cleared),,,
GL.STD.TOT.CST.ADD,I,,"SUBR('*GBWI1045',WINERY.LOCATION,GL.CNOTE,47)",MD40P,Standard Total Cost Additional,7R,M,GL.CNOTE,Standard total cost per litre to add to existing cost,,,
GL.STD.TOT.CST.OVR,I,,"SUBR('*GBWI1045',WINERY.LOCATION,GL.CNOTE,45)",MD40P,Standard Total Cost Overwrite,7R,M,GL.CNOTE,Standard total cost per litre to overwrite existing cost,,,
GL.STD.VAR.CST.ADD,I,,"SUBR('*GBWI1045',WINERY.LOCATION,GL.CNOTE,46)",MD40P,Standard Variable Cost Additional,7R,M,GL.CNOTE,Standard variable cost per litre to add to existing cost,,,
GL.STD.VAR.CST.OVR,I,,"SUBR('*GBWI1045',WINERY.LOCATION,GL.CNOTE,44)",MD40P,Standard Variable Cost Overwrite,7R,M,GL.CNOTE,Standard variable cost per litre to overwrite existing cost,,,
GL.SUMCOMP.ERROR.REASON,I,,"SUBR('*GBWI1045',WINERY.LOCATION,GL.CNOTE,107)",,Summary Composition Error Reason,70T,M,GL.CNOTE,Reason that this chit appeared on the summary composition error list,,,
GL.SUMCOMP.UPD,I,,"SUBR('*GBWI1045',WINERY.LOCATION,GL.CNOTE,89)",,Sumcomp Update Flag,4L,M,GL.CNOTE,Summary Composition Update Flag,,,
GL.SWA.CORRECTED,I,,"SUBR('*GBWI1045',WINERY.LOCATION,GL.CNOTE,228)",FLAG,,1L,M,GL.CNOTE,SWA Litres were corrected.,,,
GL.SWA.LITRES,I,,"SUBR('*GBWI1045',WINERY.LOCATION,GL.CNOTE,227)",MD10P,,10R,M,GL.CNOTE,Sustainable Winemaking Australia qualifying litres,,,
GL.SYSTEM.USE.DONT.CHANGE.,I,,"SUBR('*GBWI1045',WINERY.LOCATION,GL.CNOTE,1)",,SYSTEM USE DONT CHANGE,1L,M,GL.CNOTE,SYSTEM USE DONT CHANGE,,,
GL.TANKER.MOVEMENTS,I,,"SUBR('*GBWI1045',WINERY.LOCATION,GL.CNOTE,112)",,TANKER MOVE ID,13L,M,GL.CNOTE,"Tanker Movt. ID'S for Cartnotes, From/To Hours",,,
GL.TIME.FINISHED,I,,"SUBR('*GBWI1045',WINERY.LOCATION,GL.CNOTE,209)",MTS,,8R,M,GL.CNOTE,Time finished,,,
GL.TIME.STARTED,I,,"SUBR('*GBWI1045',WINERY.LOCATION,GL.CNOTE,207)",MTS,,8R,M,GL.CNOTE,Time started,,,
GL.TIME.UPDATED,I,,"SUBR('*GBWI1045',WINERY.LOCATION,GL.CNOTE,226)",MTS,Time updated,8R,M,GL.CNOTE,Time operation updated,,,
GL.TIMES.PRINTED,I,,"SUBR('*GBWI1045',WINERY.LOCATION,GL.CNOTE,186)",MTS,Times Chit Printed,8R,M,GL.CNOTE,Times the chit has been printed (MV),,,
GL.TRUCK.BATCH,I,,"SUBR('*GBWI1045',WINERY.LOCATION,GL.CNOTE,105)",,Truck Batch,7L,M,GL.CNOTE,Batch code related to truck or truck compartment,,,
GL.TRUCK.STATUS,I,,"SUBR('*GBWI1045',WINERY.LOCATION,GL.CNOTE,106)",,Truck Status,3L,M,GL.CNOTE,,,,
GL.TT.GL.AFT,I,,"SUBR('*GBWI1045',WINERY.LOCATION,GL.CNOTE,148)",,To Tank Grade Level After,2L,M,GL.CNOTE,To Tank Grade Level After,,,
GL.TT.GL.B4,I,,"SUBR('*GBWI1045',WINERY.LOCATION,GL.CNOTE,147)",,To Tank Grade Level Before,2L,M,GL.CNOTE,To Tank Grade Level Before,,,
GL.TTANK.NEXT.CNOTE,I,,"SUBR('*GBWI1045',WINERY.LOCATION,GL.CNOTE,19)",,TO TANK NEXT CELLAR NOTE,13L,M,GL.CNOTE,To Tank next Operation Note number,,,
GL.TTVOLM,I,,"SUBR('*GBWI1045',WINERY.LOCATION,GL.CNOTE,87)",,To Vol Moved,8R,M,GL.CNOTE,Volume moved into TO tank,,,
GL.UPD.BY.PROG,I,,"SUBR('*GBWI1045',WINERY.LOCATION,GL.CNOTE,104)",,Updated by Program,7L,M,GL.CNOTE,List of programs that have updated this record,,,
GL.UPDATE.FSTK.FLG,I,,"SUBR('*GBWI1045',WINERY.LOCATION,GL.CNOTE,77)",,UPDATE FLAG,1L,M,GL.CNOTE,Financial Stock Update Flag,,,
GL.UPDATED.ITEMNOS,I,,"SUBR('*GBWI1045',WINERY.LOCATION,GL.CNOTE,76)",,ITEMNOS UPDATED,10L,M,GL.CNOTE,Item Numbers That were updated via JKOE020,,,
GL.UPDATED.PONOS,I,,"SUBR('*GBWI1045',WINERY.LOCATION,GL.CNOTE,74)",,P/O NOS UPDATED,8R,M,GL.CNOTE,Purchase Order Numbers That were updated via JKOE020,,,
GL.UPDATED.QTY,I,,"SUBR('*GBWI1045',WINERY.LOCATION,GL.CNOTE,75)",,LITRES UPDATED,8R,M,GL.CNOTE,Litres Update on Purchase Orders via JKOE020,,,
GL.USERID,I,,"SUBR('*GBWI1045',WINERY.LOCATION,GL.CNOTE,43)",,USER ID,10L,M,GL.CNOTE,User Identification,,,
GL.VOLUME.SALVAGED,I,,"SUBR('*GBWI1045',WINERY.LOCATION,GL.CNOTE,150)",MD10P,Volume Salvaged from Original Bottling Chit,9R,M,GL.CNOTE,Volume Salvaged from Original Bottling Chit,,,
GL.VSUM.KEY,I,,"SUBR('*GBWI1045',WINERY.LOCATION,GL.CNOTE,122)",,Vintage Summary File Key,39L,M,GL.CNOTE,Unique key to the VINT.SUMM file,,,
GL.WARNING.NO,I,,"SUBR('*GBWI1045',WINERY.LOCATION,GL.CNOTE,115)",,WARNING NUMBER,5L,M,GL.CNOTE,Warning Numbers Xref'D to the WARNING.MESSAGES file,,,
GL.WARNING.TANKS,I,,"SUBR('*GBWI1045',WINERY.LOCATION,GL.CNOTE,116)",,WARNED TANKS,15L,M,GL.CNOTE,Tanks associated with warning nos,,,
GL.WK.ORDER,I,,"SUBR('*GBWI1045',WINERY.LOCATION,GL.CNOTE,117)",,WORK ORDER,7L,M,GL.CNOTE,Work Order for Bottling Despatch Chits,,,
GL.WM.FFIL.NO,I,,"SUBR('*GBWI1045',WINERY.LOCATION,GL.CNOTE,136)",MD00P,From tanks fill no.,2R,M,GL.CNOTE,Fill number for 'from' tanks,,,
GL.WM.FLITRES,I,,"SUBR('*GBWI1045',WINERY.LOCATION,GL.CNOTE,137)",,From tanks wood litres,14R,M,GL.CNOTE,Litres for 'from' tanks,,,
GL.WM.FWOOD.TYPE,I,,"SUBR('*GBWI1045',WINERY.LOCATION,GL.CNOTE,135)",,From tank wood type,2L,M,GL.CNOTE,Wood type for 'from' tanks,,,
GL.WM.TFILL.NO,I,,"SUBR('*GBWI1045',WINERY.LOCATION,GL.CNOTE,139)",MD00P,To tanks fill no.,2L,M,GL.CNOTE,Fill number for 'to' tanks,,,
GL.WM.TLITRES,I,,"SUBR('*GBWI1045',WINERY.LOCATION,GL.CNOTE,140)",MD00P,To tanks wood litres,14R,M,GL.CNOTE,Litres for 'to' tanks,,,
GL.WM.TWOOD.TYPE,I,,"SUBR('*GBWI1045',WINERY.LOCATION,GL.CNOTE,138)",,To tanks wood type,2L,M,GL.CNOTE,Wood type for 'to' tanks,,,
GL.WMEST.DATE,I,,"SUBR('*GBWI1045',WINERY.LOCATION,GL.CNOTE,210)",D4/,,10R,M,GL.CNOTE,Winemaker earliest start date,,,
GL.WOOD.BATCH,I,,"SUBR('*GBWI1045',WINERY.LOCATION,GL.CNOTE,213)",,Wood Batch,6L,M,GL.CNOTE,Wood batch when operation is a wood insertion,,,
GL.WOP.WKORD,I,,"SUBR('*GBWI1045',WINERY.LOCATION,GL.CNOTE,200)",,,4L,M,GL.CNOTE,Winery operations work order,,,
GL.WOP.WKORD.SEQ,I,,"SUBR('*GBWI1045',WINERY.LOCATION,GL.CNOTE,201)",,,2R,M,GL.CNOTE,Sequence on winery operations work order,,,
GL.WORK.CENTRE,I,,"SUBR('*GBWI1045',WINERY.LOCATION,GL.CNOTE,81)",,W/Centre,8L,M,GL.CNOTE,Work Centre code for bottling,,,
GL.WTO.DATESTAMP,I,,"SUBR('*GBWI1045',WINERY.LOCATION,GL.CNOTE,183)",,,14L,M,GL.CNOTE,YYYYMMDDHHMMSS Date stamp used on WTO.CHITS.ORIG file record,,,
GL.WTO.INSTRUCTIONS,I,,"SUBR('*GBWI1045',WINERY.LOCATION,GL.CNOTE,181)",,,72L,M,GL.CNOTE,Text with information on assigned equipment and pipe paths,,,
GL.WTO.STATUS,I,,"SUBR('*GBWI1045',WINERY.LOCATION,GL.CNOTE,180)",,WTO St,1L,M,GL.CNOTE,Wine Tank Optimiser Status,,,
HOME.ACCOUNT,I,,"SUBR(SUBR.PENBW:'PBWZ800',@ID,'')",,Home Account,15L,S,,,,,
LOCAL.MADATE,I,,"TRANS(OPSMOVE,CNOTE,MADATE,'X')",D2/,Operation Completion Date,8R,M,LOCL,Completion date from the chit in local account,,,
LOCAL.MATIME,I,,"TRANS(OPSMOVE,CNOTE,MATIME,'X')",MTS,Operation Completion Time,8R,M,LOCL,Completion time from the chit in local account,,,
LOCAL.MOPCD,I,,"TRANS(OPSMOVE,CNOTE,MOPCD,'X')",,Operation Code,4R,M,LOCL,Date actual action started,,,
LOCAL.MTBLEND,I,,"TRANS(OPSMOVE,CNOTE,MTBLEND,'X')",,To tanks Blends,12L,M,LOCL,To tanks for local account: blends,,,
LOCAL.MTTANK,I,,"TRANS(OPSMOVE,CNOTE,MTTANK,'X')",,To tanks,12L,M,LOCL,To tanks for local account,,,
LOCAL.MTVOLA,I,,"TRANS(OPSMOVE,CNOTE,MTVOLA,'X')",MD10P,To tanks Volumes,8R,M,LOCL,To tanks for local account: volume after,,,
LOCAL.TANK,I,,IF HOME.ACCOUNT = ACCOUNT THEN 'Y' ELSE '',,LOCAL TANK,1L,S,,Is the tank local: Y/'',,,
MADATE,I,,"TRANS(BW.STD.CST.OPS,CNOTE,MADATE,'X')",D2/,Date Completed,8R,M,CNOTE,Date Chit Completed,,,
MADATE.E,I,,"SUBR('*GBWI1045',WINERY.LOCATION,GL.CNOTE,4)",D4/E,COMPLETE DATE,10R,M,GL.CNOTE,System completion date,,,
MAN.BY.ACCT,I,,"TRANS(WINERY.LOCATION,WINERY.LOCATION,'MAN.BY.ACCT','X')",,Man By Acct,9L,S,,,,,
MATIME,I,,"TRANS(BW.STD.CST.OPS,CNOTE,MATIME,'X')",MTS,Time Completed,8R,M,CNOTE,Time Chit Completed,,,
MOPCD,I,,"TRANS(OPSMOVE,CNOTE,MOPCD,'X')",,MOPCD,6L,M,LOCL,,,,
ONE,I,,1,,,1L,S,,,,,
OPER.CR.PR,I,,"SUBR(""*PBWI847"",CNOTE,@WHO)",,Crush & press chits,15L,M,,List of crush and press chits,,,
PREFIX,I,,"@ID[1,1]",,PREFIX,1L,S,,Prefix 1st character,,,
TACTIV,I,,"TRANS(MTANK,@ID,TACTIV,'X')",,REC ACT,1T,S,,"Record activity status ("" "" - Active, ""D"" - Deleted)",,,
TALLOCAFT,I,,"TRANS(BWALLOC.OPSMOVE,CNOTE,'TALLOCAFT','X')",MD10P,To Tank Alloc Aft,6R,M,CNOTE,"To tanks allocated litres after operation (subvalued, corresponds with generic codes in TGENERIC)",,,
TALLOCB4,I,,"TRANS(BWALLOC.OPSMOVE,CNOTE,'TALLOCB4','X')",MD10P,To Tank Alloc B4,6R,M,CNOTE,"To tanks allocated litres before operation (subvalued, corresponds with generic codes in TGENERIC)",,,
TALLOCVINT,I,,"IFS(SUBR('*GBWI1045',WINERY.LOCATION,GL.CNOTE,'T2\65\18'), TRANS(BWALLOC.OPSMOVE,CNOTE,'TVINT','X'),      REUSE(''))",,To Tank  Alloc Vint,4R,M,CNOTE,"To tanks allocations vintage - subvalued, corresponds with subvalues  in TALLOCB4 and TALLOCAFT",,,
TANK.EXISTS,I,,"TRANS(MTANK,@ID,@RECORD,'X'); IF @ THEN 'Y' ELSE 'N'",,REC EXISTS,1T,S,,,,,
TANK.ID,I,,"TRANS(MTANK,@ID,@ID,'X')",,TANK.HIST,23L,S,,,,,
TANK.PREFIX,I,,"IF @ID[1,3] = 'SW*' THEN '' ELSE @ID; IF @1 MATCHES '2A0X' THEN @1[1,2] ELSE @1[1,1]",,Tank prefix,2L,S,,Tank prefix,,,
TANK.TYPE,I,,"TRANS(MTANK,TANK,'TANK.TYPE','X')",,Tank Type,1L,S,,Tank Type,,,
TGENERIC,I,,"IFS(SUBR('*GBWI1045',WINERY.LOCATION,GL.CNOTE,'T2\65\18'), TRANS(BWALLOC.OPSMOVE,CNOTE,'TGENERIC','X'),      REUSE(''))",,To Tank  Generic,3L,M,CNOTE,"To tanks generic codes (allocations) - subvalued, corresponds with  subvalues in TALLOCB4 and TALLOCAFT",,,
TTABLE,I,,"TRANS(MTANK,@ID,TTABLE,'X')",,DIP TABLE,6T,S,,Tank Size Dip Table,,,
TVINT,I,,"TRANS(BWALLOC.OPSMOVE,CNOTE,'TVINT','X')",,To Vint,4R,M,CNOTE,To Tanks allocation Vintage - subvalued,,,
TYPE.CODE,I,,"TRANS(MOPS,GL.MOPCD,'TYPE.CODE','X')",,Type,2R,M,GL.CNOTE,Operation code type,,,
UNCOSTED,I,,"TRANS(WINERY.LOCATION,WINERY.LOCATION,'UNCOSTED','X')",,,1L,S,,Y/'' to indicate the winery location is an 'uncosted' location,,,
UPDATE.CODE,I,,"TRANS(MOPS,GL.MOPCD,'UPDATE.CODE','X')",,Upd,1R,M,GL.CNOTE,Operation update code - used for screen validations/updates,,,
UV.ACCOUNT,I,,"TRANS(BW.STD.CST.OPS,CNOTE,UV.ACCOUNT,'X')",,Universe Account,15L,M,CNOTE,Universe account that chit was completed in,,,
WINERY.CODE,I,,"TRANS(BW.STD.CST.OPS,CNOTE,WINERY.CODE,'X')",,Winery Code,2L,M,CNOTE,Winery Code,,,
WINERY.LOCATION,I,,"IF @ID[1,3] = 'SW*' THEN WINERY.CODE<1,1> ELSE TRANS(MTANK,@ID,'WINERY.LOCATION','X')",,Winery  Location,2L,S,,Winery Location,,,
LOCL,PH,,LOCAL.MADATE LOCAL.MOPCD LOCAL.MATIME LOCAL.MTTANK LOCAL.MTVOLA LOCAL.MTBLEND,,,,,,,,,
