# Grange file: WINERY.LOCATION,source: winemaking.xlsm/WL,downloaded: 2024-03-21
Field Name,Type,Field No,Field Definition,Conversion Code,Column Heading,Output Format,Depth,Assoc,DESC,Key,Examples,Comment
@ID,D,0,,,WINERY.LOCATION,10L,S,,Default record ID for RetrieVe,,,
WIN.CODE,D,0,,,Winery Location Code,2L,S,,Winery Location Code,,,
DESC,D,1,,MC,,30L,S,,,,,
SHORT.DESC,D,2,,MC,Short Desc,15L,S,,Short Description,,,
DEL.ADDR,D,3,,MC,Delivery Address,30L,M,DEL.ADDR,,,,
POST.ADDR,D,4,,MC,Postal Address,30L,M,POST.ADDR,,,,
WINERY.ACCT,D,5,,,Wine Acct,9L,S,,,,,
MAN.BY.ACCT,D,6,,,Man By Acct,9L,S,,,,,
FREIGHT.AREA,D,7,,,,2L,S,,,,,
DEL.FLAG,D,8,,FLAG,,1L,S,,,,,
UNCOSTED,D,9,,FLAG,,1L,S,,Y/'' to indicate the winery location is an 'uncosted' location,,,
WIM.WINERY,D,10,,,WIM Winery,4L,S,,WIM winery code (not used),,,
GL.CCENTRE,D,11,,,Oracle GL Cost Centre,4L,S,,Oracle GL cost centre code (no longer used),,,
WINERY.CAT.CODE,D,12,,,Winery Category Code,2L,S,,Winery Category Code,,,
PRIMARY.SITE.ID,D,13,,,Primary Site ID,2L,S,,Primary Site ID,,,
PRIMARY.SITE.DESC,D,14,,MC,Primary Site Description,30L,S,,Primary Site Description,,,
COMMENT,D,15,,WPNH,Comments,30L,,,,,,
PRIMARY.SITE,D,16,,FLAG,Site,1L,S,,Primary Site (Y/) flag,,,
SWA.NUMBER,D,17,,NC,,10R,S,,"""Sustainable Winegrowing  Australia"" membership number",,,
SWA.NAME,D,18,,MC,,40L,S,,"""Sustainable Winegrowing  Australia"" membership name",,,
SWA.STATUS,D,19,,,,1L,M,SWA.STATUS,"SWA status. Y (certified), N (not certified), E (exempt)",,,
SWA.DTE.FRM,D,20,,D4/,,10R,M,SWA.STATUS,SWA effective from date,,,
SWA.DTE.FRM.E,D,20,,D4/E,,10R,M,SWA.STATUS,SWA effective from date,,,
SWA.DTE.TO,D,21,,D4/,,10R,M,SWA.STATUS,SWA effective to date,,,
SWA.DTE.TO.E,D,21,,D4/E,,10R,M,SWA.STATUS,SWA effective to date,,,
A.YEAR.AGO,I,,"OCONV(DATE(),'D4/');@[1,6]:@[4]-1;ICONV(@,'D4/')",D4/,A Year Ago,10R,S,,,,,
ACCOUNT,I,,@WHO,,ACCOUNT,5L,S,,,,,
AUD.BREAK,I,,IF AUD.CODE = 1 THEN 1 ELSE IF AUD.CODE = 3 THEN 1 ELSE IF AUD.CODE = 2  THEN 2 ELSE 2,,,1L,S,,Group deletions and before images together and creations and after images together,,,
AUD.CODE,I,,"FIELD(@ID,'*',5)",,AUDIT CODE,1L,S,,Audit action code,,,
AUD.DATE,I,,"FIELD(@ID,'*',2)",D2/,AUDIT DATE,8R,S,,Audit date,,,
AUD.DESC,I,,"FIELD('Deleted*Created*Before*After','*',AUD.CODE,1)",,AUDIT DESC,8L,S,,Audit description,,,
AUD.KEY,I,,"FIELD(@ID,'*',4)",,AUDIT KEY,10L,S,,Audit key,,,
AUD.SDESC,I,,"FIELD('Del*Cre*Bef*Aft','*',AUD.CODE,1)",,AUDIT SHORT DESC,3L,S,,Short description for Audit Code,,,
AUD.SEQNO,I,,"FIELD(@ID,'*',1)",,AUDIT SEQNO,6R,S,,Audit Sequence number,,,
AUD.TIME,I,,"FIELD(@ID,'*',3)",MT,AUDIT TIME,8R,S,,Audit time,,,
AUD.USER,I,,"FIELD(@ID,'*',6)",,User Name,15L,S,,User name,,,
DESC.UC,I,,"TRANS(FREIGHT.AREA,FREIGHT.AREA,'DESC.UC','X')",MCU,Description,20L,S,,,,,
FRT.DESC,I,,"TRANS(FREIGHT.AREA,FREIGHT.AREA,'DESC','X')",,Freight Area Desc.,20L,S,,Freight area description,,,
LAST.YEAR,I,,"OCONV(DATE(),'D4/');@1[4]-1;""01/01/"":@2;ICONV(@3,'D4/')",D4/,1 Jan Last year,10R,S,,,,,
MAN.BY.ACCT.DESC,I,,"SUBR('*WIN.CD.DESC',MAN.BY.ACCT[2])",,,30L,S,,,,,
MAN.BY.ACCT2,I,,MAN.BY.ACCT[2],,Man By Acct,2L,S,,,,,
MOVE.TYPE.CODE,I,,"RAISE(TRANS(CONTROL,'WINERY.CATEGORY',1, 'X')); RAISE(TRANS(CONTROL,'WINERY.CATEGORY',4, 'X')); SUBR('*PZZI211','LOCPOS',WINERY.CAT.CODE,@1,'',''); @2<1,@3>; IF WINERY.CAT.CODE # '' THEN @4 ELSE ' '",,Movement Type Code,2L,S,,Movement Type Code,,,
MOVE.TYPE.DESC,I,,"RAISE(TRANS(CONTROL,'WINERY.CATEGORY',1, 'X')); RAISE(TRANS(CONTROL,'WINERY.CATEGORY',5, 'X')); SUBR('*PZZI211','LOCPOS',WINERY.CAT.CODE,@1,'',''); @2<1,@3>; IF WINERY.CAT.CODE # '' THEN @4 ELSE ' '",,Movement Type Description,25L,S,,Movement Type Description,,,
MOVE.TYPE.SDESC,I,,"RAISE(TRANS(CONTROL,'WINERY.CATEGORY',1, 'X')); RAISE(TRANS(CONTROL,'WINERY.CATEGORY',6, 'X')); SUBR('*PZZI211','LOCPOS',WINERY.CAT.CODE,@1,'',''); @2<1,@3>; IF WINERY.CAT.CODE # '' THEN @4 ELSE ' '",,Movement Type Short Desc,10L,S,,Movement Type Short Description,,,
NDA,I,,"IF DEL.ADDR THEN 1+COUNT(DEL.ADDR,@VM) ELSE ''",,No.,3R,S,,Number of lines of Delivery Address,,,
NPA,I,,"IF POST.ADDR THEN 1+COUNT(POST.ADDR,@VM) ELSE ''",,No.,3R,S,,Number of lines of Postal Address,,,
PRIMARY.SITE.DESCDIS,I,,"TRANS(WINERY.LOCATION,PRIMARY.SITE.ID,14,'X')",,Primary Site Description,30L,S,,Primary Site Description of selected Primary Site ID,,,
UDESC,I,,UPCASE(DESC),,,30L,S,,Uppercase description,,,
WINERY.ACCT.DESC,I,,"SUBR('*WIN.CD.DESC',WINERY.ACCT[2])",,,30L,S,,,,,
WINERY.CAT.DESC,I,,"RAISE(TRANS(CONTROL,'WINERY.CATEGORY',1, 'X')); RAISE(TRANS(CONTROL,'WINERY.CATEGORY',2, 'X')); SUBR('*PZZI211','LOCPOS',WINERY.CAT.CODE,@1,'',''); @2<1,@3>; IF WINERY.CAT.CODE # '' THEN @4 ELSE ' '",,Winery Category Description,25L,S,,Winery Category Description,,,
WINERY.CAT.SDESC,I,,"RAISE(TRANS(CONTROL,'WINERY.CATEGORY',1, 'X')); RAISE(TRANS(CONTROL,'WINERY.CATEGORY',3, 'X')); SUBR('*PZZI211','LOCPOS',WINERY.CAT.CODE,@1,'',''); @2<1,@3>; IF WINERY.CAT.CODE # '' THEN @4 ELSE ' '",,Winery Category Short Desc,10L,S,,Winery Category Short Description,,,
AUD.ALL,PH,,AUD.SEQNO AUD.DATE AUD.TIME AUD.KEY AUD.DESC AUD.USER AUD.BREAK ID.SUP,,,,,,All parts of Audit Key,,,
BY.AUDIT,PH,,BY AUD.DATE BY AUD.TIME BY AUD.CODE ID.SUP AUD.DATE AUD.TIME FMT '5R' AUD.USER AUD.SDESC,,,,,,Audit fields,,,
