# Grange file: WINE.DB,source: winemaking.xlsm/WDB,downloaded: 2024-09-03
Field Name,Type,Field No,Field Definition,Conversion Code,Column Heading,Output Format,Depth,Assoc,DESC,Key,Examples,Comment
@ID,D,0,,,WINE.DB,10L,S,,Default record ID for RetrieVe,,,
WINE.DB,D,0,,,VINTAGE*GEN.CODE,10L,S,,WINE.DB file id,,,
LOCATION,D,1,,,LOCATION,15L,S,,Location,,,
DATE,D,2,,D2/,DATE,8R,S,,date of wine data sheet,,,
QTY.RELEASE,D,3,,MD00P,QTY,7R,S,,Qty for release,,,
RELEASE.DATE,D,4,,D2/,RELEASE,8R,S,,Date for release,,,
STATUS,D,5,,,STAT,1L,S,,Preliminary or final blend,,,
VINT.LOC,D,6,,,VINTAGE LOC`N,15L,M,VINT,Vintaged at,,,
VINT.PCT,D,7,,MD00P,%,3R,M,VINT,vintage %,,,
TIRAGE.DATE,D,8,,D2/,BOTTLE,8R,S,,Tirage/Bottle date,,,
DISG.DATE,D,9,,D2/,DISG/REL,8R,S,,Disgorge/Release date,,,
MAT.VESSEL,D,10,,,MATURATION,10L,S,MAT,Maturation vessel,,,
MAT.YEARS,D,11,,MD00P,MAT,3R,M,MAT,Maturation years,,,
MAT.MTHS,D,12,,MD00P,MAT,2R,M,MAT,Maturation months,,,
MAT.TYPE,D,13,,,MAT,15L,S,MAT,maturation type,,,
PLAN.RELEASE,D,14,,,RELEASE,10L,S,,Release standard,,,
GRAPE.VAR,D,15,,,VARIETY,15L,M,,Grape variety,,,
VINEYARD,D,16,,,VINEYARD,15L,M,,Vineyard source,,,
GRAPE.%,D,17,,MD10P,GRAPE %,5R,M,,Percentage of total,,,
COMMENTS,D,18,,,WINEMAKER COMMENTS,60T,M,,Wine maker comments,,,
ANAL.TYPE,D,19,,,ANALYSIS TYPE,20L,M,ANAL,Analysis type,,,
ANAL.READ,D,20,,,READING,6L,M,ANAL,Analysis reading,,,
PACK.DETAILS,D,21,,,PACK DETAILS,15L,S,PACK,packaging details,,,
ADDITIVES,D,22,,,ADDITIVES,15L,M,,additives,,,
SHOW.CODE,D,23,,,SHOW,5L,M,RECORDS,Show code,,,
SHOW.YEAR,D,24,,,YEAR,4R,M,RECORDS,Show year,,,
SHOW.CLASS,D,25,,,CLASS,5L,M,RECORDS,Wine show class,,,
AWARD.CODE,D,26,,,AWARD,10L,M,RECORDS,Award code,,,
TROPHY.DET200,D,28,,,TROPHY DETAILS,200L,M,RECORDS,Trophy details,,,
TROPHY.DETAILS,D,28,,,TROPHY DETAILS,30L,M,RECORDS,Trophy details,,,
SHOW.COMM200,D,29,,,COMMENTS,200L,M,RECORDS,Comments relative to this trophy/award,,,
SHOW.COMMENTS,D,29,,,COMMENTS,30L,M,RECORDS,Comments relative to this trophy/award,,,
BLEND,D,30,,,BLEND,12L,S,,Blend id,,,
UOM,D,31,,,UOM,3L,S,,Unit of measure for qty,,,
ORIGINATOR,D,32,,,DATA SHEET,12L,S,,originator of wine data sheet,,,
PACK.TYPE,D,34,,,PACKAGING,12L,M,PACK,Packaging details,,,
ANAL.DATE,D,35,,D2/,ANALYSIS,8R,M,ANAL,Analysis date,,,
UPDATED.BY,D,36,,,Updated by,15L,S,,User ID,,,
UPDATE.DATE,D,37,,D2/,Updated,8R,S,,Update Date,,,
UPDATE.TIME,D,38,,MT,Updated,8R,S,,Update Time,,,
NBLENDS,D,39,,,N/B,2R,S,,Number of Blends (null if only 1),,,
CLASS.DESC,D,40,,,Class Description,30L,M,RECORDS,Show class description (SV),,,
BLEND.NO,D,41,,,Bl,2R,M,BP,Sequentially assigned blend numbers against this blend,,,
BLEND.PROP.ID,D,42,,,Blend,8R,M,BP,Blend proposal Id used to build this blend,,,
BLEND.STATUS,D,43,,,St,1L,M,BP,Value of ''/A/I for Labels are Active and Invalid settings,,,
EB.BLEND,D,44,,,BNo,2R,M,EB,Export Blend number,,,
EB.JDE.BLEND,D,45,,,JDE Blend,8R,M,EB,Export JDE Blend,,,
EB.DATE,D,46,,D2/,Date,8R,M,EB,Export Blend creation date,,,
EB.EDATE,D,46,,D4/E,Date,10R,M,EB,Export Blend creation date - /E OCONV for Grange 2020,,,
EB.STYLE,D,47,,,Style,5L,M,EB,Wine Board style,,,
EB.ORG,D,48,,,O,1L,M,EB,Organic 1/2/'',,,
EB.PRICE.RANGE,D,49,,,PR,2R,M,EB,Price range 1-4/11-12,,,
EB.PACK,D,50,,,Pack,1L,M,EB,Pack B/G/S/F,,,
EB.RLABEL.ALC,D,51,,,Rec,5R,M,EB,Recommended Label alcohol (based on region exported to),,,
EB.REGION,D,52,,,Region,10L,M,EB,Region Blend was exported to,,,
POINTS.SCORE,D,53,,MD10P,Points,4R,M,RECORDS,Points awarded at show,,,
RGN.LBL.ACL.OVRTXT,D,54,,,Label alcohol override,75L,M,BP,Text explaining region label alcohol override reason,,,
RGN.LBL.ALC.OVRTXT,D,54,,,Label alcohol override,75L,M,BP,Text explaining region label alcohol override reason,,,
REGION.ACTIVE,D,55,,,Region,1L,M,BP,Indicates that a 'Labels Active' blend is active for the region.,,,
A4EP,I,,"TRANS(BLEND.PROP.ARCHIVE,BLEND.PROP.ID,'A4EP','X')",,Ave.,6R,M,BP,Average 4EP,,,
AA420,I,,"TRANS(BLEND.PROP.ARCHIVE,BLEND.PROP.ID,'AA420','X')",,Ave.,6R,M,BP,Average A420,,,
AA520,I,,"TRANS(BLEND.PROP.ARCHIVE,BLEND.PROP.ID,'AA520','X')",,Ave.,6R,M,BP,Average A520,,,
AASC,I,,"TRANS(BLEND.PROP.ARCHIVE,BLEND.PROP.ID,'AASC','X')",,Ave.,6R,M,BP,Average Asc,,,
ABE,I,,"TRANS(BLEND.PROP.ARCHIVE,BLEND.PROP.ID,'ABE','X')",MD10P,A/Be,6R,M,BP,Tank average BE,,,
ACA,I,,"TRANS(BLEND.PROP.ARCHIVE,BLEND.PROP.ID,'ACA','X')",,Ave.,6R,M,BP,Average Calcium,,,
ACITRIC,I,,"TRANS(BLEND.PROP.ARCHIVE,BLEND.PROP.ID,'ACITRIC','X')",,Ave.,6R,M,BP,Average Citric acid,,,
ACOLD,I,,"TRANS(BLEND.PROP.ARCHIVE,BLEND.PROP.ID,'ACOLD','X')",,A/Cold,6L,M,BP,Average Cold,,,
ACOMPLY,I,,"TRANS(BLEND.PROP.ARCHIVE,BLEND.PROP.ID,'ACOMPLY','X')",,A/Comp,6R,M,BP,Tank average Compliance,,,
ACOND,I,,"TRANS(BLEND.PROP.ARCHIVE,BLEND.PROP.ID,'ACOND','X')",,Ave.,6R,M,BP,Average Cold conduct,,,
ACTUAL.ALC,I,,"SUBR('*GWDI909',BLEND.PROP.ID)",MD20P,Actual,6R,M,BP,Actual alcohol %,,,
ACU,I,,"TRANS(BLEND.PROP.ARCHIVE,BLEND.PROP.ID,'ACU','X')",MD20P,Ave.,6R,M,BP,Average Cu,,,
ADCO2,I,,"TRANS(BLEND.PROP.ARCHIVE,BLEND.PROP.ID,'ADCO2','X')",,Ave.,6R,M,BP,Average CO2,,,
ADD.COUNT,I,,"DCOUNT(ADDITIVES,@VM)",,Number of,3R,,,Number of additives,,,
ADENS,I,,"TRANS(BLEND.PROP.ARCHIVE,BLEND.PROP.ID,'ADENS','X')",,A/DENS,6R,M,BP,Tank average DENS,,,
ADO2,I,,"TRANS(BLEND.PROP.ARCHIVE,BLEND.PROP.ID,'ADO2','X')",,Ave.,6R,M,BP,Average DO2Cu,,,
ADW,I,,"RAISE(TRANS(CONTROL,'BULK.EXPORT',-1, 'X')); @<1>",,,20L,M,,,,,
AEGG,I,,"TRANS(BLEND.PROP.ARCHIVE,BLEND.PROP.ID,'AEGG','X')",,Ave.,6R,M,BP,Average Egg,,,
AEXTRACT,I,,"TRANS(BLEND.PROP.ARCHIVE,BLEND.PROP.ID,'AEXTRACT','X')",,A/Ext,6R,M,BP,Tank average Extract (Literal),,,
AFE,I,,"TRANS(BLEND.PROP.ARCHIVE,BLEND.PROP.ID,'AFE','X')",,Ave.,6R,M,BP,Average Iron,,,
AFLTAB,I,,"TRANS(BLEND.PROP.ARCHIVE,BLEND.PROP.ID,'AFLTAB','X')",,Ave.,6R,M,BP,Average Filterability,,,
AFS02,I,,"TRANS(BLEND.PROP.ARCHIVE,BLEND.PROP.ID,'AFS02','X')",MD10P,A/FS02,6R,M,BP,Tank average FS02,,,
AHEAT,I,,"TRANS(BLEND.PROP.ARCHIVE,BLEND.PROP.ID,'AHEAT','X')",,A/Heat,6L,M,BP,Average Heat,,,
AK,I,,"TRANS(BLEND.PROP.ARCHIVE,BLEND.PROP.ID,'AK','X')",,,6R,M,BP,Average K (potassium) value,,,
AMALATE,I,,"TRANS(BLEND.PROP.ARCHIVE,BLEND.PROP.ID,'AMALATE','X')",MD20P,A/MALATE,6R,M,BP,Tank average MALATE,,,
AMILK,I,,"TRANS(BLEND.PROP.ARCHIVE,BLEND.PROP.ID,'AMILK','X')",,Ave.,6R,M,BP,Average Milk,,,
ANA,I,,"TRANS(BLEND.PROP.ARCHIVE,BLEND.PROP.ID,'ANA','X')",MD00P,Ave.,6R,M,BP,Average Sodium,,,
ANAL.COUNT,I,,"DCOUNT(ANAL.TYPE,@VM)",,Analysis,3R,S,,Number of analysis readings,,,
APH,I,,"TRANS(BLEND.PROP.ARCHIVE,BLEND.PROP.ID,'APH','X')",MD20P,A/pH,6R,M,BP,Tank average pH,,,
ARS,I,,"TRANS(BLEND.PROP.ARCHIVE,BLEND.PROP.ID,'ARS','X')",MD10P,A/RS,6R,M,BP,Tank average RS,,,
ASG,I,,"TRANS(BLEND.PROP.ARCHIVE,BLEND.PROP.ID,'ASG','X')",MD40P,A/SG,6R,M,BP,Tank average SG,,,
ASNA,I,,"TRANS(BLEND.PROP.ARCHIVE,BLEND.PROP.ID,'ANA','X')",MD00P,Ave.,6R,M,BP,Average Sodium,,,
ASORBIC,I,,"TRANS(BLEND.PROP.ARCHIVE,BLEND.PROP.ID,'ASORBIC','X')",,Ave.,6R,M,BP,Average Sorbic acid,,,
ASTR,I,,"TRANS(BLEND.PROP.ARCHIVE,BLEND.PROP.ID,'ASTR','X')",MD20P,A/Str,6R,M,BP,Tank average STR,,,
ATA,I,,"TRANS(BLEND.PROP.ARCHIVE,BLEND.PROP.ID,'ATA','X')",MD10P,A/TA,6R,M,BP,Tank average TA,,,
ATCA,I,,"TRANS(BLEND.PROP.ARCHIVE,BLEND.PROP.ID,'ATCA','X')",,Ave.,6R,M,BP,Average TCA,,,
ATEMP,I,,"TRANS(BLEND.PROP.ARCHIVE,BLEND.PROP.ID,'ATEMP','X')",,Ave.,6R,M,BP,Average Temp,,,
ATS02,I,,"TRANS(BLEND.PROP.ARCHIVE,BLEND.PROP.ID,'ATS02','X')",MD10P,A/TS02,6R,M,BP,Tank average TS02,,,
ATURB,I,,"TRANS(BLEND.PROP.ARCHIVE,BLEND.PROP.ID,'ATURB','X')",,Ave.,6R,M,BP,Average Turbitity,,,
AVA,I,,"TRANS(BLEND.PROP.ARCHIVE,BLEND.PROP.ID,'AVA','X')",MD10P,A/VA,6R,M,BP,Tank average VA,,,
AWARD.DESCRIPTION,I,,"TRANS(AWARD.MASTER,AWARD.CODE,AWARD.DESCRIPTION,'X')",,AWARD DESCRIPTION,30L,M,RECORDS,Award description,,,
BLEND.CODE,I,,"TRANS(BLEND.PROP.ARCHIVE,BLEND.PROP.ID,BLEND,'X')",,Blend Code,12L,M,BP,Blend Code,,,
BLEND.DATE,I,,"TRANS(BLEND.PROP.ARCHIVE,BLEND.PROP.ID,FDATE,'X')",D2/,Date,8R,M,BP,Date Blend was finalised,,,
BLEND.EDATE,I,,"TRANS(BLEND.PROP.ARCHIVE,BLEND.PROP.ID,FDATE,'X')",D4/E,Date,10R,M,BP,Date Blend was finalised - /E OCONV for Grange 2020,,,
BLEND.LOCATION,I,,"TRANS(BLEND.PROP.ARCHIVE,BLEND.PROP.ID,FINAL.LOCATION,'X')",,Loc,2L,M,BP,Blend winery location,,,
BLEND.LOCN.SDESC,I,,"TRANS(WINERY.LOCATION,BLEND.LOCATION,SHORT.DESC,'X')",,Location,15L,M,BP,Blend winery location description,,,
BLEND.STATUS.DESC,I,,"SUBR('*GBWIDESC',BLEND.STATUS,WD.TRANSFER,BLEND.TTANK.CHEM,'STATUS')",,Status,15L,M,BP,Blend status description,,,
BLEND.TTANK.CHEM,I,,"TRANS(BLEND.PROP.ARCHIVE,BLEND.PROP.ID,TTANK.CHEM.ID,'X')",,TO Tank,10L,M,BP,Blend proposal TO Tank chemistry Id,,,
BLEND.VOL,I,,"TRANS(BLEND.PROP.ARCHIVE,BLEND.PROP.ID,LITRES,'X');IF COUNT(@1,@SM) THEN SUM(@1)",MD0P,Volume,8R,M,BP,Blend proposal volume,,,
BLEND.WINE.MAKER,I,,"TRANS(BLEND.PROP.ARCHIVE,BLEND.PROP.ID,FINALBY,'X')",,Wine Maker,10L,M,BP,User name who finalised the blend proposal,,,
BULK.EXPORT.CODE,I,,"TRANS(GENERIC.FILE,GENERIC.CODE,BULK.EXPORT,'X')",,BULK EXPORT,1L,S,,Bulk Export Product Code,,,
BULK.EXPORT.DESC,I,,"SUBR('*PZZI211','CTRL.LOC',BULK.EXPORT.CODE,1:@VM:2,'CONTROL','BULK.EXPORT')",,BULK EXPORT,20L,S,,Bulk Export Product Description,,,
CATEGORY,I,,"TRANS(GENERIC.FILE,GENERIC.CODE,CATEGORY,'X')",,CATEGORY,2L,S,,Category,,,
CLASS.DESC.CONV,I,,"CONVERT(@SM,' ',CLASS.DESC)",,Class Description,30T,M,RECORDS,CLASS.DESC with @SM replaced with spaces,,,
DESCRIPTION,I,,"TRANS(GENERIC.FILE,GENERIC.CODE,NAME,'X')",,DESCRIPTION,30L,S,,Wine description,,,
EB.ORG.DESC,I,,"SUBR(SUBR.PENBW:'PBWIDESC',EB.ORG,'','','ORGANIC')",,Organic,10L,M,EB,Organic description,,,
EB.PACK.DESC,I,,"SUBR(SUBR.PENBW:'PBWIDESC',EB.PACK,'','','PACK')",,Pack,5L,M,EB,Pack description,,,
EB.PRICE.RANGE.DESC,I,,"SUBR(SUBR.PENBW:'PBWIDESC',EB.PRICE.RANGE,'','','PRICE.RANGE')",,Price Range,15L,M,EB,Price range description,,,
EB.STYLE.DESC,I,,"TRANS(EXP.WBSTYLE,EB.STYLE,DESC,'X')",,Wine Board Style,25L,M,EB,Wine Board style description,,,
GEN.CODE.BASE.IND,I,,"TRANS(GENERIC.FILE,GENERIC.CODE,BASE.IND,'X')",,GENERIC,1L,S,,Generic file base index,,,
GEN.CODE.DESC,I,,"TRANS(GENERIC.FILE,GENERIC.CODE,NAME,'X')",,GENERIC,30L,S,,Generic code description,,,
GEN.CODE.TRADE.IND,I,,"TRANS(GENERIC.FILE,GENERIC.CODE,TRADE.IND,'X')",,GENERIC,1L,S,,Generic file trade index,,,
GENERIC.CODE,I,,"FIELD(@ID,'*',2)",,GEN,3L,S,,Generic code,,,
GENERIC.CODE.GL,I,,"TRANS(GENERIC.FILE,GENERIC.CODE,'GRADE.LEVEL','X')",,Generic Code,2L,,,Grape Grade Level,,,
JK.LEN,I,,"DCOUNT(@RECORD,@FM)",MD00P,REC. LENGTH,3R,S,,,,,
LITRES,I,,"TRANS(BLEND.PROP.ARCHIVE,BLEND.PROP.ID,'LITRES','X')",,R/Litres,8R,M,BP,Litres removed from tank,,,
MPF,I,,"FIELD(@ID,'*',2)",,MPF,3L,S,,MPF,,,
NON.VINTAGED.PRODUCT,I,,"TRANS(GENERIC.FILE,GENERIC.CODE,'NON.VINTAGED.PRODUCT','X')",,NO,1L,S,,,,,
OBSOLETE,I,,"TRANS(GENERIC.FILE,GENERIC.CODE,OBSOLETE,'X')",,OBSOLETE,1L,S,,Obsolete,,,
P.F.LONG,I,,IF STATUS = 'P' THEN 'PRELIMINARY' ELSE IF STATUS = 'F' THEN 'FINAL' ELSE '',,STATUS,11L,,,Preliminary or final blend,,,
REQ.LITRES,I,,"TRANS(BLEND.PROP.ARCHIVE,BLEND.PROP.ID,'REQ.LITRES','X')",,Req Litres,8R,M,BP,,,,
SAREA,I,,"TRANS(BLEND.PROP.ARCHIVE,BLEND.PROP.ID,'SAREA','X')",,Area,3L,M,BP,Area Summary,,,
SAREA.LITRES,I,,"TRANS(BLEND.PROP.ARCHIVE,BLEND.PROP.ID,'SAREA.LITRES','X')",,Litres,8R,M,BP,Area summary litres,,,
SAREA.PERC,I,,"SUBR('*GWDI910',TOT.LITRES,SAREA.LITRES)",MD10P,,5R,M,BP,Source area percentage,,,
SHOW.DESCRIPTION,I,,"TRANS(SHOW.MASTER,SHOW.CODE,SHOW.DESCRIPTION,'X')",,SHOW DESCRIPTION,30L,M,RECORDS,Show description,,,
SHOWORWD,I,,IF BLEND.NO#'' OR SHOW.YEAR#'' THEN 'Y' ELSE '',,,1L,S,,'Y' If Show or new format wine data are present,,,
SOURCE.DESC,I,,"TRANS(SOURCE,SAREA,'SOURCE.DESC','X')",,Source,15L,M,BP,15 Character Description,,,
SVINT,I,,"TRANS(BLEND.PROP.ARCHIVE,BLEND.PROP.ID,'SVINT','X')",,Vint,4R,M,BP,Vintage summary,,,
SVINT.LITRES,I,,"TRANS(BLEND.PROP.ARCHIVE,BLEND.PROP.ID,'SVINT.LITRES','X')",,Vint,8R,M,BP,Vintage summary litres,,,
SVINT.PERC,I,,"SUBR('*GWDI910',TOT.LITRES,SVINT.LITRES)",MD10P,,5R,M,BP,Vintage percentage,,,
TOT.LITRES,I,,"IF COUNT(LITRES,@SM) THEN SUM(LITRES) ELSE LITRES",MD0PZ,Tot/Ltrs,8R,M,BP,Total Litres of Blend Proposal,,,
TOT.SWA.LITRES,I,,"TRANS(BLEND.PROP.ARCHIVE,BLEND.PROP.ID,'TOT.SWA.LITRES','X')",,,10R,M,BP,Total SWA litres,,,
TOT.SWA.PERC,I,,IF REQ.LITRES THEN TOT.SWA.LITRES/REQ.LITRES*100 ELSE 0,MD10P,,6R,M,BP,,,,
VINTAGE.CODE,I,,"FIELD(@ID,'*',1)",,VINT,4R,S,,Vintage code,,,
VP.USE,I,,"TRANS(GENERIC.FILE,GENERIC.CODE,VP.USE,'X')",,VINTAGE,1L,S,,Vintage Planning Use,,,
WD.GI,I,,"TRANS(BLEND.PROP.ARCHIVE, BLEND.PROP.ID, 'WD.GI','X')",,WD,3L,M,BP,i-type Wine Data GI Summary,,,
WD.GI.DESC,I,,"TRANS(GI.FILE,WD.GI,'GI.SDESC','X')",,GI Description,15L,M,BP,GI Short description,,,
WD.GI.DESC1,I,,"SUBR('*PZZI418',WD.GI.DESC,1)",,GI Desc 1,15L,M,BP,i-type Wine Data GI Description subvalue 1,,,
WD.GI.DESC2,I,,"SUBR('*PZZI418',WD.GI.DESC,2)",,GI Desc 2,15L,M,BP,i-type Wine Data GI Description subvalue 2,,,
WD.GI.DESC3,I,,"SUBR('*PZZI418',WD.GI.DESC,3)",,GI Desc 3,15L,M,BP,i-type Wine Data GI Description subvalue 3,,,
WD.GI.DESC4,I,,"SUBR('*PZZI418',WD.GI.DESC,4)",,GI Desc 4,15L,M,BP,i-type Wine Data GI Description subvalue 4,,,
WD.GI.DESC5,I,,"SUBR('*PZZI418',WD.GI.DESC,5)",,GI Desc 5,15L,M,BP,i-type Wine Data GI Description subvalue 5,,,
WD.GI.LITRES,I,,"TRANS(BLEND.PROP.ARCHIVE, BLEND.PROP.ID, 'WD.GI.LITRES', 'X')",,WD Area,8R,M,BP,I-type Wine Data GI Litres summary,,,
WD.GI1,I,,"SUBR('*PZZI418',WD.GI,1)",,GI 1,3L,M,BP,i-type Wine Data GI subvalue 1,,,
WD.GI2,I,,"SUBR('*PZZI418',WD.GI,2)",,GI 2,3L,M,BP,i-type Wine Data GI subvalue 2,,,
WD.GI3,I,,"SUBR('*PZZI418',WD.GI,3)",,GI 3,3L,M,BP,i-type Wine Data GI subvalue 3,,,
WD.GI4,I,,"SUBR('*PZZI418',WD.GI,4)",,GI 4,3L,M,BP,i-type Wine Data GI subvalue 4,,,
WD.GI5,I,,"SUBR('*PZZI418',WD.GI,5)",,GI 5,3L,M,BP,i-type Wine Data GI subvalue 5,,,
WD.GILTR.PERC,I,,"SUBR('*GWDI910',TOT.LITRES,WD.GI.LITRES)",MD10P,%,5R,M,BP,WD GI % litres of composition,,,
WD.GILTR.PERC1,I,,"SUBR('*PZZI418',WD.GILTR.PERC,1)",MD10P,GI 1 Litre %,5R,M,BP,i-type Wine Data GI Litre Percentage subvalue 1,,,
WD.GILTR.PERC2,I,,"SUBR('*PZZI418',WD.GILTR.PERC,2)",MD10P,GI 2 Litre %,5R,M,BP,i-type Wine Data GI Litre Percentage subvalue 2,,,
WD.GILTR.PERC3,I,,"SUBR('*PZZI418',WD.GILTR.PERC,3)",MD10P,GI 3 Litre %,5R,M,BP,i-type Wine Data GI Litre Percentage subvalue 3,,,
WD.GILTR.PERC4,I,,"SUBR('*PZZI418',WD.GILTR.PERC,4)",MD10P,GI 4 Litre %,5R,M,BP,i-type Wine Data GI Litre Percentage subvalue 4,,,
WD.GILTR.PERC5,I,,"SUBR('*PZZI418',WD.GILTR.PERC,5)",MD10P,GI 5 Litre %,5R,M,BP,i-type Wine Data GI Litre Percentage subvalue 5,,,
WD.TRANSFER,I,,"TRANS(BLEND.PROP.ARCHIVE,BLEND.PROP.ID,WD.TRANSFER,'X')",,WD,1L,M,BP,Blend proposal WD transfer setting,,,
WD.VAR.DESC1,I,,"SUBR('*PZZI418',WD.VARIETY.SDESC,1)",,Variety Desc 1,10L,M,BP,i-type Wine Data Variety Description subvalue 1,,,
WD.VAR.DESC2,I,,"SUBR('*PZZI418',WD.VARIETY.SDESC,2)",,Variety Desc 2,10L,M,BP,i-type Wine Data Variety Description subvalue 2,,,
WD.VAR.DESC3,I,,"SUBR('*PZZI418',WD.VARIETY.SDESC,3)",,Variety Desc 3,10L,M,BP,i-type Wine Data Variety Description subvalue 3,,,
WD.VAR.DESC4,I,,"SUBR('*PZZI418',WD.VARIETY.SDESC,4)",,Variety Desc 4,10L,M,BP,i-type Wine Data Variety Description subvalue 4,,,
WD.VAR.DESC5,I,,"SUBR('*PZZI418',WD.VARIETY.SDESC,5)",,Variety Desc 5,10L,M,BP,i-type Wine Data Variety Description subvalue 5,,,
WD.VAR.LITRES,I,,"TRANS(BLEND.PROP.ARCHIVE,BLEND.PROP.ID,'WD.VAR.LITRES','X')",,WD Var,8R,M,BP,Wine Data Variety litres summary,,,
WD.VAR.SDESC,I,,"TRANS(MVARIETY,WD.VARIETY,VARIETY.SDESC,'X')",,Variety Description,10L,M,BP,Grape Variety Description,,,
WD.VAR1,I,,"SUBR('*PZZI418',WD.VARIETY,1)",,Variety 1,3L,M,BP,i-type Wine Data Variety subvalue 1,,,
WD.VAR2,I,,"SUBR('*PZZI418',WD.VARIETY,2)",,Variety 2,3L,M,BP,i-type Wine Data Variety subvalue 2,,,
WD.VAR3,I,,"SUBR('*PZZI418',WD.VARIETY,3)",,Variety 3,3L,M,BP,i-type Wine Data Variety subvalue 3,,,
WD.VAR4,I,,"SUBR('*PZZI418',WD.VARIETY,4)",,Variety 4,3L,M,BP,i-type Wine Data Variety subvalue 4,,,
WD.VAR5,I,,"SUBR('*PZZI418',WD.VARIETY,5)",,Variety 5,3L,M,BP,i-type Wine Data Variety subvalue 5,,,
WD.VARIETY,I,,"TRANS(BLEND.PROP.ARCHIVE,BLEND.PROP.ID,WD.VARIETY,'X')",,Grape Variety,3L,M,BP,Grape Variety,,,
WD.VARIETY.DESC,I,,"TRANS(MVARIETY,WD.VARIETY,VARDESCP,'X')",,Grape Variety Description,3T,M,BP,Grape Variety Description,,,
WD.VARIETY.SDESC,I,,"TRANS(MVARIETY,WD.VARIETY,VARIETY.SDESC,'X')",,Grape Variety Description,10L,M,BP,Grape Variety Description,,,
WD.VARLTR.PERC,I,,"SUBR('*GWDI910',TOT.LITRES,WD.VAR.LITRES)",MD10P,Variety Litre %,5R,M,BP,WD Variety % litres of composition,,,
WD.VARLTR.PERC1,I,,"SUBR('*PZZI418',WD.VARLTR.PERC,1)",MD10P,Variety Litre 1 %,5R,M,BP,i-type Wine Data Variety Litre Percentage subvalue 1,,,
WD.VARLTR.PERC2,I,,"SUBR('*PZZI418',WD.VARLTR.PERC,2)",MD10P,Variety Litre 2 %,5R,M,BP,i-type Wine Data Variety Litre Percentage subvalue 2,,,
WD.VARLTR.PERC3,I,,"SUBR('*PZZI418',WD.VARLTR.PERC,3)",MD10P,Variety Litre 3 %,5R,M,BP,i-type Wine Data Variety Litre Percentage subvalue 3,,,
WD.VARLTR.PERC4,I,,"SUBR('*PZZI418',WD.VARLTR.PERC,4)",MD10P,Variety Litre 4 %,5R,M,BP,i-type Wine Data Variety Litre Percentage subvalue 4,,,
WD.VARLTR.PERC5,I,,"SUBR('*PZZI418',WD.VARLTR.PERC,5)",MD10P,Variety Litre 5 %,5R,M,BP,i-type Wine Data Variety Litre Percentage subvalue 5,,,
WDADD.DESC,I,,"TRANS(BLEND.PROP.ARCHIVE, BLEND.PROP.ID, 'WDADD.DESC', 'X')",,WD applicable,30L,M,BP,From Tanks applicable additive and Lot code descriptions,,,
WDADD.MGL,I,,"TRANS(BLEND.PROP.ARCHIVE,BLEND.PROP.ID,'WDADD.MGL','X')",MD40P,mg/L,10R,M,BP,From Tanks applicable additive mg/L,,,
WDBLK,I,,"TRANS(BLEND.PROP.ARCHIVE,BLEND.PROP.ID,'WDBLK','X')",,Block,5L,M,BP,Block code,,,
WDBLK.ACCT,I,,"TRANS(BLEND.PROP.ARCHIVE,BLEND.PROP.ID,'WDBLK.ACCT','X')",,Account,6L,M,BP,Block account (eg grower) code,,,
WDBLK.ACCT.NAME,I,,"TRANS(MGROWER,WDBLK.ACCT,NAME,'X')",,Grower Name,30L,M,BP,Block Grower Name,,,
WDBLK.LITRES,I,,"TRANS(BLEND.PROP.ARCHIVE,BLEND.PROP.ID,'WDBLK.LITRES','X')",MD0P,Block,10R,M,BP,Litres the Block contributed to the blend,,,
WDBLK.PERC,I,,"SUBR('*WDBLK.PERC',WDBLK.LITRES,TOT.LITRES)",,%,6R,M,BP,Percentage that the block contributed to the blend,,,
WDLABEL.ALCOHOL,I,,"SUBR('*GWDI909R',BLEND.PROP.ID)",MD20P,Label,6R,M,BP,Retrieve label alcohol over each region if valid to do so.,,,
WDMAT.MTHS,I,,"TRANS(BLEND.PROP.ARCHIVE,BLEND.PROP.ID,'WDMAT.MTHS','X')",,Mths,2R,M,BP,Maturation months,,,
WDMAT.PERC,I,,"TRANS(BLEND.PROP.ARCHIVE,BLEND.PROP.ID,'WDMAT.PERC','X')",MD10P,%,6R,M,BP,Maturation type percentage,,,
WDMAT.TYPE,I,,"TRANS(BLEND.PROP.ARCHIVE,BLEND.PROP.ID,'WDMAT.TYPE','X')",,Maturation type,20L,M,BP,Maturation type,,,
WDMAT.YRS,I,,"TRANS(BLEND.PROP.ARCHIVE,BLEND.PROP.ID,'WDMAT.YRS','X')",,Years,3R,M,BP,Maturation years,,,
WDPERC.AT,I,,"TRANS(BLEND.PROP.ARCHIVE,BLEND.PROP.ID,'WDPERC.AT','X')",MD10P,%,6R,M,BP,WD Vintaged at winery percentage of wine,,,
WDREGION,I,,"TRANS(BLEND.PROP.ARCHIVE, BLEND.PROP.ID, 'WDREGION', 'X')",,Region,10L,M,BP,The region as held on the label alcohol rules record,,,
WDVINT.AT,I,,"TRANS(BLEND.PROP.ARCHIVE,BLEND.PROP.ID,'WDVINT.AT','X')",,Vint,2L,M,BP,WD Vintaged at winery,,,
WDVINT.AT.DESC,I,,"TRANS(WINERY.LOCATION,WDVINT.AT,DESC,'X')",,Vintaged at Winery,30L,M,BP,Vintaged at Winery description,,,
WINE.COMMENTS,I,,"TRANS(BLEND.PROP.ARCHIVE,BLEND.PROP.ID,'WINE.COMMENTS','X')",,Winemaker comments,105L,M,BP,Winemaker comments,,,
WINE.COMMENTS.NEW,I,,"TRANS(BLEND.PROP.ARCHIVE,BLEND.PROP.ID,'WINE.COMMENTS','X');SUBR('*GWDBCMNTS',@1)",,Winemaker comments,105L,M,BP,Winemaker comments,,,
WINEMAKER.NAME,I,,"TRANS(DEF.SYS.USERS,UPCASE(BLEND.WINE.MAKER),NAME,'X')",,Wine Maker,30L,M,BP,Wine maker name,,,
WINETYPE,I,,"TRANS(GENERIC.FILE,GENERIC.CODE,WINETYPE,'X')",,WINE TYPE,1L,S,,Wine Type,,,
@ENTRO,PH,,@ID VINTAGE DESCRIPTION GRAPE.VAR GRAPE.% VINEYARD VINEYARD.% CLASS YEAR SHOW MEDAL,,,,,,FOR ENTRO DEFAULT FIELD LIST CREATED 14:23:05 09 JUN 1989,,,
ANAL,PH,,ANAL.TYPE ANAL.READ,,,,,,,,,
JK.SHOW,PH,,SHOW.CODE SHOW.YEAR SHOW.CLASS AWARD.CODE,,,,,,,,,
MAT,PH,,MAT.VESSEL MAT.YEARS MAT.MTHS MAT.TYPE,,,,,,,,,
PACK,PH,,PACK.TYPE PACK.DETAILS,,,,,,,,,
RECORDS,PH,,CLASS YEAR SHOW MEDAL TROPHY,,,,,,,,,
RECORDS1,PH,,SHOW.CODE SHOW.YEAR SHOW.CLASS AWARD.CODE,,,,,,,,,
VINT,PH,,VINT.LOC VINT.PCT,,,,,,,,,
DEFINE.NEXT.ATTR,X,,56,,,,,,,,,
